short,name,material,region,mat_flag,wavelength_um,tau_fs,F0_jcm2,beam_radius_a_um,beam_radius_b_um,beam_radius_definition,fluence_basis,reference_I0_wcm2,I0_wcm2,n0,n2_m2_per_w,Eg_eV,mred_over_me,reduced_mass_definition,kappa_recorded_not_used,transmission_factor,reference_file,diagnostic_only,parameter_status,dataset,point_index,I_wcm2,gamma_ti_sapphire_reference,Wpi_peak_cm3_fs,Wav_peak_cm3_fs,Wtotal_peak_cm3_fs,ne_max_cm3
TiSapphire_NIR,"Ti:Sapphire, 0.8 $\mu$m",Ti:Sapphire (Ti3+:Al2O3),NIR,1,0.8,100.0,0.61,162.1,152.4,1/e^2 intensity radius,surface incident,,5730567400067.873,1.76,,8.8,1.0,electron-hole reduced effective mass,0.0,0.9241755933627389,../input_parameters/TiSapphire_Keldysh_Parameter.docx,True,"Diagnostic host-material Keldysh reference with temporary mred = 1.0 m0. Supply Ti concentration, inversion, orientation, polarization, and a band-specific electron-hole reduced effective mass for a material-specific simulation.",component_scaling,0,10000000000.0,113.8366933233198,1.627504046329039e-05,1.3078488373881433e-31,1.627504046329039e-05,0.0007075593376963745
TiSapphire_NIR,"Ti:Sapphire, 0.8 $\mu$m",Ti:Sapphire (Ti3+:Al2O3),NIR,1,0.8,100.0,0.61,162.1,152.4,1/e^2 intensity radius,surface incident,,5730567400067.873,1.76,,8.8,1.0,electron-hole reduced effective mass,0.0,0.9241755933627389,../input_parameters/TiSapphire_Keldysh_Parameter.docx,True,"Diagnostic host-material Keldysh reference with temporary mred = 1.0 m0. Supply Ti concentration, inversion, orientation, polarization, and a band-specific electron-hole reduced effective mass for a material-specific simulation.",component_scaling,1,12648552168.552958,101.21895841061584,6.66432722818447e-05,2.7737552161739373e-30,6.66432722818447e-05,0.002897329535381381
TiSapphire_NIR,"Ti:Sapphire, 0.8 $\mu$m",Ti:Sapphire (Ti3+:Al2O3),NIR,1,0.8,100.0,0.61,162.1,152.4,1/e^2 intensity radius,surface incident,,5730567400067.873,1.76,,8.8,1.0,electron-hole reduced effective mass,0.0,0.9241755933627389,../input_parameters/TiSapphire_Keldysh_Parameter.docx,True,"Diagnostic host-material Keldysh reference with temporary mred = 1.0 m0. Supply Ti concentration, inversion, orientation, polarization, and a band-specific electron-hole reduced effective mass for a material-specific simulation.",component_scaling,2,15998587196.060574,89.99978164010146,0.000272890064852747,5.882655354261642e-29,0.000272890064852747,0.011863977238111965
TiSapphire_NIR,"Ti:Sapphire, 0.8 $\mu$m",Ti:Sapphire (Ti3+:Al2O3),NIR,1,0.8,100.0,0.61,162.1,152.4,1/e^2 intensity radius,surface incident,,5730567400067.873,1.76,,8.8,1.0,electron-hole reduced effective mass,0.0,0.9241755933627389,../input_parameters/TiSapphire_Keldysh_Parameter.docx,True,"Diagnostic host-material Keldysh reference with temporary mred = 1.0 m0. Supply Ti concentration, inversion, orientation, polarization, and a band-specific electron-hole reduced effective mass for a material-specific simulation.",component_scaling,3,20235896477.251556,80.02414589573984,0.001117417738073165,1.2475902239164664e-27,0.001117417738073165,0.048580212105214196
TiSapphire_NIR,"Ti:Sapphire, 0.8 $\mu$m",Ti:Sapphire (Ti3+:Al2O3),NIR,1,0.8,100.0,0.61,162.1,152.4,1/e^2 intensity radius,surface incident,,5730567400067.873,1.76,,8.8,1.0,electron-hole reduced effective mass,0.0,0.9241755933627389,../input_parameters/TiSapphire_Keldysh_Parameter.docx,True,"Diagnostic host-material Keldysh reference with temporary mred = 1.0 m0. Supply Ti concentration, inversion, orientation, polarization, and a band-specific electron-hole reduced effective mass for a material-specific simulation.",component_scaling,4,25595479226.99533,71.15421626188999,0.0045755033222346295,2.64583053317827e-26,0.0045755033222346295,0.19892268903986446
TiSapphire_NIR,"Ti:Sapphire, 0.8 $\mu$m",Ti:Sapphire (Ti3+:Al2O3),NIR,1,0.8,100.0,0.61,162.1,152.4,1/e^2 intensity radius,surface incident,,5730567400067.873,1.76,,8.8,1.0,electron-hole reduced effective mass,0.0,0.9241755933627389,../input_parameters/TiSapphire_Keldysh_Parameter.docx,True,"Diagnostic host-material Keldysh reference with temporary mred = 1.0 m0. Supply Ti concentration, inversion, orientation, polarization, and a band-specific electron-hole reduced effective mass for a material-specific simulation.",component_scaling,5,32374575428.1764,63.26743553677013,0.018735119431516237,5.610391332241533e-25,0.018735119431516237,0.8144817324076731
TiSapphire_NIR,"Ti:Sapphire, 0.8 $\mu$m",Ti:Sapphire (Ti3+:Al2O3),NIR,1,0.8,100.0,0.61,162.1,152.4,1/e^2 intensity radius,surface incident,,5730567400067.873,1.76,,8.8,1.0,electron-hole reduced effective mass,0.0,0.9241755933627389,../input_parameters/TiSapphire_Keldysh_Parameter.docx,True,"Diagnostic host-material Keldysh reference with temporary mred = 1.0 m0. Supply Ti concentration, inversion, orientation, polarization, and a band-specific electron-hole reduced effective mass for a material-specific simulation.",component_scaling,6,40949150623.80419,56.25483084047736,0.07671261977791716,1.1899037042574616e-23,0.07671261977791716,3.335178564884227
TiSapphire_NIR,"Ti:Sapphire, 0.8 $\mu$m",Ti:Sapphire (Ti3+:Al2O3),NIR,1,0.8,100.0,0.61,162.1,152.4,1/e^2 intensity radius,surface incident,,5730567400067.873,1.76,,8.8,1.0,electron-hole reduced effective mass,0.0,0.9241755933627389,../input_parameters/TiSapphire_Keldysh_Parameter.docx,True,"Diagnostic host-material Keldysh reference with temporary mred = 1.0 m0. Supply Ti concentration, inversion, orientation, polarization, and a band-specific electron-hole reduced effective mass for a material-specific simulation.",component_scaling,7,51794746792.31202,50.01950791970222,0.31410004315714357,2.523227604234376e-22,0.31410004315714357,13.655943187470184
TiSapphire_NIR,"Ti:Sapphire, 0.8 $\mu$m",Ti:Sapphire (Ti3+:Al2O3),NIR,1,0.8,100.0,0.61,162.1,152.4,1/e^2 intensity radius,surface incident,,5730567400067.873,1.76,,8.8,1.0,electron-hole reduced effective mass,0.0,0.9241755933627389,../input_parameters/TiSapphire_Keldysh_Parameter.docx,True,"Diagnostic host-material Keldysh reference with temporary mred = 1.0 m0. Supply Ti concentration, inversion, orientation, polarization, and a band-specific electron-hole reduced effective mass for a material-specific simulation.",component_scaling,8,65512855685.954956,44.47531234471173,1.2860491698828678,5.3605801816089944e-21,1.2860491698828678,55.99852041171338
TiSapphire_NIR,"Ti:Sapphire, 0.8 $\mu$m",Ti:Sapphire (Ti3+:Al2O3),NIR,1,0.8,100.0,0.61,162.1,152.4,1/e^2 intensity radius,surface incident,,5730567400067.873,1.76,,8.8,1.0,electron-hole reduced effective mass,0.0,0.9241755933627389,../input_parameters/TiSapphire_Keldysh_Parameter.docx,True,"Diagnostic host-material Keldysh reference with temporary mred = 1.0 m0. Supply Ti concentration, inversion, orientation, polarization, and a band-specific electron-hole reduced effective mass for a material-specific simulation.",component_scaling,9,82864277285.4686,39.54563910015049,5.265413194371729,1.1366121432825032e-19,5.265413194371729,229.2757601373509
TiSapphire_NIR,"Ti:Sapphire, 0.8 $\mu$m",Ti:Sapphire (Ti3+:Al2O3),NIR,1,0.8,100.0,0.61,162.1,152.4,1/e^2 intensity radius,surface incident,,5730567400067.873,1.76,,8.8,1.0,electron-hole reduced effective mass,0.0,0.9241755933627389,../input_parameters/TiSapphire_Keldysh_Parameter.docx,True,"Diagnostic host-material Keldysh reference with temporary mred = 1.0 m0. Supply Ti concentration, inversion, orientation, polarization, and a band-specific electron-hole reduced effective mass for a material-specific simulation.",component_scaling,10,104811313415.46873,35.162374121590695,21.557020335854208,2.409774599209464e-18,21.557020335854208,938.687440167578
TiSapphire_NIR,"Ti:Sapphire, 0.8 $\mu$m",Ti:Sapphire (Ti3+:Al2O3),NIR,1,0.8,100.0,0.61,162.1,152.4,1/e^2 intensity radius,surface incident,,5730567400067.873,1.76,,8.8,1.0,electron-hole reduced effective mass,0.0,0.9241755933627389,../input_parameters/TiSapphire_Keldysh_Parameter.docx,True,"Diagnostic host-material Keldysh reference with temporary mred = 1.0 m0. Supply Ti concentration, inversion, orientation, polarization, and a band-specific electron-hole reduced effective mass for a material-specific simulation.",component_scaling,11,132571136559.0111,31.264953152875094,88.25136400714233,5.1085025211738326e-17,88.25136400714233,3842.9222312334164
TiSapphire_NIR,"Ti:Sapphire, 0.8 $\mu$m",Ti:Sapphire (Ti3+:Al2O3),NIR,1,0.8,100.0,0.61,162.1,152.4,1/e^2 intensity radius,surface incident,,5730567400067.873,1.76,,8.8,1.0,electron-hole reduced effective mass,0.0,0.9241755933627389,../input_parameters/TiSapphire_Keldysh_Parameter.docx,True,"Diagnostic host-material Keldysh reference with temporary mred = 1.0 m0. Supply Ti concentration, inversion, orientation, polarization, and a band-specific electron-hole reduced effective mass for a material-specific simulation.",component_scaling,12,167683293681.101,27.79952492033987,361.2636233737839,1.0793075227231554e-15,361.2636233737839,15707.732004402458
TiSapphire_NIR,"Ti:Sapphire, 0.8 $\mu$m",Ti:Sapphire (Ti3+:Al2O3),NIR,1,0.8,100.0,0.61,162.1,152.4,1/e^2 intensity radius,surface incident,,5730567400067.873,1.76,,8.8,1.0,electron-hole reduced effective mass,0.0,0.9241755933627389,../input_parameters/TiSapphire_Keldysh_Parameter.docx,True,"Diagnostic host-material Keldysh reference with temporary mred = 1.0 m0. Supply Ti concentration, inversion, orientation, polarization, and a band-specific electron-hole reduced effective mass for a material-specific simulation.",component_scaling,13,212095088792.01926,24.71820706136355,1478.7308479822354,2.287365990992791e-14,1478.7308479822354,64297.033701334556
TiSapphire_NIR,"Ti:Sapphire, 0.8 $\mu$m",Ti:Sapphire (Ti3+:Al2O3),NIR,1,0.8,100.0,0.61,162.1,152.4,1/e^2 intensity radius,surface incident,,5730567400067.873,1.76,,8.8,1.0,electron-hole reduced effective mass,0.0,0.9241755933627389,../input_parameters/TiSapphire_Keldysh_Parameter.docx,True,"Diagnostic host-material Keldysh reference with temporary mred = 1.0 m0. Supply Ti concentration, inversion, orientation, polarization, and a band-specific electron-hole reduced effective mass for a material-specific simulation.",component_scaling,14,268269579527.97272,21.978424526291256,6052.097534169207,4.846599915376859e-13,6052.097534169207,263162.8027116395
TiSapphire_NIR,"Ti:Sapphire, 0.8 $\mu$m",Ti:Sapphire (Ti3+:Al2O3),NIR,1,0.8,100.0,0.61,162.1,152.4,1/e^2 intensity radius,surface incident,,5730567400067.873,1.76,,8.8,1.0,electron-hole reduced effective mass,0.0,0.9241755933627389,../input_parameters/TiSapphire_Keldysh_Parameter.docx,True,"Diagnostic host-material Keldysh reference with temporary mred = 1.0 m0. Supply Ti concentration, inversion, orientation, polarization, and a band-specific electron-hole reduced effective mass for a material-specific simulation.",component_scaling,15,339322177189.53296,19.542321312330408,24766.32564404904,1.0266550006536825e-11,24766.325644049044,1076965.4533990144
TiSapphire_NIR,"Ti:Sapphire, 0.8 $\mu$m",Ti:Sapphire (Ti3+:Al2O3),NIR,1,0.8,100.0,0.61,162.1,152.4,1/e^2 intensity radius,surface incident,,5730567400067.873,1.76,,8.8,1.0,electron-hole reduced effective mass,0.0,0.9241755933627389,../input_parameters/TiSapphire_Keldysh_Parameter.docx,True,"Diagnostic host-material Keldysh reference with temporary mred = 1.0 m0. Supply Ti concentration, inversion, orientation, polarization, and a band-specific electron-hole reduced effective mass for a material-specific simulation.",component_scaling,16,429193426012.8778,17.376237401253228,101330.3383599804,2.1740329195472484e-10,101330.33835998048,4406636.325609358
TiSapphire_NIR,"Ti:Sapphire, 0.8 $\mu$m",Ti:Sapphire (Ti3+:Al2O3),NIR,1,0.8,100.0,0.61,162.1,152.4,1/e^2 intensity radius,surface incident,,5730567400067.873,1.76,,8.8,1.0,electron-hole reduced effective mass,0.0,0.9241755933627389,../input_parameters/TiSapphire_Keldysh_Parameter.docx,True,"Diagnostic host-material Keldysh reference with temporary mred = 1.0 m0. Supply Ti concentration, inversion, orientation, polarization, and a band-specific electron-hole reduced effective mass for a material-specific simulation.",component_scaling,17,542867543932.3859,15.450243673672672,414494.1142254456,4.601738961663556e-09,414494.1142254473,18026904.698200542
TiSapphire_NIR,"Ti:Sapphire, 0.8 $\mu$m",Ti:Sapphire (Ti3+:Al2O3),NIR,1,0.8,100.0,0.61,162.1,152.4,1/e^2 intensity radius,surface incident,,5730567400067.873,1.76,,8.8,1.0,electron-hole reduced effective mass,0.0,0.9241755933627389,../input_parameters/TiSapphire_Keldysh_Parameter.docx,True,"Diagnostic host-material Keldysh reference with temporary mred = 1.0 m0. Supply Ti concentration, inversion, orientation, polarization, and a band-specific electron-hole reduced effective mass for a material-specific simulation.",component_scaling,18,686648845004.2998,13.737728373729857,1695004.4264207776,9.735110851076581e-08,1695004.4264208127,73725617.81829774
TiSapphire_NIR,"Ti:Sapphire, 0.8 $\mu$m",Ti:Sapphire (Ti3+:Al2O3),NIR,1,0.8,100.0,0.61,162.1,152.4,1/e^2 intensity radius,surface incident,,5730567400067.873,1.76,,8.8,1.0,electron-hole reduced effective mass,0.0,0.9241755933627389,../input_parameters/TiSapphire_Keldysh_Parameter.docx,True,"Diagnostic host-material Keldysh reference with temporary mred = 1.0 m0. Supply Ti concentration, inversion, orientation, polarization, and a band-specific electron-hole reduced effective mass for a material-specific simulation.",component_scaling,19,868511373751.352,12.21502941031095,6928887.967103612,2.0580663176156544e-06,6928887.967104358,301416942.46872604
TiSapphire_NIR,"Ti:Sapphire, 0.8 $\mu$m",Ti:Sapphire (Ti3+:Al2O3),NIR,1,0.8,100.0,0.61,162.1,152.4,1/e^2 intensity radius,surface incident,,5730567400067.873,1.76,,8.8,1.0,electron-hole reduced effective mass,0.0,0.9241755933627389,../input_parameters/TiSapphire_Keldysh_Parameter.docx,True,"Diagnostic host-material Keldysh reference with temporary mred = 1.0 m0. Supply Ti concentration, inversion, orientation, polarization, and a band-specific electron-hole reduced effective mass for a material-specific simulation.",component_scaling,20,1098541141987.5573,10.861107414242104,28310519.15056826,4.347000841804595e-05,28310519.15058401,1231759327.9655187
TiSapphire_NIR,"Ti:Sapphire, 0.8 $\mu$m",Ti:Sapphire (Ti3+:Al2O3),NIR,1,0.8,100.0,0.61,162.1,152.4,1/e^2 intensity radius,surface incident,,5730567400067.873,1.76,,8.8,1.0,electron-hole reduced effective mass,0.0,0.9241755933627389,../input_parameters/TiSapphire_Keldysh_Parameter.docx,True,"Diagnostic host-material Keldysh reference with temporary mred = 1.0 m0. Supply Ti concentration, inversion, orientation, polarization, and a band-specific electron-hole reduced effective mass for a material-specific simulation.",component_scaling,21,1389495494373.136,9.657255034042679,115601967.27949202,0.0009171073548861336,115601967.2798243,5030810942.599981
TiSapphire_NIR,"Ti:Sapphire, 0.8 $\mu$m",Ti:Sapphire (Ti3+:Al2O3),NIR,1,0.8,100.0,0.61,162.1,152.4,1/e^2 intensity radius,surface incident,,5730567400067.873,1.76,,8.8,1.0,electron-hole reduced effective mass,0.0,0.9241755933627389,../input_parameters/TiSapphire_Keldysh_Parameter.docx,True,"Diagnostic host-material Keldysh reference with temporary mred = 1.0 m0. Supply Ti concentration, inversion, orientation, polarization, and a band-specific electron-hole reduced effective mass for a material-specific simulation.",component_scaling,22,1757510624854.7966,8.586838453530792,471668573.9224207,0.019319911041549155,471668573.9294211,20532055525.866493
TiSapphire_NIR,"Ti:Sapphire, 0.8 $\mu$m",Ti:Sapphire (Ti3+:Al2O3),NIR,1,0.8,100.0,0.61,162.1,152.4,1/e^2 intensity radius,surface incident,,5730567400067.873,1.76,,8.8,1.0,electron-hole reduced effective mass,0.0,0.9241755933627389,../input_parameters/TiSapphire_Keldysh_Parameter.docx,True,"Diagnostic host-material Keldysh reference with temporary mred = 1.0 m0. Supply Ti concentration, inversion, orientation, polarization, and a band-specific electron-hole reduced effective mass for a material-specific simulation.",component_scaling,23,2222996482526.191,7.635067559789735,1922462380.7045531,0.40620928301811515,1922462380.851759,83716969376.8058
TiSapphire_NIR,"Ti:Sapphire, 0.8 $\mu$m",Ti:Sapphire (Ti3+:Al2O3),NIR,1,0.8,100.0,0.61,162.1,152.4,1/e^2 intensity radius,surface incident,,5730567400067.873,1.76,,8.8,1.0,electron-hole reduced effective mass,0.0,0.9241755933627389,../input_parameters/TiSapphire_Keldysh_Parameter.docx,True,"Diagnostic host-material Keldysh reference with temporary mred = 1.0 m0. Supply Ti concentration, inversion, orientation, polarization, and a band-specific electron-hole reduced effective mass for a material-specific simulation.",component_scaling,24,2811768697974.237,6.78879158586983,7825019821.102696,8.519055041011322,7825019824.190384,340919719728.8089
TiSapphire_NIR,"Ti:Sapphire, 0.8 $\mu$m",Ti:Sapphire (Ti3+:Al2O3),NIR,1,0.8,100.0,0.61,162.1,152.4,1/e^2 intensity radius,surface incident,,5730567400067.873,1.76,,8.8,1.0,electron-hole reduced effective mass,0.0,0.9241755933627389,../input_parameters/TiSapphire_Keldysh_Parameter.docx,True,"Diagnostic host-material Keldysh reference with temporary mred = 1.0 m0. Supply Ti concentration, inversion, orientation, polarization, and a band-specific electron-hole reduced effective mass for a material-specific simulation.",component_scaling,25,3556480306223.121,6.0363174045897265,31792350122.62025,178.0607183399428,31792350187.17066,1386024351613.0413
TiSapphire_NIR,"Ti:Sapphire, 0.8 $\mu$m",Ti:Sapphire (Ti3+:Al2O3),NIR,1,0.8,100.0,0.61,162.1,152.4,1/e^2 intensity radius,surface incident,,5730567400067.873,1.76,,8.8,1.0,electron-hole reduced effective mass,0.0,0.9241755933627389,../input_parameters/TiSapphire_Keldysh_Parameter.docx,True,"Diagnostic host-material Keldysh reference with temporary mred = 1.0 m0. Supply Ti concentration, inversion, orientation, polarization, and a band-specific electron-hole reduced effective mass for a material-specific simulation.",component_scaling,26,4498432668969.453,5.36724796277335,128851523078.46378,3704.8428152796146,128851524421.91074,5622375148713.9795
TiSapphire_NIR,"Ti:Sapphire, 0.8 $\mu$m",Ti:Sapphire (Ti3+:Al2O3),NIR,1,0.8,100.0,0.61,162.1,152.4,1/e^2 intensity radius,surface incident,,5730567400067.873,1.76,,8.8,1.0,electron-hole reduced effective mass,0.0,0.9241755933627389,../input_parameters/TiSapphire_Keldysh_Parameter.docx,True,"Diagnostic host-material Keldysh reference with temporary mred = 1.0 m0. Supply Ti concentration, inversion, orientation, polarization, and a band-specific electron-hole reduced effective mass for a material-specific simulation.",component_scaling,27,5689866029018.305,4.772338623544051,520445253760.44476,76604.35706833274,520445281549.2018,22737131681941.516
TiSapphire_NIR,"Ti:Sapphire, 0.8 $\mu$m",Ti:Sapphire (Ti3+:Al2O3),NIR,1,0.8,100.0,0.61,162.1,152.4,1/e^2 intensity radius,surface incident,,5730567400067.873,1.76,,8.8,1.0,electron-hole reduced effective mass,0.0,0.9241755933627389,../input_parameters/TiSapphire_Keldysh_Parameter.docx,True,"Diagnostic host-material Keldysh reference with temporary mred = 1.0 m0. Supply Ti concentration, inversion, orientation, polarization, and a band-specific electron-hole reduced effective mass for a material-specific simulation.",component_scaling,28,7196856730011.528,4.243369431734243,2091931893422.555,1569968.4732188804,2091932463245.2837,91552023603564.11
TiSapphire_NIR,"Ti:Sapphire, 0.8 $\mu$m",Ti:Sapphire (Ti3+:Al2O3),NIR,1,0.8,100.0,0.61,162.1,152.4,1/e^2 intensity radius,surface incident,,5730567400067.873,1.76,,8.8,1.0,electron-hole reduced effective mass,0.0,0.9241755933627389,../input_parameters/TiSapphire_Keldysh_Parameter.docx,True,"Diagnostic host-material Keldysh reference with temporary mred = 1.0 m0. Supply Ti concentration, inversion, orientation, polarization, and a band-specific electron-hole reduced effective mass for a material-specific simulation.",component_scaling,29,9102981779915.227,3.7730315374823045,8347928980795.612,31759428.175786197,8347940517021.381,366299731486388.25
TiSapphire_NIR,"Ti:Sapphire, 0.8 $\mu$m",Ti:Sapphire (Ti3+:Al2O3),NIR,1,0.8,100.0,0.61,162.1,152.4,1/e^2 intensity radius,surface incident,,5730567400067.873,1.76,,8.8,1.0,electron-hole reduced effective mass,0.0,0.9241755933627389,../input_parameters/TiSapphire_Keldysh_Parameter.docx,True,"Diagnostic host-material Keldysh reference with temporary mred = 1.0 m0. Supply Ti concentration, inversion, orientation, polarization, and a band-specific electron-hole reduced effective mass for a material-specific simulation.",component_scaling,30,11513953993264.48,3.3548262087135785,32935178909005.7,629622332.5615033,32935407889880.055,1451217521863057.2
TiSapphire_NIR,"Ti:Sapphire, 0.8 $\mu$m",Ti:Sapphire (Ti3+:Al2O3),NIR,1,0.8,100.0,0.61,162.1,152.4,1/e^2 intensity radius,surface incident,,5730567400067.873,1.76,,8.8,1.0,electron-hole reduced effective mass,0.0,0.9241755933627389,../input_parameters/TiSapphire_Keldysh_Parameter.docx,True,"Diagnostic host-material Keldysh reference with temporary mred = 1.0 m0. Supply Ti concentration, inversion, orientation, polarization, and a band-specific electron-hole reduced effective mass for a material-specific simulation.",component_scaling,31,14563484775012.443,2.982975037145262,127424178352298.97,12066610178.455618,127428575547481.62,5656019222629434.0
TiSapphire_NIR,"Ti:Sapphire, 0.8 $\mu$m",Ti:Sapphire (Ti3+:Al2O3),NIR,1,0.8,100.0,0.61,162.1,152.4,1/e^2 intensity radius,surface incident,,5730567400067.873,1.76,,8.8,1.0,electron-hole reduced effective mass,0.0,0.9241755933627389,../input_parameters/TiSapphire_Keldysh_Parameter.docx,True,"Diagnostic host-material Keldysh reference with temporary mred = 1.0 m0. Supply Ti concentration, inversion, orientation, polarization, and a band-specific electron-hole reduced effective mass for a material-specific simulation.",component_scaling,32,18420699693267.164,2.652340097117521,474524872146362.6,217042589159.33655,474604227290827.3,2.1380661484898796e+16
TiSapphire_NIR,"Ti:Sapphire, 0.8 $\mu$m",Ti:Sapphire (Ti3+:Al2O3),NIR,1,0.8,100.0,0.61,162.1,152.4,1/e^2 intensity radius,surface incident,,5730567400067.873,1.76,,8.8,1.0,electron-hole reduced effective mass,0.0,0.9241755933627389,../input_parameters/TiSapphire_Keldysh_Parameter.docx,True,"Diagnostic host-material Keldysh reference with temporary mred = 1.0 m0. Supply Ti concentration, inversion, orientation, polarization, and a band-specific electron-hole reduced effective mass for a material-specific simulation.",component_scaling,33,23299518105153.72,2.358352954072945,1605514690339159.8,3366193231116.5234,1606754513534280.5,7.53504629490117e+16
TiSapphire_NIR,"Ti:Sapphire, 0.8 $\mu$m",Ti:Sapphire (Ti3+:Al2O3),NIR,1,0.8,100.0,0.61,162.1,152.4,1/e^2 intensity radius,surface incident,,5730567400067.873,1.76,,8.8,1.0,electron-hole reduced effective mass,0.0,0.9241755933627389,../input_parameters/TiSapphire_Keldysh_Parameter.docx,True,"Diagnostic host-material Keldysh reference with temporary mred = 1.0 m0. Supply Ti concentration, inversion, orientation, polarization, and a band-specific electron-hole reduced effective mass for a material-specific simulation.",component_scaling,34,29470517025518.098,2.0969515417834255,3267896402949280.5,27546671172057.88,3284938779983939.5,1.9687471027323216e+17
TiSapphire_NIR,"Ti:Sapphire, 0.8 $\mu$m",Ti:Sapphire (Ti3+:Al2O3),NIR,1,0.8,100.0,0.61,162.1,152.4,1/e^2 intensity radius,surface incident,,5730567400067.873,1.76,,8.8,1.0,electron-hole reduced effective mass,0.0,0.9241755933627389,../input_parameters/TiSapphire_Keldysh_Parameter.docx,True,"Diagnostic host-material Keldysh reference with temporary mred = 1.0 m0. Supply Ti concentration, inversion, orientation, polarization, and a band-specific electron-hole reduced effective mass for a material-specific simulation.",component_scaling,35,37275937203149.38,1.8645240361472528,3266749001861023.5,20060597635207.31,3283485389569857.5,1.6661681996808845e+17
TiSapphire_NIR,"Ti:Sapphire, 0.8 $\mu$m",Ti:Sapphire (Ti3+:Al2O3),NIR,1,0.8,100.0,0.61,162.1,152.4,1/e^2 intensity radius,surface incident,,5730567400067.873,1.76,,8.8,1.0,electron-hole reduced effective mass,0.0,0.9241755933627389,../input_parameters/TiSapphire_Keldysh_Parameter.docx,True,"Diagnostic host-material Keldysh reference with temporary mred = 1.0 m0. Supply Ti concentration, inversion, orientation, polarization, and a band-specific electron-hole reduced effective mass for a material-specific simulation.",component_scaling,36,47148663634573.9,1.6578589500519285,8365257163597598.0,190372980913938.0,8443305245804009.0,4.308947186680899e+17
TiSapphire_NIR,"Ti:Sapphire, 0.8 $\mu$m",Ti:Sapphire (Ti3+:Al2O3),NIR,1,0.8,100.0,0.61,162.1,152.4,1/e^2 intensity radius,surface incident,,5730567400067.873,1.76,,8.8,1.0,electron-hole reduced effective mass,0.0,0.9241755933627389,../input_parameters/TiSapphire_Keldysh_Parameter.docx,True,"Diagnostic host-material Keldysh reference with temporary mred = 1.0 m0. Supply Ti concentration, inversion, orientation, polarization, and a band-specific electron-hole reduced effective mass for a material-specific simulation.",component_scaling,37,59636233165946.37,1.4741007597556215,3.873529074906588e+16,4925704292409738.0,4.038134464989501e+16,1.99051332706495e+18
TiSapphire_NIR,"Ti:Sapphire, 0.8 $\mu$m",Ti:Sapphire (Ti3+:Al2O3),NIR,1,0.8,100.0,0.61,162.1,152.4,1/e^2 intensity radius,surface incident,,5730567400067.873,1.76,,8.8,1.0,electron-hole reduced effective mass,0.0,0.9241755933627389,../input_parameters/TiSapphire_Keldysh_Parameter.docx,True,"Diagnostic host-material Keldysh reference with temporary mred = 1.0 m0. Supply Ti concentration, inversion, orientation, polarization, and a band-specific electron-hole reduced effective mass for a material-specific simulation.",component_scaling,38,75431200633546.08,1.3107104496700621,1.7653875814392886e+17,1.3849198523935132e+18,1.3849431037961754e+18,1.0227562001309847e+20
TiSapphire_NIR,"Ti:Sapphire, 0.8 $\mu$m",Ti:Sapphire (Ti3+:Al2O3),NIR,1,0.8,100.0,0.61,162.1,152.4,1/e^2 intensity radius,surface incident,,5730567400067.873,1.76,,8.8,1.0,electron-hole reduced effective mass,0.0,0.9241755933627389,../input_parameters/TiSapphire_Keldysh_Parameter.docx,True,"Diagnostic host-material Keldysh reference with temporary mred = 1.0 m0. Supply Ti concentration, inversion, orientation, polarization, and a band-specific electron-hole reduced effective mass for a material-specific simulation.",component_scaling,39,95409547634999.64,1.1654304303859793,7.822441649744987e+17,8.196041062180361e+20,8.202005149394567e+20,3.926402039175842e+22
TiSapphire_NIR,"Ti:Sapphire, 0.8 $\mu$m",Ti:Sapphire (Ti3+:Al2O3),NIR,1,0.8,100.0,0.61,162.1,152.4,1/e^2 intensity radius,surface incident,,5730567400067.873,1.76,,8.8,1.0,electron-hole reduced effective mass,0.0,0.9241755933627389,../input_parameters/TiSapphire_Keldysh_Parameter.docx,True,"Diagnostic host-material Keldysh reference with temporary mred = 1.0 m0. Supply Ti concentration, inversion, orientation, polarization, and a band-specific electron-hole reduced effective mass for a material-specific simulation.",component_scaling,40,120679264063932.64,1.0362533452079776,3.088818785638021e+18,1.1015657433050637e+21,1.1046545620907018e+21,7.1817560691502825e+22
TiSapphire_NIR,"Ti:Sapphire, 0.8 $\mu$m",Ti:Sapphire (Ti3+:Al2O3),NIR,1,0.8,100.0,0.61,162.1,152.4,1/e^2 intensity radius,surface incident,,5730567400067.873,1.76,,8.8,1.0,electron-hole reduced effective mass,0.0,0.9241755933627389,../input_parameters/TiSapphire_Keldysh_Parameter.docx,True,"Diagnostic host-material Keldysh reference with temporary mred = 1.0 m0. Supply Ti concentration, inversion, orientation, polarization, and a band-specific electron-hole reduced effective mass for a material-specific simulation.",component_scaling,41,152641796717523.66,0.9213943341938312,4.5498815919399987e+18,1.3949172797922725e+21,1.397157924061606e+21,1.0745451363572123e+23
TiSapphire_NIR,"Ti:Sapphire, 0.8 $\mu$m",Ti:Sapphire (Ti3+:Al2O3),NIR,1,0.8,100.0,0.61,162.1,152.4,1/e^2 intensity radius,surface incident,,5730567400067.873,1.76,,8.8,1.0,electron-hole reduced effective mass,0.0,0.9241755933627389,../input_parameters/TiSapphire_Keldysh_Parameter.docx,True,"Diagnostic host-material Keldysh reference with temporary mred = 1.0 m0. Supply Ti concentration, inversion, orientation, polarization, and a band-specific electron-hole reduced effective mass for a material-specific simulation.",component_scaling,42,193069772888324.56,0.8192663724661926,1.0353918468799273e+19,1.764621075271545e+21,1.7749749937403443e+21,1.5008656831341368e+23
TiSapphire_NIR,"Ti:Sapphire, 0.8 $\mu$m",Ti:Sapphire (Ti3+:Al2O3),NIR,1,0.8,100.0,0.61,162.1,152.4,1/e^2 intensity radius,surface incident,,5730567400067.873,1.76,,8.8,1.0,electron-hole reduced effective mass,0.0,0.9241755933627389,../input_parameters/TiSapphire_Keldysh_Parameter.docx,True,"Diagnostic host-material Keldysh reference with temporary mred = 1.0 m0. Supply Ti concentration, inversion, orientation, polarization, and a band-specific electron-hole reduced effective mass for a material-specific simulation.",component_scaling,43,244205309454865.47,0.7284583420421962,4.415395424992096e+19,2.2320868002774157e+21,2.2762407545273367e+21,2.0346676957428935e+23
TiSapphire_NIR,"Ti:Sapphire, 0.8 $\mu$m",Ti:Sapphire (Ti3+:Al2O3),NIR,1,0.8,100.0,0.61,162.1,152.4,1/e^2 intensity radius,surface incident,,5730567400067.873,1.76,,8.8,1.0,electron-hole reduced effective mass,0.0,0.9241755933627389,../input_parameters/TiSapphire_Keldysh_Parameter.docx,True,"Diagnostic host-material Keldysh reference with temporary mred = 1.0 m0. Supply Ti concentration, inversion, orientation, polarization, and a band-specific electron-hole reduced effective mass for a material-specific simulation.",component_scaling,44,308884359647748.5,0.6477155341961309,5.867336279092359e+19,2.823315346402442e+21,2.8719921412361043e+21,2.6925981182528452e+23
TiSapphire_NIR,"Ti:Sapphire, 0.8 $\mu$m",Ti:Sapphire (Ti3+:Al2O3),NIR,1,0.8,100.0,0.61,162.1,152.4,1/e^2 intensity radius,surface incident,,5730567400067.873,1.76,,8.8,1.0,electron-hole reduced effective mass,0.0,0.9241755933627389,../input_parameters/TiSapphire_Keldysh_Parameter.docx,True,"Diagnostic host-material Keldysh reference with temporary mred = 1.0 m0. Supply Ti concentration, inversion, orientation, polarization, and a band-specific electron-hole reduced effective mass for a material-specific simulation.",component_scaling,45,390693993705462.06,0.5759223129531785,2.1318802327305132e+20,3.57111543459522e+21,3.7843034578682716e+21,3.568104949977577e+23
TiSapphire_NIR,"Ti:Sapphire, 0.8 $\mu$m",Ti:Sapphire (Ti3+:Al2O3),NIR,1,0.8,100.0,0.61,162.1,152.4,1/e^2 intensity radius,surface incident,,5730567400067.873,1.76,,8.8,1.0,electron-hole reduced effective mass,0.0,0.9241755933627389,../input_parameters/TiSapphire_Keldysh_Parameter.docx,True,"Diagnostic host-material Keldysh reference with temporary mred = 1.0 m0. Supply Ti concentration, inversion, orientation, polarization, and a band-specific electron-hole reduced effective mass for a material-specific simulation.",component_scaling,46,494171336132383.8,0.5120867001730776,2.981951252000873e+20,4.5169629081125126e+21,4.8151580333126e+21,4.6605427710701936e+23
TiSapphire_NIR,"Ti:Sapphire, 0.8 $\mu$m",Ti:Sapphire (Ti3+:Al2O3),NIR,1,0.8,100.0,0.61,162.1,152.4,1/e^2 intensity radius,surface incident,,5730567400067.873,1.76,,8.8,1.0,electron-hole reduced effective mass,0.0,0.9241755933627389,../input_parameters/TiSapphire_Keldysh_Parameter.docx,True,"Diagnostic host-material Keldysh reference with temporary mred = 1.0 m0. Supply Ti concentration, inversion, orientation, polarization, and a band-specific electron-hole reduced effective mass for a material-specific simulation.",component_scaling,47,625055192527397.6,0.4553266692333737,7.75123769770212e+20,5.71331762125978e+21,6.207107994182638e+21,6.163613315144375e+23
TiSapphire_NIR,"Ti:Sapphire, 0.8 $\mu$m",Ti:Sapphire (Ti3+:Al2O3),NIR,1,0.8,100.0,0.61,162.1,152.4,1/e^2 intensity radius,surface incident,,5730567400067.873,1.76,,8.8,1.0,electron-hole reduced effective mass,0.0,0.9241755933627389,../input_parameters/TiSapphire_Keldysh_Parameter.docx,True,"Diagnostic host-material Keldysh reference with temporary mred = 1.0 m0. Supply Ti concentration, inversion, orientation, polarization, and a band-specific electron-hole reduced effective mass for a material-specific simulation.",component_scaling,48,790604321090770.1,0.40485795792994883,1.7418027764684497e+21,7.226529464322964e+21,8.942617127633153e+21,8.342217126010116e+23
TiSapphire_NIR,"Ti:Sapphire, 0.8 $\mu$m",Ti:Sapphire (Ti3+:Al2O3),NIR,1,0.8,100.0,0.61,162.1,152.4,1/e^2 intensity radius,surface incident,,5730567400067.873,1.76,,8.8,1.0,electron-hole reduced effective mass,0.0,0.9241755933627389,../input_parameters/TiSapphire_Keldysh_Parameter.docx,True,"Diagnostic host-material Keldysh reference with temporary mred = 1.0 m0. Supply Ti concentration, inversion, orientation, polarization, and a band-specific electron-hole reduced effective mass for a material-specific simulation.",component_scaling,49,1000000000000000.0,0.35998323220377315,3.3347055606710634e+21,9.140520001045047e+21,1.2474907290382188e+22,1.1271265652758062e+24
