I_wm2,Wav_cm3_fs,Wpi_cm3_fs,diagnostic_only,ne_total_cm3,time_s
1455191.5228366703,0.0,9.895521191379852e-51,True,0.0,-3.0000000000000003e-13
1625866.5487912884,6.282493583587856e-133,1.9251891717976007e-50,True,1.0343756074905672e-50,-2.9933259176863185e-13
1816110.8974517863,6.017098365683574e-132,3.73893275221391e-50,True,3.028845111305147e-50,-2.9866518353726367e-13
2028114.928591867,3.4298517831348025e-131,7.251701764293772e-50,True,6.842992864276313e-50,-2.979977753058955e-13
2264307.933094114,1.691590184984102e-130,1.4045984704610188e-49,True,1.438250473913012e-49,-2.973303670745273e-13
2527383.485010893,7.619610526945891e-130,2.716175131182366e-49,True,2.8892525582031947e-49,-2.966629588431591e-13
2820327.404295462,3.255046617085804e-129,5.244539977885189e-49,True,5.653059209588915e-49,-2.959955506117909e-13
3146448.5904038297,1.39651532636656e-128,1.0112647264067354e-48,True,1.1085804733329701e-48,-2.953281423804227e-13
3509413.0119829173,5.860140849788151e-128,1.9467493697549486e-48,True,2.1502624842258967e-48,-2.9466073414905453e-13
3913281.1651896373,2.4062728961624152e-127,3.7427048933967483e-48,True,4.126260142823332e-48,-2.9399332591768635e-13
4362549.343025219,1.0054839529934335e-126,7.183931608248081e-48,True,7.988625962824636e-48,-2.9332591768631817e-13
4862195.090648235,4.147162143469075e-126,1.376972978275701e-47,True,1.5367881712482562e-47,-2.9265850945495e-13
5417727.25717948,1.6807037899257181e-125,2.635189625118351e-47,True,2.930837315878316e-47,-2.919911012235818e-13
6035241.093298792,6.934838341912326e-125,5.036186853854196e-47,True,5.640603213783683e-47,-2.9132369299221363e-13
6721478.886233839,2.8306109958969203e-124,9.609604257022974e-47,True,1.0798473501424143e-46,-2.906562847608454e-13
7483896.6698586745,1.1361839822062176e-123,1.8310241094170033e-46,True,2.0502892350420582e-46,-2.899888765294772e-13
8330737.597886253,4.6379347526724144e-123,3.4835620877429796e-46,True,3.926225878495652e-46,-2.8932146829810903e-13
9271112.622903291,1.8752575533410253e-122,6.617673728338148e-46,True,7.483749202647112e-46,-2.8865406006674085e-13
10315089.183651382,7.458625893298318e-122,1.2553357369094765e-45,True,1.4149712319532272e-45,-2.8798665183537267e-13
11473788.667908633,3.0129211102886797e-121,2.3777853570631726e-45,True,2.6964672411237366e-45,-2.873192436040045e-13
12759493.489029523,1.2068892918882433e-120,4.4969416873019436e-45,True,5.117663085169044e-45,-2.866518353726363e-13
14185764.691131337,4.756806102254105e-120,8.492462747125875e-45,True,9.635761461067626e-45,-2.8598442714126813e-13
15767571.081606993,1.9015901968433567e-119,1.6014618847413294e-44,True,1.8273879539087078e-44,-2.8531701890989995e-13
17521430.98064838,7.546503519973629e-119,3.0154050776904707e-44,True,3.453367479475022e-44,-2.846496106785317e-13
19465567.776390396,2.947438618838282e-118,5.669307995938102e-44,True,6.475056143562698e-44,-2.8398220244716353e-13
21620080.581805427,1.1660877606129911e-117,1.0643061472901734e-43,True,1.2220575426944468e-43,-2.8331479421579535e-13
24007131.406263966,4.584699521446209e-117,1.995095447401373e-43,True,2.2995348484772637e-43,-2.8264738598442717e-13
26651150.381526347,1.7744254623436453e-116,3.7343581039415296e-43,True,4.293639642331621e-43,-2.81979977753059e-13
29579060.719630092,6.947723340801826e-116,6.97956635970294e-43,True,8.064617248585764e-43,-2.813125695216908e-13
32820525.229596205,2.7062159592848874e-115,1.3025608749756968e-42,True,1.5109954396288425e-42,-2.8064516129032263e-13
36408216.38201532,1.0378955534731885e-114,2.4272713603679608e-42,True,2.809517977776835e-42,-2.7997775305895444e-13
40378112.0864383,4.022023128445793e-114,4.516474671181052e-42,True,5.251749088804731e-42,-2.7931034482758626e-13
44769819.537157446,1.552047989928946e-113,8.391388839821696e-42,True,9.797484667700852e-42,-2.7864293659621803e-13
49626929.689626716,5.898372655786729e-113,1.5567889415830517e-41,True,1.8141036275504106e-41,-2.7797552836484985e-13
54997405.15367069,2.262257552732099e-112,2.8838749110587683e-41,True,3.374851091818722e-41,-2.7730812013348167e-13
60934004.53215415,8.64841318676576e-112,5.334335251232322e-41,True,6.268924601315022e-41,-2.766407119021135e-13
67494746.49637197,3.256828092824062e-111,9.852410693423183e-41,True,1.15589164365151e-40,-2.759733036707453e-13
74743417.17365362,1.2363200099306683e-110,1.817024193756197e-40,True,2.1400980243217134e-40,-2.753058954393771e-13
82750124.73020475,4.6822721659601354e-110,3.3460769531113635e-40,True,3.958208710451359e-40,-2.7463848720800894e-13
91591905.36487126,1.7471956216055876e-109,6.152705244349467e-40,True,7.267698646702475e-40,-2.7397107897664076e-13
101353385.28921129,6.5647135436376025e-109,1.129672949144515e-39,True,1.3391938679523463e-39,-2.733036707452726e-13
112127503.65805599,2.4630317585964152e-108,2.0710749665430607e-39,True,2.466230252071792e-39,-2.7263626251390435e-13
124016301.8348796,9.106998238373666e-108,3.791369456020184e-39,True,4.509235626144245e-39,-2.7196885428253617e-13
137131784.8301047,3.386848943138924e-107,6.930299073328834e-39,True,8.26958167383842e-39,-2.71301446051168e-13
151596861.24050754,1.258851646253059e-106,1.2649267770103323e-38,True,1.516340947613709e-38,-2.706340378197998e-13
167546368.5468592,4.612064821215637e-106,2.3053310847723999e-38,True,2.760799599108722e-38,-2.699666295884316e-13
185128191.1977246,1.6977447769699133e-105,4.195256182945208e-38,True,5.039118996705026e-38,-2.6929922135706344e-13
204504479.52304366,6.2513229408053345e-105,7.623257800958332e-38,True,9.200030060298851e-38,-2.6863181312569526e-13
225852978.18508005,2.269359893614611e-104,1.383180246642642e-37,True,1.6679900989173557e-37,-2.6796440489432703e-13
249368473.5899575,8.26886657844183e-104,2.5059505072529625e-37,True,3.0300996435807362e-37,-2.672969966629589e-13
275264370.45429325,3.0162245219528885e-103,4.53339544527427e-37,True,5.508223126316054e-37,-2.6662958843159067e-13
303774408.55200434,1.0849280021233028e-102,8.188991830974602e-37,True,9.944422301553734e-37,-2.659621802002225e-13
335154531.56111836,3.913069655241683e-102,1.4770469920696325e-36,True,1.79800515696096e-36,-2.652947719688543e-13
369684920.8931411,1.414000642206127e-101,2.6601987942645306e-36,True,3.2543452635348506e-36,-2.646273637374861e-13
407672208.42374563,5.0395078574618105e-101,4.783988103402332e-36,True,5.850502939677789e-36,-2.6395995550611794e-13
449451883.15813774,1.7992344355986089e-100,8.590587828602475e-36,True,1.0528268850887913e-35,-2.6329254727474976e-13
495390908.0628136,6.440669624662918e-100,1.5403232763806988e-35,True,1.8973444749676126e-35,-2.626251390433816e-13
545890564.5837336,2.2743955770311345e-99,2.757763420851419e-35,True,3.3965256503945707e-35,-2.6195773081201335e-13
601389543.7550205,8.038174219778513e-99,4.930135332020158e-35,True,6.083527317996154e-35,-2.6129032258064517e-13
662367304.2893273,2.850418603837633e-98,8.800689530912067e-35,True,1.0915900544886175e-34,-2.60622914349277e-13
729347719.6372248,9.973225131197032e-98,1.5686690059054626e-34,True,1.945831314238356e-34,-2.599555061179088e-13
802903037.7167495,3.4892126199344864e-97,2.7919145603811162e-34,True,3.4688606858611798e-34,-2.592880978865406e-13
883658178.8526382,1.2256983861763616e-96,4.961686716887709e-34,True,6.1973260837505115e-34,-2.5862068965517244e-13
972295399.4370217,4.249110875064576e-96,8.804666409980747e-34,True,1.1000301989754701e-33,-2.5795328142380426e-13
1069559350.9375277,1.4716299270555053e-95,1.5601016520754238e-33,True,1.9518729820814358e-33,-2.572858731924361e-13
1176262566.14484,5.1210235036761203e-95,2.76025431380585e-33,True,3.4720097659514095e-33,-2.566184649610679e-13
1293291406.9799113,1.7589533239855486e-94,4.876428964556184e-33,True,6.136682482821051e-33,-2.5595105672969967e-13
1421612510.78091,6.03075757349264e-94,8.602227437566829e-33,True,1.0838021510240577e-32,-2.552836484983315e-13
1562279774.7742076,2.078877726879849e-93,1.515222356662485e-32,True,1.9195072618053394e-32,-2.546162402669633e-13
1716441921.4124064,7.074655937782465e-93,2.6650057767117124e-32,True,3.378257867934935e-32,-2.539488320355951e-13
1885350690.4500585,2.4013086295799424e-92,4.680329244020763e-32,True,5.938579984471811e-32,-2.5328142380422694e-13
2070369707.0356042,8.199758522745002e-92,8.20750019887161e-32,True,1.0472039476870405e-31,-2.5261401557285876e-13
2272984078.741649,2.7647262219528186e-91,1.437149173130133e-31,True,1.8351964502425045e-31,-2.519466073414906e-13
2494810778.348582,9.290260515494379e-91,2.5127492505913997e-31,True,3.2110704354886544e-31,-2.512791991101224e-13
2737609873.355692,3.1424919410984934e-90,4.386850845882129e-31,True,5.637752401297223e-31,-2.506117908787542e-13
3003296667.6337867,1.0497740795363144e-89,7.647384262234067e-31,True,9.837924766441885e-31,-2.49944382647386e-13
3293954825.372768,3.492307690150657e-89,1.3311572895498971e-30,True,1.7133738027552647e-30,-2.492769744160178e-13
3611850552.534833,1.1701706211194054e-88,2.3136737994800864e-30,True,2.9951211961895904e-30,-2.486095661846496e-13
3959447916.4160013,3.872910215638299e-88,4.015423005693942e-30,True,5.20422528973547e-30,-2.4794215795328144e-13
4339425389.669171,1.2755652725710813e-87,6.958519941877291e-30,True,9.021732009285852e-30,-2.4727474972191326e-13
4754693711.26791,4.233768180009633e-87,1.204089587750916e-29,True,1.5702071694267472e-29,-2.466073414905451e-13
5208415163.41825,1.3882829444623217e-86,2.0804490713538292e-29,True,2.716695030841826e-29,-2.459399332591769e-13
5704024370.375118,4.5268846174880955e-86,3.5893164711927355e-29,True,4.687742179794117e-29,-2.452725250278087e-13
6245250732.518302,1.4883630078913462e-85,6.183334980989852e-29,True,8.123331674623323e-29,-2.4460511679644053e-13
6836142616.913628,4.8352463801134296e-85,1.063629077713786e-28,True,1.3994533902258851e-28,-2.439377085650723e-13
7481093433.957099,1.5610026929308173e-84,1.8268967252434277e-28,True,2.4036652135293784e-28,-2.432703003337041e-13
8184869738.599623,5.083883165795948e-84,3.1332433999064303e-28,True,4.14711984755352e-28,-2.4260289210233594e-13
8952641504.107212,1.6362904416436046e-83,5.365752971459508e-28,True,7.113925147415078e-28,-2.4193548387096776e-13
9790014726.358696,5.2301765778215406e-83,9.175369927270283e-28,True,1.2162453553218447e-27,-2.412680756395996e-13
10703066527.351728,1.6872840496286302e-82,1.5666531709378101e-27,True,2.0892705358807675e-27,-2.406006674082314e-13
11698382937.909245,5.380274880512585e-82,2.671028409432109e-27,True,3.568568248764194e-27,-2.399332591768632e-13
12783099551.590797,1.7027015241746748e-81,4.547163136043116e-27,True,6.073036179622273e-27,-2.3926585094549503e-13
13964945254.554863,5.4411141351351185e-81,7.72963412454856e-27,True,1.0386733548487975e-26,-2.3859844271412685e-13
15252289249.619148,1.718905262469207e-80,1.311999604567227e-26,True,1.766497982491724e-26,-2.379310344827586e-13
16654191607.077448,5.386059664408224e-80,2.2236419184192905e-26,True,2.9924609590197506e-26,-2.3726362625139044e-13
18180457589.98461,1.7048867652026724e-79,3.76315720763463e-26,True,5.0956554667467953e-26,-2.3659621802002226e-13
19841696017.66752,5.335854680497755e-79,6.359108729478763e-26,True,8.629135573491374e-26,-2.359288097886541e-13
21649381948.195957,1.6554471232181293e-78,1.0729920824151286e-25,True,1.4550891321369707e-25,-2.352614015572859e-13
23615923978.51003,5.19053843056032e-78,1.80781154814394e-25,True,2.466939085938756e-25,-2.345939933259177e-13
25754736479.883247,1.6093918211168556e-77,3.0413483064417354e-25,True,4.159652311621555e-25,-2.3392658509454953e-13
28080317106.474434,4.9439268532441334e-77,5.1089957711588325e-25,True,6.982158540820117e-25,-2.3325917686318135e-13
30608329935.913467,1.5354637431807273e-76,8.56961476152451e-25,True,1.1785680335196891e-24,-2.3259176863181317e-13
33355694623.250347,4.7165726251051583e-76,1.4353024549178546e-24,True,1.9787136968320056e-24,-2.3192436040044494e-13
36340681973.21973,1.4346382461999157e-75,2.400390672112397e-24,True,3.306201794835417e-24,-2.3125695216907676e-13
39583016360.69257,4.413449264899779e-75,4.0084530517842964e-24,True,5.5563464601391424e-24,-2.305895439377086e-13
43103985455.460045,1.3430723796696939e-74,6.68387086076943e-24,True,9.288502167387388e-24,-2.299221357063404e-13
46926557735.18693,4.045083773122642e-74,1.1128475409110214e-23,True,1.5449310534198504e-23,-2.292547274749722e-13
51075508299.55048,1.2326202328159071e-73,1.8501190001021923e-23,True,2.5850145324399093e-23,-2.2858731924360403e-13
55577553529.289185,3.716051329387299e-73,3.0712843626850435e-23,True,4.302747201989225e-23,-2.2791991101223585e-13
60461495166.21957,1.1082264498899344e-72,5.09092578440394e-23,True,7.124091778826309e-23,-2.2725250278086767e-13
65758374424.28222,3.344985265942109e-72,8.426163448490916e-23,True,1.1867965134037064e-22,-2.2658509454949946e-13
71501636777.43619,9.99021062438183e-72,1.392577463124917e-22,True,1.9669078883314298e-22,-2.2591768631813128e-13
77727308107.79326,2.950166495743551e-71,2.2980804011060614e-22,True,3.2418367501476587e-22,-2.2525027808676307e-13
84474182936.85449,8.820111978453802e-71,3.7867571105981727e-22,True,5.376872534410829e-22,-2.245828698553949e-13
91784025504.14238,2.609633530838359e-70,6.23054523391776e-22,True,8.872804302957355e-22,-2.239154616240267e-13
99701784501.00513,7.635148493621418e-70,1.0236253385714647e-21,True,1.4561696321094154e-21,-2.2324805339265853e-13
108275822312.97345,2.2598010042156948e-69,1.6792384706045683e-21,True,2.4039423301294162e-21,-2.2258064516129035e-13
117558159671.83327,6.623654221289685e-69,2.7506801682827354e-21,True,3.949818399020949e-21,-2.2191323692992217e-13
127604736668.68173,1.9201344215194663e-68,4.499084915884925e-21,True,6.454864207012783e-21,-2.2124582869855399e-13
138475691131.6548,5.625793208514078e-68,7.347924008160702e-21,True,1.0606199774948494e-20,-2.2057842046718578e-13
150235655426.90143,1.633542226111992e-67,1.1982887847536886e-20,True,1.7351353835127542e-20,-2.199110122358176e-13
162954072798.7912,4.691980542406775e-67,1.9512580383352198e-20,True,2.82358055912094e-20,-2.192436040044494e-13
176705534425.35156,1.3608682712013428e-66,3.172665515665032e-20,True,4.6178270131583696e-20,-2.185761957730812e-13
191570138427.63086,3.9145245793272076e-66,5.15098449422329e-20,True,7.521947487949773e-20,-2.1790878754171303e-13
207633872137.19568,1.1140191527356117e-65,8.350501740358127e-20,True,1.2188546506138207e-19,-2.1724137931034485e-13
224989018994.2429,3.1986630019550597e-65,1.3517341016472898e-19,True,1.9840758640710704e-19,-2.1657397107897667e-13
243734591520.18396,9.114755428104426e-65,2.184873723737204e-19,True,3.217870901736405e-19,-2.1590656284760849e-13
263976791882.77634,2.5700554029423905e-64,3.5262880516071667e-19,True,5.192100151424539e-19,-2.1523915461624028e-13
285829501649.33105,7.305371508672961e-64,5.682842258673502e-19,True,8.412446567459428e-19,-2.145717463848721e-13
309414802404.16327,2.0621951954860782e-63,9.144706868649232e-19,True,1.3584668145073023e-18,-2.1390433815350392e-13
334863528990.21484,5.761123715189228e-63,1.4693672229010323e-18,True,2.182601088166916e-18,-2.132369299221357e-13
362315857222.13074,1.6212086919530752e-62,2.357475992687558e-18,True,3.519901272225613e-18,-2.1256952169076753e-13
391921928008.58234,4.533511537965065e-62,3.776770375825851e-18,True,5.6594245291586784e-18,-2.1190211345939935e-13
423842509915.8436,1.2548399859454451e-61,6.0415761543622655e-18,True,9.054127580354521e-18,-2.1123470522803117e-13
458249702302.27075,3.495906001896183e-61,9.650199660330239e-18,True,1.4533943555127587e-17,-2.1056729699666299e-13
495327681254.70264,9.684146793304912e-61,1.5391420906152164e-17,True,2.326692950319796e-17,-2.098998887652948e-13
535273490662.7343,2.655751910119633e-60,2.4511929643511428e-17,True,3.706470731697663e-17,-2.092324805339266e-13
578297880875.7168,7.324976184446796e-60,3.897917641644019e-17,True,5.922185404686821e-17,-2.0856507230255842e-13
624626197499.7684,2.010070073912393e-59,6.189337806992765e-17,True,9.4395261288168e-17,-2.078976640711902e-13
674499323008.6205,5.461428667086019e-59,9.813232415639812e-17,True,1.4973284115125197e-16,-2.0723025583982203e-13
728174673962.3794,1.49135079036553e-58,1.5535897707699371e-16,True,2.38136963116091e-16,-2.0656284760845385e-13
785927256752.5634,4.054018927781096e-58,2.45593569393839e-16,True,3.779256791365402e-16,-2.0589543937708567e-13
848050784920.0258,1.0913053272034373e-57,3.8766268462354575e-16,True,5.969210564547498e-16,-2.0522803114571748e-13
914858861224.4719,2.9504076903977445e-57,6.110086750032599e-16,True,9.44971385190905e-16,-2.045606229143493e-13
986686227780.6016,7.944867631208179e-57,9.6160590777299e-16,True,1.4931673718919001e-15,-2.0389321468298112e-13
1063890087715.9846,2.1188938550392333e-56,1.5111349082486405e-15,True,2.3483396505738915e-15,-2.0322580645161292e-13
1146851501949.9814,5.671715397502046e-56,2.3711865454080655e-15,True,3.700482142752851e-15,-2.0255839822024473e-13
1235976864841.2131,1.5129183622377605e-55,3.715220326308027e-15,True,5.821799811492465e-15,-2.0189098998887653e-13
1331699462603.0405,3.997576181382812e-55,5.812457549043757e-15,True,9.116957992121233e-15,-2.0122358175750835e-13
1434481118542.6858,1.0594454185522213e-54,9.08011568142861e-15,True,1.4300346713100364e-14,-2.0055617352614017e-13
1544813929339.2131,2.799457685874452e-54,1.4163785338423655e-14,True,2.2400285670671963e-14,-1.9988876529477198e-13
1663222096739.3687,7.328425161994816e-54,2.206092191156892e-14,True,3.4928899055311196e-14,-1.992213570634038e-13
1790263859217.5125,1.9229860015456576e-53,3.431028652950735e-14,True,5.453611926131693e-14,-1.9855394883203562e-13
1926533528316.5974,5.033424924406579e-53,5.328210796108664e-14,True,8.505467773390815e-14,-1.9788654060066744e-13
2072663634561.7996,1.3054273382555828e-52,8.26218312749215e-14,True,1.320585819406967e-13,-1.9721913236929923e-13
2229327188015.596,3.3916317802390215e-52,1.2792770241202646e-13,True,2.052447860536119e-13,-1.9655172413793105e-13
2397240058724.5454,8.793996428745607e-52,1.9778381395120207e-13,True,3.1870734385387705e-13,-1.9588431590656285e-13
2577163482491.1675,2.259564287913971e-51,3.0533265791652285e-13,True,4.927153111283457e-13,-1.9521690767519466e-13
2769906697591.689,5.812701302678324e-51,4.706652469885028e-13,True,7.622740310348766e-13,-1.9454949944382648e-13
2976329718248.9834,1.4929447766793333e-50,7.244482505099848e-13,True,1.1785175195685716e-12,-1.938820912124583e-13
3197346250862.2397,3.8003929769987167e-50,1.1134198646658196e-12,True,1.8141538300428312e-12,-1.9321468298109012e-13
3433926759188.0693,9.68023263880981e-50,1.7087043436500772e-12,True,2.7938434988069823e-12,-1.9254727474972194e-13
3687101684863.506,2.4628489661843693e-49,2.6183713560888788e-12,True,4.300619540671987e-12,-1.9187986651835376e-13
3957964829858.37,6.21106409503438e-49,4.006377961071224e-12,True,6.591765235660746e-12,-1.9121245828698555e-13
4247676907642.095,1.5665124218380595e-48,6.121092649053606e-12,True,1.0105222382654762e-11,-1.9054505005561737e-13
4557469270049.694,3.947937262426042e-48,9.338182234517728e-12,True,1.5487379428787403e-11,-1.8987764182424916e-13
4888647817029.775,9.863683964736339e-48,1.4224994028823087e-11,True,2.3636321593416988e-11,-1.8921023359288098e-13
5242597096657.804,2.463337836139894e-47,2.163705731516467e-11,True,3.606977547899887e-11,-1.885428253615128e-13
5620784602995.131,6.149545583151307e-47,3.286250399523504e-11,True,5.503991223203927e-11,-1.8787541713014462e-13
6024765279573.057,1.5221235200288932e-46,4.983786860162211e-11,True,8.363914297086689e-11,-1.8720800889877644e-13
6456186236476.08,3.764073261178141e-46,7.547004704202127e-11,True,1.2705615268026475e-10,-1.8654060066740826e-13
6916791689193.553,9.308036184527247e-46,1.1411589226501742e-10,True,1.9303291758275533e-10,-1.8587319243604005e-13
7408428127598.5,2.2824447493184554e-45,1.7229552120353736e-10,True,2.920732561065865e-10,-1.8520578420467187e-13
7933049723602.225,5.5890504183744045e-45,2.597515768448154e-10,True,4.4167581291767283e-10,-1.845383759733037e-13
8492723986214.742,1.369043779391138e-44,3.9101979357938826e-10,True,6.680975125983917e-10,-1.838709677419355e-13
9089637672921.893,3.3257709922855595e-44,5.877540559808695e-10,True,1.0065319755381238e-09,-1.832035595105673e-13
9726102966462.588,8.064284038922359e-44,8.821630616199666e-10,True,1.5151937424867222e-09,-1.8253615127919912e-13
10404563926256.93,1.9566938046022416e-43,1.322082151743475e-09,True,2.281939810535846e-09,-1.8186874304783094e-13
11127603223896.334,4.7089947426937286e-43,1.978446692032635e-09,True,3.423087326081259e-09,-1.8120133481646276e-13
11897949172258.207,1.1306897066702128e-42,2.956287035380079e-09,True,5.129680973492068e-09,-1.8053392658509455e-13
12718483057951.873,2.717544935073304e-42,4.410879336460565e-09,True,7.691754258351165e-09,-1.7986651835372637e-13
13592246786934.867,6.479030396754364e-42,6.571433031177747e-09,True,1.1488519737599813e-08,-1.791991101223582e-13
14522450853262.023,1.5405398818419611e-41,9.775777833247416e-09,True,1.7138436780264137e-08,-1.7853170189099e-13
15512482641039.365,3.667592229606446e-41,1.4521078890469372e-08,True,2.558612747377393e-08,-1.7786429365962183e-13
16565915069754.047,8.66243465880497e-41,2.1537870867204894e-08,True,3.8051077754203783e-08,-1.7719688542825362e-13
17686515593233.2,2.039653689291537e-40,3.1897964604108524e-08,True,5.6508238376978924e-08,-1.7652947719688544e-13
18878255562555.5,4.809921195807368e-40,4.7171478732445383e-08,True,8.399293197269984e-08,-1.7586206896551726e-13
20145319963288.29,1.1254347172234482e-39,6.965500411636951e-08,True,1.243734727402e-07,-1.7519466073414908e-13
21492117537459.883,2.6241946754145406e-39,1.027026057846007e-07,True,1.838709470834235e-07,-1.7452725250278087e-13
22923291300691.125,6.12984781125891e-39,1.5120526319420704e-07,True,2.721078375726011e-07,-1.7385984427141269e-13
24443729464905.23,1.4208666172779258e-38,2.2228423146229181e-07,True,4.0118770296079115e-07,-1.731924360400445e-13
26058576777009.016,3.280907446474162e-38,3.262922057636921e-07,True,5.904407659390962e-07,-1.7252502780867632e-13
27773246283888.59,7.591340810460637e-38,4.782566713700625e-07,True,8.699626621377851e-07,-1.7185761957730812e-13
29593431533989.906,1.7431762829543025e-37,6.999574852405265e-07,True,1.2771081671211396e-06,-1.7119021134593994e-13
31525119225653.91,3.986139173880611e-37,1.0229127006045436e-06,True,1.8711239237737975e-06,-1.7052280311457176e-13
33574602312249.16,9.135801384535143e-37,1.4926629665073613e-06,True,2.7448750372460315e-06,-1.6985539488320357e-13
35748493573990.01,2.078196806285603e-36,2.174909638982068e-06,True,4.012076038311981e-06,-1.691879866518354e-13
38053739666140.86,4.7062366872935154e-36,3.1642948579985276e-06,True,5.851846191469633e-06,-1.6852057842046719e-13
40497635653089.58,1.068406478244074e-35,4.596941050298481e-06,True,8.546889979304126e-06,-1.67853170189099e-13
43087840037523.11,2.40764149463163e-35,6.66833145899022e-06,True,1.2438649762543224e-05,-1.6718576195773082e-13
45832390293647.67,5.39958303405375e-35,9.658766612148917e-06,True,1.8061281013684895e-05,-1.6651835372636264e-13
48739718913076.81,1.2142006554237144e-34,1.39695497144381e-05,True,2.6263851425843765e-05,-1.6585094549499444e-13
51818669971646.305,2.7105611183992583e-34,2.0174341957635765e-05,True,3.805757946202469e-05,-1.6518353726362625e-13
55078516225013.89,6.020245480370175e-34,2.909193280006881e-05,True,5.501367730196664e-05,-1.6451612903225807e-13
58528976740459.125,1.3409448754254645e-33,4.188919294940392e-05,True,7.964796577435665e-05,-1.638487208008899e-13
62180235071809.06,2.965454900609361e-33,6.022649955014732e-05,True,0.00011491432584244992,-1.631813125695217e-13
66042957983890.695,6.522860638447254e-33,8.646283151011097e-05,True,0.00016537143052597057,-1.625139043381535e-13
70128314732323.28,1.439131114500061e-32,0.00012394456266142469,True,0.00023837360900726644,-1.6184649610678532e-13
74447996903850.39,3.1527585477769264e-32,0.0001774114679478792,True,0.00034243136648629246,-1.6117908787541714e-13
79014238821722.06,6.8680645381987e-32,0.0002535666154799613,True,0.0004905905687620993,-1.6051167964404896e-13
83839838519924.33,1.5009329047956421e-31,0.00036187503456786165,True,0.0007040607182273437,-1.5984427141268075e-13
88938179289260.67,3.257316352183019e-31,0.0005156812307141316,True,0.0010070256765456805,-1.5917686318131257e-13
94323251797472.53,7.027574920896658e-31,0.0007337703667689007,True,0.001436309560874428,-1.585094549499444e-13
100009676784679.31,1.5212346506839945e-30,0.0010425458007551022,True,0.002052257182643667,-1.578420467185762e-13
106012728334483.81,3.270405544385568e-30,0.0014790615111657706,True,0.0029226478540763925,-1.5717463848720803e-13
112348357720088.36,6.988017195478168e-30,0.0020952383441324614,True,0.004150002036787006,-1.5650723025583982e-13
119033217823684.8,1.4983308565336202e-29,0.0029637169401473353,True,0.005903702526061272,-1.5583982202447164e-13
126084688126283.94,3.1909379467712884e-29,0.0041859697857158686,True,0.008371103212275797,-1.5517241379310346e-13
133520900263938.06,6.752776171156572e-29,0.005903526526048676,True,0.011833718742510227,-1.5450500556173528e-13
141360764145083.25,1.4341626878842125e-28,0.008313482679749193,True,0.016760596050183207,-1.5383759733036707e-13
149623994622397.25,3.0256092953918343e-28,0.011689892175416482,True,0.023662492636442847,-1.531701890989989e-13
158331138711214.0,6.341517947690241e-28,0.016413229022605152,True,0.03330183287094546,-1.525027808676307e-13
167503603345068.56,1.3340463552481725e-27,0.02301089715399257,True,0.046959998554289104,-1.5183537263626253e-13
177163683657468.0,2.7879678193904562e-27,0.03221284278118311,True,0.0660102258957896,-1.5116796440489432e-13
187334591777381.62,5.787475614986492e-27,0.045027777923899615,True,0.0924890437998514,-1.5050055617352614e-13
198040486124336.0,1.2059460301513022e-26,0.06284748737052609,True,0.1298499048753064,-1.4983314794215796e-13
209306501187266.47,2.4965817729384515e-26,0.08758933805441672,True,0.18173401871056782,-1.4916573971078978e-13
221158777769526.62,5.134076768943248e-26,0.12189067130157683,True,0.25353258246799293,-1.484983314794216e-13
233624493680611.97,1.059429194745005e-25,0.16937354260987764,True,0.35434921361866406,-1.478309232480534e-13
246731894853247.0,2.1726495624606296e-25,0.23500468944571196,True,0.4937838548125466,-1.471635150166852e-13
260510326862533.66,4.426392872781395e-25,0.32558419672880823,True,0.6859101011866081,-1.4649610678531703e-13
274990266821805.75,8.9895636336057e-25,0.4504078088697661,True,0.9514047948792159,-1.4582869855394885e-13
290203355627759.56,1.792233304571138e-24,0.6221631525279442,True,1.3076777921980425,-1.4516129032258064e-13
306182430525257.4,3.5736144082091475e-24,0.8581405326547417,True,1.7977049062305068,-1.4449388209121246e-13
322961557960013.25,7.132465783722815e-24,1.1818660862184922,True,2.4728576919964023,-1.4382647385984428e-13
340576066685045.94,1.4234855385218978e-23,1.6253010774611993,True,3.4019204860649332,-1.431590656284761e-13
359062581084506.06,2.838574737213803e-23,2.2317988188970155,True,4.678641664423672,-1.4249165739710791e-13
378459054676068.4,5.652097913501494e-23,3.0600737978107184,True,6.430579027567469,-1.418242491657397e-13
398804803750635.1,1.1231750235455921e-22,4.189520902753571,True,8.830762805760719,-1.4115684093437153e-13
420140541105649.44,2.226773143400776e-22,5.727332467453295,True,12.11421797274849,-1.4048943270300335e-13
442508409825718.8,4.403480951561147e-22,7.818005362615816,True,16.59938462716237,-1.3982202447163516e-13
465952017061750.5,8.683739528788378e-22,10.656020196504901,True,22.716294356658462,-1.3915461624026696e-13
490516467757104.44,1.7076118303618845e-21,14.502723608031022,True,31.047202402889486,-1.3848720800889878e-13
516248398266695.44,3.348130637772624e-21,19.70877047592198,True,42.37664112079352,-1.378197997775306e-13
543196009812217.4,6.545101264709682e-21,26.743908643486385,True,57.760985067418446,-1.3715239154616241e-13
571409101714022.1,1.2755862498320133e-20,36.23644414350099,True,78.62054123458644,-1.364849833147942e-13
600939104337388.0,2.4783721608068563e-20,49.025448080413085,True,106.86185774403509,-1.3581757508342603e-13
631839111688234.8,4.800372273828443e-20,66.22970631368176,True,145.04036967030373,-1.3515016685205784e-13
664163913590502.5,9.268921863984984e-20,89.33863272684862,True,196.57652999876487,-1.3448275862068966e-13
697970027374701.0,1.7841161843241957e-19,120.33194655507516,True,266.0405710390642,-1.3381535038932148e-13
733315729004362.8,3.423357715742574e-19,161.83695662055,True,359.5301636571288,-1.3314794215795328e-13
770261083564325.8,6.548072757720058e-19,217.33493121030799,True,485.1683497028213,-1.324805339265851e-13
808867975032098.2,1.2485459635317336e-18,291.43142809521686,True,653.7596892573199,-1.3181312569521691e-13
849200135250742.1,2.3731417829518753e-18,390.2098260566186,True,879.6532410063295,-1.3114571746384873e-13
891323172019101.9,4.496450144918229e-18,521.6929048481898,True,1181.8761920363568,-1.3047830923248053e-13
935304596212428.0,8.492626526830179e-18,696.4445031732148,True,1585.6202013851555,-1.2981090100111234e-13
981213847843965.6,1.5989679837053108e-17,928.3524710071634,True,2124.1869731242227,-1.2914349276974416e-13
1029122320975319.1,3.000976605024601e-17,1235.645861340678,True,2841.5316485932417,-1.2847608453837598e-13
1079103387381077.2,5.614489989395331e-17,1642.2142531742193,True,3795.5814859204065,-1.278086763070078e-13
1131232418870573.0,1.0470867037144382e-16,2179.3161105717177,True,5062.5589421838085,-1.271412680756396e-13
1185586808167382.0,1.9466125052473833e-16,2887.787223489226,True,6742.605754828122,-1.264738598442714e-13
1242245988244859.2,3.6074546691984257e-16,3820.89087170779,True,8967.085926463342,-1.2580645161290323e-13
1301291450013742.8,6.664179781526945e-16,5047.990057586633,True,11908.052912474825,-1.2513904338153505e-13
1362806758255897.8,1.22720465118219e-15,6659.2710249636375,True,15790.506056710145,-1.2447163515016684e-13
1426877565696150.2,2.2527438298181124e-15,8771.808876189532,True,20908.22866290346,-1.2380422691879866e-13
1493591625102473.5,4.122219968823829e-15,11537.343584480766,True,27644.21984265111,-1.2313681868743048e-13
1563038799302878.8,7.519260257560105e-15,15152.231990985494,True,36497.01707316771,-1.224694104560623e-13
1635311069005999.5,1.367236883315649e-14,19870.163308589206,True,48114.54533096761,-1.2180200222469412e-13
1710502538310740.0,2.4782045442984842e-14,26018.378178746716,True,63337.57106411247,-1.211345939933259e-13
1788709437789278.2,4.477703646379496e-14,34018.3217567313,True,83255.41034712626,-1.2046718576195773e-13
1870030125026511.0,8.064890294161797e-14,44411.89860084267,True,109277.21600863278,-1.1979977753058955e-13
1954565082498215.8,1.4479933124798048e-13,57894.792282423055,True,143223.0445968774,-1.1913236929922137e-13
2042416912669450.0,2.591550692149663e-13,75358.679008202,True,187440.03067999397,-1.1846496106785316e-13
2133690330194264.5,4.623576300855315e-13,97944.61846682259,True,244950.32022980196,-1.1779755283648498e-13
2228492151097591.0,8.222835105007067e-13,127110.46640364685,True,319639.1210867107,-1.171301446051168e-13
2326931278819920.0,1.4577748474988998e-12,164715.8461347586,True,416493.4147978037,-1.1646273637374862e-13
2429118687005903.0,2.576230699376342e-12,213129.06941982624,True,541904.4278921109,-1.157953281423804e-13
2535167398918102.5,4.538418547997241e-12,275361.4459393875,True,704050.2282236053,-1.1512791991101223e-13
2645192463358200.5,7.969845884628794e-12,355235.70735318784,True,913378.9845512758,-1.1446051167964405e-13
2759310926978557.5,1.3951502851620183e-11,457596.8473659703,True,1183218.2708841106,-1.1379310344827587e-13
2877641802868647.5,2.4345451034751844e-11,588575.604296145,True,1530541.9487159746,-1.1312569521690769e-13
3000306035302128.5,4.234874158080364e-11,755917.1601748889,True,1976933.990457572,-1.1245828698553948e-13
3127426460532383.5,7.343264179758804e-11,969390.4872695433,True,2549797.6392568,-1.117908787541713e-13
3259127763526333.5,1.2692986880200102e-10,1241297.242528362,True,3283869.6824803785,-1.1112347052280312e-13
3395536430528950.5,2.1870798229552718e-10,1587103.315501714,True,4223114.061534125,-1.1045606229143494e-13
3536780697353526.0,3.756571568867023e-10,2026221.221129965,True,5423085.597743348,-1.0978865406006673e-13
3682990493295946.5,6.431984843563133e-10,2582977.6670134193,True,6953875.305998121,-1.0912124582869855e-13
3834297380574783.0,1.0978038749072243e-09,3287808.0175543893,True,8903774.95999472,-1.0845383759733037e-13
3990834489202480.0,1.867802769467757e-09,4178728.262165066,True,11383828.403082656,-1.0778642936596219e-13
4152736447197475.5,3.1678466532562297e-09,5303167.792036953,True,14533478.818290265,-1.07119021134594e-13
4320139306051208.5,5.355801572369755e-09,6720112.921094949,True,18527552.611659326,-1.064516129032258e-13
4493180461369101.5,9.02633477248137e-09,8502943.092297927,True,23584869.58507089,-1.0578420467185762e-13
4671998568609649.0,1.516440013084463e-08,10742697.295080874,True,29978918.30778148,-1.0511679644048943e-13
4856733453851410.0,2.5396037490444838e-08,13552163.45884136,True,38050952.858250126,-1.0444938820912125e-13
5047526019523534.0,4.239686507657424e-08,17070844.68110137,True,48226115.38478775,-1.0378197997775305e-13
5244518145041960.0,7.055514685596961e-08,21471003.13242665,True,61033214.70789261,-1.0311457174638487e-13
5447852582299887.0,1.1704447990664097e-07,26965002.175947353,True,77128961.89294158,-1.0244716351501668e-13
5657672845968326.0,1.9355329826469963e-07,33814209.3435224,True,97327611.2230837,-1.017797552836485e-13
5874123098569840.0,3.1906394592037733e-07,42339772.29350502,True,122637146.20060883,-1.011123470522803e-13
6097348030296394.0,5.243032079477889e-07,52935637.89172212,True,154303386.14413026,-1.0044493882091212e-13
6327492733550542.0,8.588455123231098e-07,66084252.416747324,True,193863651.8484478,-9.977753058954393e-14
6564702572197240.0,1.4024114721006987e-06,82375460.06900956,True,243211940.21459994,-9.911012235817575e-14
6809123045522932.0,2.2827788895662546e-06,102529209.1219772,True,304677949.62187755,-9.844271412680757e-14
7060899646907412.0,3.7040799930525503e-06,127422782.05125968,True,381122729.8854583,-9.777530589543937e-14
7320177717223425.0,5.991355769769309e-06,158123389.88886577,True,476054235.66969305,-9.710789766407118e-14
7587102292989301.0,9.66046939981566e-06,195927114.1774931,True,593766698.4400858,-9.6440489432703e-14
7861817949309341.0,1.5527439883639024e-05,242405344.79083255,True,739508428.7344534,-9.577308120133482e-14
8144468637647853.0,2.4878839964810452e-05,299460051.341543,True,919683462.4472517,-9.510567296996661e-14
8435197518492932.0,3.9736460106800316e-05,369389442.98657995,True,1142093477.2078328,-9.443826473859843e-14
8734146788977631.0,6.326698717207828e-05,454965819.49971527,True,1416227506.0748796,-9.377085650723025e-14
9041457505536960.0,0.0001004139862520201,559527699.1287794,True,1753608221.3418026,-9.310344827586207e-14
9357269401691088.0,0.00015886948553274003,687088629.8806884,True,2168205139.399156,-9.243604004449389e-14
9681720701056740.0,0.00025056254918698865,842465454.6361341,True,2676926802.265561,-9.176863181312568e-14
1.0014947925700778e+16,0.00039393210824502844,1031429211.297986,True,3300205881.91543,-9.11012235817575e-14
1.0357085699962244e+16,0.0006173853480097043,1260882311.6553428,True,4062693561.692284,-9.043381535038932e-14
1.0708266549881298e+16,0.0009645420166589175,1539066161.6330793,True,4994082131.962855,-8.976640711902114e-14
1.1068620698386276e+16,0.001502159531033346,1875803966.0726757,True,6130077537.2909775,-8.909899888765293e-14
1.1438275856402326e+16,0.0023320680647707613,2282784108.217738,True,7513547206.434983,-8.843159065628475e-14
1.1817357010058562e+16,0.003609082739980151,2773890212.753279,True,9195872323.252274,-8.776418242491657e-14
1.220598620418229e+16,0.005567793350975139,3365584796.5635056,True,11238537736.985973,-8.709677419354839e-14
1.2604282322283116e+16,0.008562493076257057,4077354288.163951,True,13714997951.039232,-8.642936596218021e-14
1.3012360863241546e+16,0.013126484517904578,4932224159.526977,True,16712863167.321243,-8.5761957730812e-14
1.3430333714930066e+16,0.020059861139204806,5957353966.784714,True,20336455030.449722,-8.509454949944382e-14
1.385830892500767e+16,0.030558985686439086,7184723242.445842,True,24709789172.68908,-8.442714126807564e-14
1.4296390469141076e+16,0.04640680920877095,8651920423.835197,True,29980049477.87706,-8.375973303670746e-14
1.474467801691913e+16,0.07025164384931222,10403048341.88635,True,36321626687.09764,-8.309232480533925e-14
1.5203266695739018e+16,0.1060140766313837,12489761231.314236,True,43940804305.168495,-8.242491657397107e-14
1.5672246852955762e+16,0.15947885469076933,14972449756.035166,True,53081185512.17202,-8.175750834260289e-14
1.6151703816598164e+16,0.23915280905693917,17921592169.036686,True,64029964895.31665,-8.109010011123471e-14
1.6641717654966836e+16,0.357504039457298,21419291438.003876,True,77125162747.5453,-8.04226918798665e-14
1.7142362935441258e+16,0.5327455203013631,25561019958.526283,True,92763954028.77736,-7.975528364849832e-14
1.7653708482834896e+16,0.791393274006106,30457595334.306583,True,111412236820.12097,-7.908787541713014e-14
1.8175817137647508e+16,1.1719225622663394,36237412613.63152,True,133615603309.19522,-7.842046718576196e-14
1.870874551457553e+16,1.729974975430275,43048960314.972885,True,160011894907.337,-7.775305895439378e-14
1.9252543761651216e+16,2.54574803001924,51063649529.09957,True,191345538352.3593,-7.708565072302557e-14
1.9807255320391056e+16,3.734444908273168,60478987323.06987,True,228483882645.6219,-7.641824249165739e-14
2.037291668734403e+16,5.460999220219813,71522127560.65425,True,272435779837.06378,-7.57508342602892e-14
2.0949557177438276e+16,7.960749807406468,84453834056.10947,True,324372669782.453,-7.508342602892102e-14
2.1537198689534016e+16,11.56836642985883,99572892650.54259,True,385652456918.2232,-7.441601779755282e-14
2.213585547459782e+16,16.758174751015552,117221010292.74794,True,457846494831.80096,-7.374860956618464e-14
2.2745533906920932e+16,24.200171394395714,137788240463.8543,True,542770011765.00214,-7.308120133481646e-14
2.3366232258810464e+16,34.837554697550196,161718975245.62845,True,642516342877.7861,-7.241379310344825e-14
2.399794047918842e+16,49.99365000446209,189518544927.52634,True,759495365978.02,-7.174638487208007e-14
2.464063997653923e+16,71.51884146393006,221760466203.55862,True,896476553034.6044,-7.107897664071189e-14
2.5294303406649492e+16,101.99174899762556,259094379646.46408,True,1056637085642.1744,-7.04115684093437e-14
2.5958894465589012e+16,144.9936798752412,302254716178.24066,True,1243615514152.476,-6.974416017797552e-14
2.6634367688383776e+16,205.48168119070382,352070130592.3101,True,1461571450888.749,-6.907675194660734e-14
2.732066825383439e+16,290.2937690880927,409473737729.4996,True,1715251823629.5762,-6.840934371523916e-14
2.8017731795934132e+16,408.83066843005,475514183570.3392,True,2010064244127.6038,-6.774193548387098e-14
2.872548422234159e+16,573.9723538177441,551367579181.6633,True,2352158047165.055,-6.707452725250275e-14
2.9443841540361664e+16,803.3057302999973,638350320047.121,True,2748513586704.2603,-6.640711902113457e-14
3.017270969088834e+16,1120.7630171262922,737932806723.1483,True,3207040395747.0176,-6.573971078976639e-14
3.0911984390758412e+16,1558.8001298819493,851754074900.4235,True,3736684800708.1445,-6.50723025583982e-14
3.1661550983963828e+16,2161.2822857938477,981637333731.1726,True,4347547600954.4106,-6.440489432703002e-14
3.2421284302164676e+16,2987.2922050246793,1129606400625.806,True,5051012428288.526,-6.373748609566184e-14
3.319104853493981e+16,4116.137072865483,1297903008565.824,True,5859885360870.529,-6.307007786429366e-14
3.397069711020603e+16,5653.906903816397,1489004948269.6255,True,6788546366432.391,-6.240266963292548e-14
3.476007258522885e+16,7742.032660053119,1705644992256.9675,True,7853113128833.1,-6.17352614015573e-14
3.5559006548639748e+16,10568.411600115694,1950830530972.5012,True,9071617738542.15,-6.106785317018907e-14
3.636731953386517e+16,14381.815020608523,2227863832665.4985,True,10464196698960.004,-6.040044493882089e-14
3.718482094436263e+16,19510.47566565445,2540362818730.144,True,12053294644793.434,-5.97330367074527e-14
3.801130899104657e+16,26385.975353889546,2892282224756.905,True,13863882053713.43,-5.906562847608452e-14
3.884657064227538e+16,35573.82597272151,3287934994756.4204,True,15923687164947.338,-5.839822024471634e-14
3.9690381586756504e+16,47812.46791168359,3732013732030.403,True,18263442218210.223,-5.773081201334816e-14
4.054250620971257e+16,64062.8093250622,4229612005188.644,True,20917143963475.984,-5.706340378197998e-14
4.140269758263532e+16,85570.90926199949,4786245282072.675,True,23922328277029.89,-5.63959955506118e-14
4.227069746693799e+16,113946.9803186183,5407871238139.942,True,27320358566837.883,-5.5728587319243616e-14
4.314623633179895e+16,151264.56575066914,6100909159513.163,True,31156727437138.055,-5.5061179087875385e-14
4.402903338647072e+16,200184.54767738405,6872258134792.462,True,35481370914450.77,-5.4393770856507203e-14
4.49187966273101e+16,264109.58286662714,7729313704284.806,True,40348994329352.25,-5.372636262513902e-14
4.581522289976247e+16,347375.65695728175,8679982611002.519,True,45819408689198.59,-5.305895439377084e-14
4.67179979755147e+16,455488.7147036866,9732695275135.578,True,51957876157381.83,-5.239154616240266e-14
4.7626796645006984e+16,595415.7791642015,10896415593258.252,True,58835462994943.76,-5.172413793103448e-14
4.854128282547191e+16,775941.6323137541,12180647645880.396,True,66529398028292.055,-5.10567296996663e-14
4.946110968464506e+16,1008104.0085163624,13595438882708.354,True,75123434444445.34,-5.0389321468298116e-14
5.038591978026667e+16,1305722.3613150744,15151379344767.926,True,84708212416346.95,-4.9721913236929934e-14
5.131534521546929e+16,1686037.6110533213,16859596476998.021,True,95381619759543.36,-4.90545050055617e-14
5.2249007810119144e+16,2170482.869096245,18731745084684.04,True,107249147536222.56,-4.838709677419352e-14
5.3186519288154776e+16,2785607.9583892324,20779991992786.918,True,120424237208190.3,-4.771968854282534e-14
5.412748148093612e+16,3564183.5990517857,23016994979406.645,True,135028615665005.7,-4.705228031145716e-14
5.50714865465925e+16,4546514.378136682,25455875573874.594,True,151192614176405.8,-4.638487208008898e-14
5.601811720532826e+16,5781993.037932584,28110185336735.977,True,169055467022836.5,-4.5717463848720796e-14
5.6966946990616616e+16,7330932.1536982,30993865273622.254,True,188765585353635.28,-4.5050055617352615e-14
5.7917540516183384e+16,9266712.860230636,34121198077982.086,True,210480801595129.38,-4.4382647385984434e-14
5.88694537586532e+16,11678293.84234287,37506752949085.484,True,234368579498792.16,-4.37152391546162e-14
5.982223435570055e+16,14673127.24209662,41165322791712.336,True,260606184879827.97,-4.304783092324802e-14
6.077542191952018e+16,18380531.299646426,45111853672392.27,True,289380811835390.3,-4.238042269187984e-14
6.17285483653987e+16,22955572.276481695,49361366483815.94,True,320889658894565.6,-4.171301446051166e-14
6.268113825514249e+16,28583510.65157986,53928870853653.21,True,355339951256314.1,-4.1045606229143477e-14
6.363270915508477e+16,35484867.6782404,58829271425996.766,True,392948902182152.3,-4.0378197997775296e-14
6.458277200836638e+16,43921169.24884521,64077266742196.81,True,433943609682508.25,-3.9710789766407114e-14
6.553083152115457e+16,54201423.20705328,69687241052113.67,True,478560883348553.56,-3.904338153503893e-14
6.647638656243457e+16,66689384.182061955,75673149495604.36,True,527046996589128.4,-3.837597330367075e-14
6.741893057698038e+16,81811656.20213419,82048397206178.83,True,579657359591947.1,-3.770856507230252e-14
6.835795201108096e+16,100066678.47441927,88825713002654.0,True,636656111433372.0,-3.704115684093434e-14
6.929293475057182e+16,122034630.68163504,96017018448769.22,True,698315624814692.6,-3.637374860956616e-14
7.022335857069172e+16,148388285.26757067,103633293173256.6,True,764915922675681.4,-3.5706340378197976e-14
7.114869959725842e+16,179904820.9382167,111684437451989.89,True,836744003830246.5,-3.5038932146829795e-14
7.206843077863069e+16,217478596.5028688,120179133157544.06,True,914093076366825.8,-3.4371523915461614e-14
7.298202236789698e+16,262134865.91680962,129124704277716.28,True,997261697976763.1,-3.370411568409343e-14
7.388894241470654e+16,315044394.44721746,138526978291368.44,True,1086552823431304.5,-3.303670745272525e-14
7.478865726613422e+16,377538912.01015174,148390149765189.94,True,1182272760251926.2,-3.236929922135707e-14
7.568063207594691e+16,451127313.05190384,158716647596655.16,True,1284730034435502.2,-3.170189098998884e-14
7.656433132161594e+16,537512483.2840811,169507007374901.38,True,1394234169229736.2,-3.1034482758620657e-14
7.74392193284007e+16,638608602.19036,180759750360511.5,True,1511094380891023.0,-3.0367074527252475e-14
7.83047607998048e+16,756558736.9506981,192471270595830.9,True,1635618196266215.0,-2.9699666295884294e-14
7.916042135369006e+16,893752509.0428728,204635731648355.5,True,1768109998188538.5,-2.903225806451611e-14
8.000566806331354e+16,1052843579.6477792,217244974459642.7,True,1908869505623189.8,-2.836484983314793e-14
8.083997000253659e+16,1236766664.9086123,230288437720709.88,True,2058190196388421.2,-2.769744160177975e-14
8.166279879443949e+16,1448753758.1766722,243753092121589.12,True,2216357681315248.5,-2.703003337041157e-14
8.247362916256069e+16,1692349204.2662058,257623389727689.28,True,2383648039532419.0,-2.6362625139043388e-14
8.327193948396726e+16,1971423241.5538402,271881229619614.2,True,2560326125318683.0,-2.5695216907675156e-14
8.405721234335102e+16,2290183602.749331,286505940796565.94,True,2746643857752458.5,-2.5027808676306975e-14
8.482893508733669e+16,2653184745.1482964,301474283188669.56,True,2942838504960010.0,-2.4360400444938793e-14
8.558660037817746e+16,3065334267.422148,316760467451094.56,True,3149130975271071.5,-2.3692992213570612e-14
8.632970674600891e+16,3531896063.5806046,332336194026308.94,True,3365724128010786.0,-2.302558398220243e-14
8.705775913882582e+16,4058489766.4160633,348170711761605.44,True,3592801116861701.0,-2.235817575083425e-14
8.777026946934306e+16,4651086043.703199,364230896160906.4,True,3830523778905367.5,-2.1690767519466068e-14
8.846675715789957e+16,5315997331.118619,380481347135645.8,True,4079031082425035.5,-2.1023359288097887e-14
8.914674967056477e+16,6059863616.700775,396884505902783.1,True,4338437646318790.0,-2.0355951056729706e-14
8.980978305160714e+16,6889632933.59562,413400790462462.0,True,4608832343776400.0,-1.9688542825361474e-14
9.045540244948822e+16,7812575358.21275,430026613906233.56,True,4890289235996543.0,-1.9021134593993293e-14
9.108316263555069e+16,8836191808.053602,446645405796820.94,True,5182844844946491.0,-1.835372636262511e-14
9.169262851457371e+16,9968134658.555344,463248104123553.94,True,5486487933218033.0,-1.768631813125693e-14
9.228337562637877e+16,11216285001.874964,479788721652832.94,True,5801195127485630.0,-1.701890989988875e-14
9.285499063767784e+16,12588635274.45385,496220169271669.44,True,6126908461830690.0,-1.6351501668520568e-14
9.34070718233676e+16,14093251568.637672,512494480032797.4,True,6463539613602193.0,-1.5684093437152386e-14
9.393922953648589e+16,15738206257.145306,528563042620688.0,True,6810967547484096.0,-1.5016685205784205e-14
9.445108666606238e+16,17531513763.136562,544376842401629.44,True,7169038631620187.0,-1.4349276974416024e-14
9.494227908211064e+16,19481060145.831444,559886708160473.94,True,7537566537060245.0,-1.3681868743047792e-14
9.541245606702722e+16,21594527496.964455,575043562592874.9,True,7916332131214402.0,-1.301446051167961e-14
9.586128073268323e+16,23879314995.45623,589798674614934.5,True,8305083635743907.0,-1.234705228031143e-14
9.628843042251373e+16,26342456880.978764,604103911571358.9,True,8703536938549013.0,-1.1679644048943248e-14
9.6693597097934e+16,28990538269.78592,617911989466697.6,True,9111376077723960.0,-1.1012235817575067e-14
9.707648770843498e+16,31829609700.541325,631176719410835.8,True,9528253889787434.0,-1.0344827586206886e-14
9.743682454473536e+16,34865101403.849396,643853248556308.2,True,9953792820249986.0,-9.677419354838704e-15
9.777434557439504e+16,38101738358.73797,655898293908785.6,True,1.038758589461612e+16,-9.010011123470523e-15
9.808880475932216e+16,41543457201.49421,667270367509745.8,True,1.0829197840679612e+16,-8.342602892102291e-15
9.837997235463493e+16,45193326111.9211,677929991618336.8,True,1.127816635732394e+16,-7.67519466073411e-15
9.864763518837077e+16,49053468833.77984,687839902654237.9,True,1.1734003526297402e+16,-7.007786429365929e-15
9.889159692156533e+16,53124993904.694496,696965242801050.9,True,1.2196197353035474e+16,-6.340378197997747e-15
9.911167828825776e+16,57407930192.62588,705273738307057.1,True,1.2664213429038912e+16,-5.672969966629566e-15
9.930771731501131e+16,61901169863.49141,712735863654040.0,True,1.3137496715038096e+16,-5.005561735261385e-15
9.947956951957298e+16,66602419719.40841,719324990891604.0,True,1.3615473428648954e+16,-4.3381535038932036e-15
9.962710808833117e+16,71508161695.04774,725017523553332.1,True,1.4097553014512632e+16,-3.670745272525022e-15
9.975022403226634e+16,76613623561.12602,729793014677864.2,True,1.4583130211890626e+16,-3.003337041156841e-15
9.984882632112587e+16,81912760356.27954,733634268554776.5,True,1.5071587189313548e+16,-2.3359288097886092e-15
9.992284199559226e+16,87398247199.97162,736527425897786.0,True,1.556229574352828e+16,-1.668520578420428e-15
9.997221625725093e+16,93061483900.70766,738462032220027.1,True,1.6054619548996472e+16,-1.0011123470522467e-15
9.999691253620248e+16,98892611661.79442,739431089246097.4,True,1.6547916447583426e+16,-3.337041156840654e-16
9.999691253620248e+16,104880542021.065,739431089246097.4,True,1.704154076682422e+16,3.337041156841159e-16
9.997221625725093e+16,111012998005.20047,738462032220027.1,True,1.7534845655438474e+16,1.0011123470522972e-15
9.992284199559226e+16,117276567315.41612,736527425897786.0,True,1.8027185424587788e+16,1.6685205784204784e-15
9.984882632112587e+16,123656767199.90094,733634268554776.5,True,1.851791788345593e+16,2.3359288097886597e-15
9.975022403226634e+16,130138120507.24908,729793014677864.2,True,1.900640665766591e+16,3.003337041156841e-15
9.962710808833115e+16,136704242260.49365,725017523553331.2,True,1.9492023479135948e+16,3.670745272525073e-15
9.947956951957296e+16,143337935943.65414,719324990891604.0,True,1.9974150436039476e+16,4.338153503893254e-15
9.93077173150113e+16,150021298553.62756,712735863654040.0,True,2.0452182171534708e+16,5.005561735261435e-15
9.911167828825776e+16,156735833346.90643,705273738307057.1,True,2.092552802020744e+16,5.6729699666296166e-15
9.889159692156531e+16,163462569098.7599,696965242801050.9,True,2.1393614071263264e+16,6.340378197997798e-15
9.864763518837074e+16,170182184596.70886,687839902654237.9,True,2.185588514762856e+16,7.007786429365979e-15
9.83799723546349e+16,176875137017.77124,677929991618338.0,True,2.2311806690640276e+16,7.67519466073416e-15
9.808880475932213e+16,183521792780.69843,667270367509745.8,True,2.2760866540200372e+16,8.342602892102342e-15
9.777434557439504e+16,190102559427.47876,655898293908785.6,True,2.3202576600589516e+16,9.010011123470523e-15
9.743682454473533e+16,196598017079.9469,643853248556308.2,True,2.3636474382957656e+16,9.677419354838755e-15
9.707648770843496e+16,202989048022.6468,631176719410832.2,True,2.4062124415882744e+16,1.0344827586206936e-14
9.669359709793397e+16,209256962991.7942,617911989466697.6,True,2.447911951596241e+16,1.1012235817575117e-14
9.62884304225137e+16,215383622808.72998,604103911571358.1,True,2.4887081911559004e+16,1.1679644048943299e-14
9.58612807326832e+16,221351554064.76605,589798674614933.5,True,2.5285664213411292e+16,1.234705228031148e-14
9.541245606702718e+16,227144057654.52475,575043562592874.9,True,2.567455022666988e+16,1.3014460511679661e-14
9.494227908211061e+16,232745309072.1169,559886708160475.5,True,2.6053455600374696e+16,1.3681868743047842e-14
9.445108666606238e+16,238140449504.71548,544376842401629.44,True,2.6422128311189708e+16,1.4349276974416024e-14
9.393922953648589e+16,243315666894.75912,528563042620688.0,True,2.678034897928069e+16,1.5016685205784205e-14
9.340707182336757e+16,248258266298.1505,512494480032793.0,True,2.7127931015835492e+16,1.5684093437152437e-14
9.285499063767781e+16,252956729015.40146,496220169271666.25,True,2.7464720602577484e+16,1.6351501668520618e-14
9.228337562637872e+16,257400760156.92618,479788721652829.0,True,2.779059650613837e+16,1.70189098998888e-14
9.169262851457366e+16,261581324406.45938,463248104123552.94,True,2.8105469728151424e+16,1.768631813125698e-14
9.108316263555064e+16,265490670006.011,446645405796821.75,True,2.8409282998510184e+16,1.8353726362625162e-14
9.045540244948818e+16,269122341028.40598,430026613906225.8,True,2.8702010114239948e+16,1.9021134593993343e-14
8.980978305160709e+16,272470984346.86646,413400790462456.5,True,2.8983644819770576e+16,1.9688542825361524e-14
8.914674967056477e+16,275532654317.437,396884505902783.1,True,2.9254216670953856e+16,2.0355951056729706e-14
8.846675715789957e+16,278305077355.09314,380481347135645.8,True,2.9513804970138824e+16,2.1023359288097887e-14
8.777026946934299e+16,280786826235.49384,364230896160904.06,True,2.976249534380059e+16,2.169076751946612e-14
8.705775913882578e+16,282977748907.5418,348170711761601.5,True,3.000040336129042e+16,2.23581757508343e-14
8.632970674600885e+16,284878813361.5026,332336194026308.56,True,3.022766742711375e+16,2.302558398220248e-14
8.55866003781774e+16,286492086402.12335,316760467451093.9,True,3.0444449079885016e+16,2.3692992213570663e-14
8.482893508733664e+16,287820670051.6851,301474283188669.0,True,3.0650931307291276e+16,2.4360400444938844e-14
8.405721234335094e+16,288868631895.14655,286505940796564.1,True,3.084731676300086e+16,2.5027808676307025e-14
8.32719394839672e+16,289640934898.8401,271881229619612.5,True,3.1033826138461972e+16,2.5695216907675206e-14
8.247362916256069e+16,290143363778.03754,257623389727689.28,True,3.121069649499796e+16,2.6362625139043388e-14
8.166279879443942e+16,290382448446.04865,243753092121587.34,True,3.1378179545096076e+16,2.703003337041162e-14
8.083997000253653e+16,290365386466.444,230288437720708.72,True,3.1536539947601188e+16,2.76974416017798e-14
8.000566806331349e+16,290099964738.6254,217244974459641.22,True,3.1686053593105896e+16,2.8364849833147982e-14
7.916042135369e+16,289594481647.55756,204635731648355.5,True,3.1827005911900108e+16,2.9032258064516163e-14
7.830476079980474e+16,288857670332.7317,192471270595831.22,True,3.195969020885864e+16,2.9699666295884345e-14
7.743921932840064e+16,287898623825.2675,180759750360511.47,True,3.208440603786209e+16,3.0367074527252526e-14
7.656433132161587e+16,286726722668.3973,169507007374900.28,True,3.220145762450574e+16,3.103448275862071e-14
7.568063207594685e+16,285351565578.95074,158716647596653.25,True,3.2311152346253104e+16,3.170189098998889e-14
7.478865726613422e+16,283782903615.64954,148390149765189.94,True,3.2413799277768524e+16,3.236929922135707e-14
7.388894241470646e+16,282030578242.2034,138526978291366.6,True,3.2509707808478964e+16,3.30367074527253e-14
7.298202236789691e+16,280104463587.907,129124704277715.45,True,3.2599186338212216e+16,3.370411568409348e-14
7.206843077863062e+16,278014413130.95776,120179133157543.9,True,3.268254105582889e+16,3.4371523915461664e-14
7.114869959725834e+16,275770210956.28,111684437451989.52,True,3.276007480485678e+16,3.5038932146829845e-14
7.022335857069165e+16,273381527666.23035,103633293173255.1,True,3.2832086038968452e+16,3.5706340378198027e-14
6.929293475057175e+16,270857880959.10025,96017018448768.5,True,3.2898867869252444e+16,3.637374860956621e-14
6.835795201108089e+16,268208600833.22787,88825713002653.08,True,3.2960707204400028e+16,3.704115684093439e-14
6.741893057698032e+16,265442799319.09763,82048397206177.69,True,3.301788398385965e+16,3.770856507230257e-14
6.647638656243457e+16,262569344597.59842,75673149495604.36,True,3.307067050326176e+16,3.837597330367075e-14
6.553083152115449e+16,259596839324.66562,69687241052112.96,True,3.3119330830706476e+16,3.9043381535038983e-14
6.458277200836632e+16,256533602939.36163,64077266742196.37,True,3.316412031110038e+16,3.9710789766407165e-14
6.363270915508469e+16,253387657771.05447,58829271425996.55,True,3.3205285159242004e+16,4.0378197997775346e-14
6.268113825514241e+16,250166718572.30704,53928870853652.78,True,3.3243062130924204e+16,4.104560622914353e-14
6.172854836539862e+16,246878185320.75577,49361366483815.81,True,3.327767827553243e+16,4.171301446051171e-14
6.0775421919520104e+16,243529138961.5084,45111853672392.266,True,3.3309350762880268e+16,4.238042269187989e-14
5.982223435570049e+16,240126339802.0915,41165322791711.75,True,3.3338286779395336e+16,4.304783092324807e-14
5.886945375865314e+16,236676228289.00903,37506752949085.22,True,3.3364683489610856e+16,4.371523915461625e-14
5.7917540516183384e+16,233184927882.36298,34121198077982.086,True,3.338872805759155e+16,4.4382647385984434e-14
5.696694699061654e+16,229658249758.79663,30993865273621.824,True,3.3410597723183964e+16,4.5050055617352665e-14
5.601811720532819e+16,226101699086.57324,28110185336735.996,True,3.343045992813869e+16,4.5717463848720847e-14
5.507148654659243e+16,222520482618.8152,25455875573874.215,True,3.3448472486379976e+16,4.638487208008903e-14
5.412748148093605e+16,218919517379.9955,23016994979406.64,True,3.3464783793778784e+16,4.705228031145721e-14
5.318651928815471e+16,215303440235.6676,20779991992786.695,True,3.34795330728706e+16,4.771968854282539e-14
5.224900781011907e+16,211676618134.2211,18731745084683.973,True,3.3492850646740076e+16,4.838709677419357e-14
5.1315345215469224e+16,208043158827.90994,16859596476997.887,True,3.350485823643358e+16,4.905450500556175e-14
5.038591978026667e+16,204406921936.90912,15151379344767.926,True,3.3515669279529016e+16,4.9721913236929934e-14
4.946110968464506e+16,200771530216.61124,13595438882708.354,True,3.3525389266288228e+16,5.0389321468298116e-14
4.854128282547184e+16,197140380864.02502,12180647645880.258,True,3.353411608664883e+16,5.105672969966635e-14
4.762679664500691e+16,193516656755.20566,10896415593258.094,True,3.354194038458769e+16,5.172413793103453e-14
4.671799797551463e+16,189903337550.12845,9732695275135.512,True,3.35489459192441e+16,5.239154616240271e-14
4.581522289976242e+16,186303210553.96866,8679982611002.421,True,3.3555209927300844e+16,5.305895439377089e-14
4.491879662731004e+16,182718881277.49026,7729313704284.806,True,3.3560803484684116e+16,5.372636262513907e-14
4.402903338647066e+16,179152783639.72986,6872258134792.463,True,3.356579186491009e+16,5.4393770856507254e-14
4.314623633179888e+16,175607189770.55316,6100909159513.077,True,3.3570234891909532e+16,5.5061179087875435e-14
4.227069746693799e+16,172084219380.93073,5407871238139.942,True,3.357418728540364e+16,5.5728587319243616e-14
4.140269758263532e+16,168585848678.48096,4786245282072.675,True,3.357769899718077e+16,5.63959955506118e-14
4.054250620971251e+16,165113918814.35083,4229612005188.628,True,3.358081553687993e+16,5.706340378198003e-14
3.969038158675643e+16,161670143854.9925,3732013732030.4004,True,3.358357828612934e+16,5.773081201334821e-14
3.8846570642275304e+16,158256118279.04608,3287934994756.3516,True,3.358602480013427e+16,5.839822024471639e-14
3.8011308991046504e+16,154873324004.85294,2892282224756.8657,True,3.3588189095998104e+16,5.906562847608457e-14
3.718482094436256e+16,151523136958.86758,2540362818730.135,True,3.359010192726598e+16,5.973303670745275e-14
3.636731953386511e+16,148206833199.17566,2227863832665.5,True,3.3591791044371908e+16,6.040044493882094e-14
3.5559006548639692e+16,144925594611.15167,1950830530972.4802,True,3.3593281440806188e+16,6.106785317018912e-14
3.476007258522885e+16,141680514194.76077,1705644992256.9675,True,3.3594595584973276e+16,6.17352614015573e-14
3.397069711020597e+16,138472600964.8883,1489004948269.599,True,3.3595753637851784e+16,6.240266963292553e-14
3.319104853493976e+16,135302784487.05565,1297903008565.823,True,3.3596773656652136e+16,6.307007786429371e-14
3.2421284302164628e+16,132171919071.68771,1129606400625.81,True,3.3597671784771344e+16,6.373748609566189e-14
3.1661550983963772e+16,129080787650.54256,981637333731.1582,True,3.3598462428440164e+16,6.440489432703007e-14
3.0911984390758344e+16,126030105358.63512,851754074900.4235,True,3.359915842049793e+16,6.507230255839826e-14
3.0172709690888276e+16,123020522844.7177,737932806723.1349,True,3.359977117179137e+16,6.573971078976644e-14
2.9443841540361604e+16,120052629332.90236,638350320047.1067,True,3.3600310810751504e+16,6.640711902113462e-14
2.872548422234153e+16,117126955457.02025,551367579181.6558,True,3.360078631170879e+16,6.70745272525028e-14
2.8017731795934132e+16,114243975888.41432,475514183570.3392,True,3.3601205612533896e+16,6.774193548387098e-14
2.7320668253834336e+16,111404111776.90096,409473737729.4894,True,3.3601575722219788e+16,6.840934371523921e-14
2.663436768838372e+16,108607733023.31784,352070130592.30597,True,3.360190281900335e+16,6.907675194660739e-14
2.595889446558897e+16,105855160400.89833,302254716178.23425,True,3.360219233962729e+16,6.974416017797557e-14
2.529430340664945e+16,103146667541.5802,259094379646.4568,True,3.3602449060350548e+16,7.041156840934376e-14
2.4640639976539184e+16,100482482801.96896,221760466203.55386,True,3.3602677170283616e+16,7.107897664071194e-14
2.3997940479188376e+16,97862791022.47421,189518544927.52637,True,3.3602880337611464e+16,7.174638487208012e-14
2.336623225881041e+16,95287735192.01129,161718975245.6249,True,3.360306176926113e+16,7.24137931034483e-14
2.2745533906920916e+16,92757418029.38855,137788240463.8543,True,3.3603224264531724e+16,7.308120133481648e-14
2.2135855474597788e+16,90271903491.40001,117221010292.74794,True,3.3603370263182668e+16,7.374860956618466e-14
2.1537198689533944e+16,87831218216.64853,99572892650.54266,True,3.3603501888461956e+16,7.44160177975529e-14
2.0949557177438224e+16,85435352913.1666,84453834056.1065,True,3.3603620985540596e+16,7.508342602892108e-14
2.0372916687343984e+16,83084263696.43648,71522127560.65398,True,3.36037291556896e+16,7.575083426028926e-14
1.980725532039101e+16,80777873381.75493,60478987323.0688,True,3.3603827786117044e+16,7.641824249165744e-14
1.9252543761651176e+16,78516072748.6434,51063649529.098114,True,3.3603918078363852e+16,7.708565072302562e-14
1.870874551457551e+16,76298721763.05939,43048960314.972916,True,3.3604001071854828e+16,7.77530589543938e-14
1.8175817137647492e+16,74125650762.52095,36237412613.63152,True,3.36040776628043e+16,7.842046718576198e-14
1.7653708482834882e+16,71996661635.54988,30457595334.306408,True,3.360414862493237e+16,7.908787541713016e-14
1.7142362935441244e+16,69911528968.02623,25561019958.52627,True,3.3604214625925044e+16,7.975528364849834e-14
1.6641717654966782e+16,67870001163.30927,21419291438.00335,True,3.360427624055096e+16,8.042269187986658e-14
1.6151703816598128e+16,65871801549.64048,17921592169.036682,True,3.3604333963336276e+16,8.109010011123476e-14
1.5672246852955726e+16,63916629473.11102,14972449756.034752,True,3.3604388220458764e+16,8.175750834260294e-14
1.5203266695738978e+16,62004161368.40741,12489761231.313923,True,3.3604439378790212e+16,8.242491657397112e-14
1.4744678016919094e+16,60134051814.06817,10403048341.886358,True,3.3604487753563068e+16,8.30923248053393e-14
1.4296390469141054e+16,58305934579.018585,8651920423.835203,True,3.3604533616563428e+16,8.375973303670748e-14
1.3858308925007654e+16,56519423650.15741,7184723242.445841,True,3.360457720219689e+16,8.442714126807566e-14
1.3430333714930052e+16,54774114244.71074,5957353966.784714,True,3.3604618712350296e+16,8.509454949944385e-14
1.3012360863241528e+16,53069583811.83411,4932224159.526974,True,3.3604658321483868e+16,8.576195773081203e-14
1.2604282322283084e+16,51405393018.66338,4077354288.1638207,True,3.360469618073835e+16,8.642936596218026e-14
1.2205986204182268e+16,49781086722.614685,3365584796.5633945,True,3.360473242173109e+16,8.709677419354844e-14
1.1817357010058536e+16,48196194927.33003,2773890212.753278,True,3.3604767159364132e+16,8.776418242491662e-14
1.1438275856402306e+16,46650233713.40036,2282784108.217736,True,3.3604800490520212e+16,8.84315906562848e-14
1.1068620698386244e+16,45142706187.575165,1875803966.0725744,True,3.360483250426536e+16,8.909899888765298e-14
1.0708266549881288e+16,43673103374.43927,1539066161.6330802,True,3.3604863277397492e+16,8.976640711902116e-14
1.0357085699962226e+16,42240905112.6106,1260882311.6552937,True,3.3604892876700016e+16,9.043381535038935e-14
1.001494792570076e+16,40845580941.379776,1031429211.297986,True,3.3604921364133564e+16,9.110122358175753e-14
9681720701056728.0,39486590947.54308,842465454.6361344,True,3.3604948793082936e+16,9.176863181312571e-14
9357269401691060.0,38163386614.33085,687088629.8806618,True,3.3604975212147588e+16,9.243604004449394e-14
9041457505536936.0,36875411645.15319,559527699.1287794,True,3.360500066626855e+16,9.310344827586212e-14
8734146788977609.0,35622102761.73234,454965819.4996896,True,3.360502519454285e+16,9.37708565072303e-14
8435197518492912.0,34402890498.48466,369389442.98657984,True,3.3605048834831396e+16,9.443826473859848e-14
8144468637647835.0,33217199961.010506,299460051.34154284,True,3.360507162090548e+16,9.510567296996667e-14
7861817949309334.0,32064451574.68253,242405344.79083234,True,3.360509358401474e+16,9.577308120133485e-14
7587102292989290.0,30944061813.0107,195927114.177493,True,3.360511475468129e+16,9.644048943270303e-14
7320177717223415.0,29855443896.75809,158123389.88886583,True,3.3605135159867948e+16,9.710789766407121e-14
7060899646907384.0,28798008483.764435,127422782.05125979,True,3.360515482612103e+16,9.777530589543944e-14
6809123045522916.0,27771164330.023945,102529209.12197705,True,3.3605173778695548e+16,9.844271412680762e-14
6564702572197219.0,26774318929.90741,82375460.06900962,True,3.360519204063614e+16,9.91101223581758e-14
6327492733550523.0,25806879140.456455,66084252.4167473,True,3.360520963515174e+16,9.977753058954398e-14
6097348030296381.0,24868251777.351086,52935637.89172209,True,3.3605226583896108e+16,1.0044493882091217e-13
5874123098569826.0,23957844193.20687,42339772.29350511,True,3.3605242907549772e+16,1.0111234705228035e-13
5657672845968319.0,23075064834.56064,33814209.3435224,True,3.3605258626757068e+16,1.0177975528364853e-13
5447852582299879.0,22219323773.50757,26965002.17594736,True,3.3605273760462344e+16,1.0244716351501671e-13
5244518145041947.0,21390033222.927074,21471003.13242665,True,3.3605288327924016e+16,1.0311457174638489e-13
5047526019523516.0,20586608025.414448,17070844.68110135,True,3.360530234734709e+16,1.0378197997775312e-13
4856733453851388.0,19808466123.1008,13552163.458841354,True,3.3605315836169468e+16,1.044493882091213e-13
4671998568609635.0,19055029006.81538,10742697.295079894,True,3.360532881202984e+16,1.0511679644048949e-13
4493180461369082.0,18325722141.21408,8502943.092297927,True,3.3605341291364896e+16,1.0578420467185767e-13
4320139306051197.5,17619975371.8154,6720112.921094946,True,3.3605353290436556e+16,1.0645161290322585e-13
4152736447197470.0,16937223309.93192,5303167.792036953,True,3.3605364825328424e+16,1.0711902113459403e-13
3990834489202474.5,16276905696.112888,4178728.2621650696,True,3.3605375910978364e+16,1.0778642936596221e-13
3834297380574779.5,15638467745.85043,3287808.0175543893,True,3.36053865627224e+16,1.0845383759733039e-13
3682990493295941.5,15021360472.378399,2582977.6670134217,True,3.360539679499627e+16,1.0912124582869857e-13
3536780697353512.0,14425040991.558256,2026221.2211297045,True,3.3605406621780932e+16,1.097886540600668e-13
3395536430528941.5,13848972807.474964,1587103.315501714,True,3.3605416057269204e+16,1.1045606229143499e-13
3259127763526324.5,13292626077.248617,1241297.242528363,True,3.360542511447145e+16,1.1112347052280317e-13
3127426460532369.5,12755477859.58077,969390.4872693992,True,3.360543380659814e+16,1.1179087875417135e-13
3000306035302119.5,12237012343.327253,755917.1601747707,True,3.3605442146466856e+16,1.1245828698553953e-13
2877641802868638.5,11736721058.449074,588575.6042961455,True,3.3605450146090384e+16,1.1312569521690771e-13
2759310926978554.0,11254103070.565056,457596.84736597043,True,3.3605457817726908e+16,1.137931034482759e-13
2645192463358198.5,10788665157.036207,355235.7073531878,True,3.3605465172957264e+16,1.1446051167964407e-13
2535167398918099.0,10339921967.384077,275361.4459393877,True,3.3605472222992764e+16,1.1512791991101226e-13
2429118687005890.5,9907396167.575377,213129.06941982626,True,3.3605478979066772e+16,1.1579532814238049e-13
2326931278819913.0,9490618567.86075,164715.8461347586,True,3.36054854515606e+16,1.1646273637374867e-13
2228492151097584.0,9089128236.589256,127110.4664036215,True,3.3605491651074096e+16,1.1713014460511685e-13
2133690330194258.0,8702472598.154331,97944.61846682263,True,3.3605497587604748e+16,1.1779755283648503e-13
2042416912669443.8,8330207517.312275,75358.67900820196,True,3.3605503270761884e+16,1.184649610678532e-13
1954565082498213.0,7971897369.827495,57894.792282423055,True,3.3605508710262536e+16,1.191323692992214e-13
1870030125026509.2,7627115099.158101,44411.8986008427,True,3.360551391509101e+16,1.1979977753058957e-13
1788709437789273.2,7295442261.092764,34018.3217567313,True,3.3605518894161316e+16,1.2046718576195776e-13
1710502538310736.8,6976469055.680882,26018.378178746727,True,3.3605523656238276e+16,1.2113459399332594e-13
1635311069005991.0,6669794347.16688,19870.163308589217,True,3.3605528209418132e+16,1.2180200222469417e-13
1563038799302874.5,6375025673.153481,15152.2319909855,True,3.36055325619773e+16,1.2246941045606235e-13
1493591625102467.0,6091779242.252755,11537.34358448077,True,3.3605536721679304e+16,1.2313681868743053e-13
1426877565696146.2,5819679921.741526,8771.808876189532,True,3.3605540695988896e+16,1.2380422691879871e-13
1362806758255894.0,5558361215.336904,6659.271024963636,True,3.360554449243158e+16,1.244716351501669e-13
1301291450013741.5,5307465231.1664915,5047.990057586629,True,3.360554811787549e+16,1.2513904338153508e-13
1242245988244858.0,5066642641.274743,3820.89087170779,True,3.3605551579261252e+16,1.2580645161290326e-13
1185586808167379.8,4835552632.249423,2887.787223489226,True,3.3605554883245484e+16,1.2647385984427144e-13
1131232418870571.0,4613862847.891002,2179.316110571715,True,3.360555803606246e+16,1.2714126807563962e-13
1079103387381073.4,4401249324.456892,1642.2142531742195,True,3.3605561044014588e+16,1.2780867630700785e-13
1029122320975316.5,4197396418.4711475,1235.6458613406778,True,3.360556391300818e+16,1.2847608453837603e-13
981213847843960.4,4001996727.997817,928.3524710071624,True,3.360556664874301e+16,1.2914349276974421e-13
935304596212425.4,3814751007.591661,696.4445031732142,True,3.360556925687271e+16,1.298109010011124e-13
891323172019097.0,3635368077.227628,521.6929048481898,True,3.3605571742593812e+16,1.3047830923248058e-13
849200135250740.8,3463564725.9710383,390.2098260566185,True,3.3605574111183316e+16,1.3114571746384876e-13
808867975032096.0,3299065610.33895,291.431428095217,True,3.3605576367567972e+16,1.3181312569521694e-13
770261083564324.4,3141603148.095118,217.3349312103081,True,3.3605578516463572e+16,1.3248053392658512e-13
733315729004358.2,2990917407.731074,161.8369566204557,True,3.360558056261528e+16,1.3314794215795335e-13
697970027374698.5,2846755993.8604712,120.33194655507519,True,3.360558251035123e+16,1.3381535038932153e-13
664163913590500.1,2708873929.1666474,89.33863272684853,True,3.3605584363964504e+16,1.3448275862068971e-13
631839111688232.5,2577033533.00165,66.22970631368175,True,3.360558612764063e+16,1.351501668520579e-13
600939104337386.0,2451004297.0369754,49.025448080413,True,3.3605587805212172e+16,1.3581757508342608e-13
571409101714019.6,2330562758.4114714,36.23644414347347,True,3.360558940057501e+16,1.3648498331479426e-13
543196009812216.44,2215492370.468805,26.743908643486385,True,3.360559091736668e+16,1.3715239154616244e-13
516248398266693.6,2105583371.5635602,19.708770475921987,True,3.3605592359052532e+16,1.3781979977753062e-13
490516467757103.56,2000632652.1659787,14.502723608031022,True,3.3605593729101588e+16,1.384872080088988e-13
465952017061747.2,1900443620.4718878,10.656020196504896,True,3.360559503066317e+16,1.3915461624026703e-13
442508409825717.25,1804826066.928531,7.818005362615816,True,3.36055962669035e+16,1.3982202447163521e-13
420140541105647.2,1713596027.7829084,5.727332467453296,True,3.36055974408238e+16,1.404894327030034e-13
398804803750634.1,1626575647.9813976,4.189520902753572,True,3.3605598555232056e+16,1.4115684093437158e-13
378459054676067.4,1543593043.6525698,3.060073797810723,True,3.360559961294155e+16,1.4182424916573976e-13
359062581084505.06,1464482164.3316195,2.2317988188970124,True,3.3605600616566212e+16,1.4249165739710794e-13
340576066685045.6,1389082655.2085657,1.6253010774612007,True,3.360560156862193e+16,1.4315906562847612e-13
322961557960012.4,1317239719.5615723,1.1818660862184913,True,3.3605602471580044e+16,1.438264738598443e-13
306182430525257.1,1248803981.5532415,0.8581405326547419,True,3.3605603327699356e+16,1.4449388209121248e-13
290203355627757.25,1183631349.618378,0.6221631525279444,True,3.3605604139262036e+16,1.4516129032258072e-13
274990266821804.8,1121582880.544885,0.45040780886976617,True,3.3605604908378748e+16,1.458286985539489e-13
260510326862532.47,1062524644.4615091,0.32558419672880823,True,3.3605605637060404e+16,1.4649610678531708e-13
246731894853246.12,1006327590.8602864,0.235004689445712,True,3.3605606327323264e+16,1.4716351501668526e-13
233624493680611.12,952867415.7724321,0.16937354260987758,True,3.3605606980979936e+16,1.4783092324805344e-13
221158777769526.06,902024430.2728679,0.1218906713015768,True,3.360560759982979e+16,1.4849833147942162e-13
209306501187266.25,853683430.3930863,0.08758933805441664,True,3.3605608185613516e+16,1.491657397107898e-13
198040486124335.66,807733568.5680045,0.06284748737052614,True,3.36056087399101e+16,1.4983314794215798e-13
187334591777381.44,764068226.736652,0.04502777792389964,True,3.36056092643173e+16,1.5050055617352617e-13
177163683657466.9,722584891.160997,0.03221284278118309,True,3.36056097603207e+16,1.511679644048944e-13
167503603345068.0,683185029.0748059,0.02301089715399257,True,3.360561022932206e+16,1.5183537263626258e-13
158331138711213.0,645773967.234709,0.016413229022605152,True,3.3605610672716136e+16,1.5250278086763076e-13
149623994622396.72,610260772.4355513,0.011689892175416468,True,3.3605611091762576e+16,1.5317018909899894e-13
141360764145082.62,576558134.0737054,0.008313482679749186,True,3.3605611487721684e+16,1.5383759733036712e-13
133520900263937.94,544582248.7967285,0.005903526526048673,True,3.360561186177481e+16,1.545050055617353e-13
126084688126282.9,514252707.30238175,0.004185969785715868,True,3.3605612215025984e+16,1.5517241379310354e-13
119033217823684.47,485492383.3301255,0.002963716940147334,True,3.360561254857258e+16,1.5583982202447167e-13
112348357720087.56,458227324.8766443,0.0020952383441324614,True,3.3605612863424936e+16,1.565072302558399e-13
106012728334483.81,432386647.67697465,0.0014790615111657706,True,3.360561316055372e+16,1.5717463848720803e-13
100009676784678.77,407902430.97265327,0.0010425458007551024,True,3.360561344090368e+16,1.5784204671857626e-13
94323251797472.53,384709615.5880621,0.0007337703667689007,True,3.36056137053335e+16,1.585094549499444e-13
88938179289260.36,362745904.3368594,0.0005156812307141314,True,3.360561395470574e+16,1.5917686318131262e-13
83839838519923.42,341951664.76243234,0.00036187503456786154,True,3.360561418981275e+16,1.5984427141268086e-13
79014238821721.98,322269834.22596204,0.0002535666154799613,True,3.360561441140547e+16,1.6051167964404899e-13
74447996903849.86,303645827.34220636,0.0001774114679478791,True,3.3605614620231456e+16,1.6117908787541722e-13
70128314732323.09,286027445.759539,0.00012394456266142463,True,3.36056148169581e+16,1.6184649610678535e-13
66042957983890.164,269364790.28398603,8.646283151011091e-05,True,3.360561500224604e+16,1.6251390433815358e-13
62180235071809.06,253610175.33370638,6.022649955014732e-05,True,3.3605615176727244e+16,1.631813125695217e-13
58528976740458.77,238718045.71345392,4.1889192949403876e-05,True,3.360561534097425e+16,1.6384872080088994e-13
55078516225013.89,224644895.69450992,2.909193280006881e-05,True,3.3605615495522904e+16,1.6451612903225807e-13
51818669971646.02,211349190.37311217,2.017434195763577e-05,True,3.360561564030055e+16,1.651835372636263e-13
48739718913076.38,198791289.32101363,1.3969549714438096e-05,True,3.3605615776130788e+16,1.6585094549499454e-13
45832390293647.586,186933372.44545874,9.658766612148909e-06,True,3.3605615903984744e+16,1.6651835372636267e-13
43087840037522.836,175739368.06586245,6.66833145899022e-06,True,3.3605616024039124e+16,1.671857619577309e-13
40497635653089.5,165174883.20259553,4.5969410502984805e-06,True,3.3605616136925732e+16,1.6785317018909903e-13
38053739666140.555,155207136.00024596,3.1642948579985297e-06,True,3.3605616243109404e+16,1.6852057842046726e-13
35748493573990.01,145804890.28205615,2.174909638982068e-06,True,3.3605616342747716e+16,1.691879866518354e-13
33574602312248.95,136938392.20224372,1.4926629665073611e-06,True,3.3605616436360828e+16,1.6985539488320362e-13
31525119225653.91,128579308.94319946,1.0229127006045436e-06,True,3.3605616524351304e+16,1.7052280311457176e-13
29593431533989.75,120700669.43591125,6.999574852405258e-07,True,3.3605616606861924e+16,1.7119021134593999e-13
27773246283888.348,113276807.0670261,4.782566713700628e-07,True,3.3605616684319736e+16,1.7185761957730822e-13
26058576777008.973,106283304.32167467,3.2629220576369184e-07,True,3.3605616757072252e+16,1.7252502780867635e-13
24443729464905.1,99696939.33201545,2.222842314622918e-07,True,3.3605616825247772e+16,1.7319243604004458e-13
22923291300691.086,93495634.29238766,1.512052631942071e-07,True,3.3605616889195936e+16,1.738598442714127e-13
21492117537459.734,87658405.69187522,1.0270260578460064e-07,True,3.3605616949215748e+16,1.7452725250278094e-13
20145319963288.29,82165316.32882063,6.965500411636951e-08,True,3.360561700542169e+16,1.7519466073414908e-13
18878255562555.434,76997429.066566,4.71714787324454e-08,True,3.3605617058099188e+16,1.758620689655173e-13
17686515593233.2,72136762.28273888,3.1897964604108524e-08,True,3.3605617107504724e+16,1.7652947719688544e-13
16565915069753.93,67566246.97338976,2.1537870867204897e-08,True,3.360561715373974e+16,1.7719688542825367e-13
15512482641039.256,63269685.47057797,1.4521078890469377e-08,True,3.3605617197036616e+16,1.778642936596219e-13
14522450853261.945,59231711.72716866,9.775777833247403e-09,True,3.360561723761464e+16,1.7853170189099003e-13
13592246786934.793,55437753.12868019,6.5714330311777554e-09,True,3.360561727556317e+16,1.7919911012235826e-13
12718483057951.85,51873993.79076637,4.410879336460559e-09,True,3.3605617311070856e+16,1.798665183537264e-13
11897949172258.145,48527339.29775958,2.9562870353800767e-09,True,3.3605617344324596e+16,1.8053392658509463e-13
11127603223896.334,45385382.84183407,1.978446692032635e-09,True,3.3605617375402664e+16,1.8120133481646276e-13
10404563926256.893,42436372.722023085,1.3220821517434745e-09,True,3.3605617404457756e+16,1.81868743047831e-13
9726102966462.588,39669181.1603852,8.821630616199666e-10,True,3.3605617431648708e+16,1.8253615127919912e-13
9089637672921.86,37073274.39548018,5.877540559808687e-10,True,3.3605617457043708e+16,1.8320355951056735e-13
8492723986214.667,34638684.013607584,3.910197935793879e-10,True,3.360561748076599e+16,1.8387096774193558e-13
7933049723602.195,32355979.477129754,2.597515768448154e-10,True,3.360561750295014e+16,1.8453837597330371e-13
7408428127598.448,30216241.811339375,1.7229552120353736e-10,True,3.360561752365525e+16,1.8520578420467195e-13
6916791689193.517,28211038.41193078,1.141158922650174e-10,True,3.3605617542980496e+16,1.8587319243604008e-13
6456186236476.059,26332398.934627246,7.547004704202126e-11,True,3.360561756103956e+16,1.865406006674083e-13
6024765279573.057,24572792.23017521,4.983786860162211e-11,True,3.3605617577883428e+16,1.8720800889877644e-13
5620784602995.11,22925104.288689498,3.286250399523503e-11,True,3.3605617593591684e+16,1.8787541713014467e-13
5242597096657.804,21382617.157280438,2.163705731516467e-11,True,3.360561760826007e+16,1.885428253615128e-13
4888647817029.749,19938988.79622443,1.4224994028823093e-11,True,3.360561762193237e+16,1.8921023359288103e-13
4557469270049.6455,18588233.839836568,9.338182234517734e-12,True,3.3605617634672236e+16,1.8987764182424927e-13
4247676907642.088,17324705.228418626,6.1210926490536105e-12,True,3.3605617646560092e+16,1.905450500556174e-13
3957964829858.335,16143076.678823162,4.006377961071224e-12,True,3.360561765763337e+16,1.9121245828698563e-13
3687101684863.506,15038325.96208785,2.6183713560888788e-12,True,3.3605617667942836e+16,1.9187986651835376e-13
3433926759188.051,14005718.957019068,1.7087043436500788e-12,True,3.360561767755584e+16,1.92547274749722e-13
3197346250862.2397,13040794.44964399,1.1134198646658196e-12,True,3.360561768650425e+16,1.9321468298109012e-13
2976329718248.973,12139349.64935785,7.244482505099843e-13,True,3.360561769482844e+16,1.9388209121245835e-13
2769906697591.689,11297426.393157477,4.706652469885028e-13,True,3.360561770258464e+16,1.9454949944382648e-13
2577163482491.154,10511298.010288214,3.0533265791652305e-13,True,3.3605617709799876e+16,1.9521690767519472e-13
2397240058724.5156,9777456.820532795,1.9778381395120207e-13,True,3.360561771650616e+16,1.9588431590656295e-13
2229327188015.5884,9092602.239994187,1.2792770241202646e-13,True,3.360561772275031e+16,1.9655172413793108e-13
2072663634561.7776,8453629.469103217,8.262183127492148e-14,True,3.3605617728555156e+16,1.972191323692993e-13
1926533528316.5974,7857618.738440915,5.328210796108664e-14,True,3.360561773394599e+16,1.9788654060066744e-13
1790263859217.4995,7301825.088625371,3.431028652950735e-14,True,3.3605617738961696e+16,1.9855394883203567e-13
1663222096739.3687,6783668.661335646,2.206092191156892e-14,True,3.360561774362147e+16,1.992213570634038e-13
1544813929339.2048,6300725.4793536775,1.416378533842367e-14,True,3.3605617747945264e+16,1.9988876529477203e-13
1434481118542.6858,5850718.694180957,9.08011568142861e-15,True,3.3605617751965252e+16,2.0055617352614017e-13
1331699462603.0288,5431510.280545443,5.812457549043752e-15,True,3.3605617755697548e+16,2.012235817575084e-13
1235976864841.2,5041093.157882384,3.7152203263080296e-15,True,3.3605617759157796e+16,2.0189098998887663e-13
1146851501949.975,4677583.719527042,2.3711865454080655e-15,True,3.3605617762372576e+16,2.0255839822024476e-13
1063890087715.9733,4339214.751071498,1.511134908248641e-15,True,3.360561776535536e+16,2.03225806451613e-13
986686227780.6016,4024328.7200469994,9.6160590777299e-16,True,3.3605617768118384e+16,2.0389321468298112e-13
914858861224.467,3731371.4197253655,6.110086750032599e-16,True,3.360561777068354e+16,2.0456062291434935e-13
848050784920.0258,3458885.9504939215,3.8766268462354575e-16,True,3.3605617773062028e+16,2.0522803114571748e-13
785927256752.5591,3205507.022912742,2.4559356939383885e-16,True,3.3605617775263416e+16,2.0589543937708572e-13
728174673962.3794,2969955.5671628667,1.5535897707699371e-16,True,3.3605617777305664e+16,2.0656284760845385e-13
674499323008.618,2751033.63419934,9.813232415639817e-17,True,3.360561777919808e+16,2.0723025583982208e-13
624626197499.7618,2547619.574528317,6.189337806992765e-17,True,3.3605617780948096e+16,2.078976640711903e-13
578297880875.7126,2358663.4810814485,3.8979176416440216e-17,True,3.3605617782570424e+16,2.0856507230255844e-13
535273490662.7314,2183182.883219663,2.4511929643511416e-17,True,3.3605617784072764e+16,2.0923248053392667e-13
495327681254.70264,2020258.679447394,1.5391420906152164e-17,True,3.360561778546086e+16,2.098998887652948e-13
458249702302.26843,1869031.296930775,9.65019966033023e-18,True,3.3605617786746744e+16,2.1056729699666304e-13
423842509915.8436,1728697.0664216108,6.0415761543622655e-18,True,3.3605617787936764e+16,2.1123470522803117e-13
391921928008.5795,1598504.8016857828,3.776770375825851e-18,True,3.360561778903535e+16,2.119021134593994e-13
362315857222.1269,1477752.5730043985,2.3574759926875565e-18,True,3.3605617790052308e+16,2.1256952169076763e-13
334863528990.2131,1365784.6647737026,1.4693672229010316e-18,True,3.3605617790992844e+16,2.1323692992213576e-13
309414802404.15936,1261988.7076796459,9.144706868649229e-19,True,3.3605617791860372e+16,2.13904338153504e-13
285829501649.33105,1165792.9763464183,5.682842258673502e-19,True,3.3605617792662852e+16,2.1457174638487212e-13
263976791882.77307,1076663.8437712209,3.5262880516071677e-19,True,3.3605617793404556e+16,2.1523915461624036e-13
243734591520.18396,994103.3842601617,2.184873723737204e-19,True,3.3605617794088104e+16,2.1590656284760849e-13
224989018994.24167,917647.1169601628,1.3517341016472898e-19,True,3.3605617794719936e+16,2.1657397107897672e-13
207633872137.19568,846861.8824524364,8.350501740358127e-20,True,3.360561779530354e+16,2.1724137931034485e-13
191570138427.6302,781343.8452300703,5.1509844942232967e-20,True,3.3605617795840924e+16,2.1790878754171308e-13
176705534425.34842,720716.6152232698,3.1726655156650297e-20,True,3.3605617796337284e+16,2.185761957730813e-13
162954072798.7906,664629.4818638449,1.951258038335221e-20,True,3.3605617796795476e+16,2.1924360400444944e-13
150235655426.89954,612755.7544980948,1.1982887847536897e-20,True,3.3605617797217012e+16,2.1991101223581768e-13
138475691131.65384,564791.2032591556,7.347924008160699e-21,True,3.3605617797606092e+16,2.205784204671858e-13
127604736668.68015,520452.59480013343,4.499084915884919e-21,True,3.3605617797965024e+16,2.2124582869855404e-13
117558159671.83327,479476.3175695852,2.7506801682827354e-21,True,3.360561779829495e+16,2.2191323692992217e-13
108275822312.97305,441617.0915766912,1.6792384706045687e-21,True,3.360561779859926e+16,2.225806451612904e-13
99701784501.00513,406646.7578496479,1.0236253385714647e-21,True,3.3605617798879804e+16,2.2324805339265853e-13
91784025504.14172,374353.1430357166,6.230545233917752e-22,True,3.3605617799137468e+16,2.2391546162402676e-13
84474182936.85359,344538.9948254685,3.7867571105981713e-22,True,3.3605617799374936e+16,2.24582869855395e-13
77727308107.79285,317020.9841072495,2.29808040110606e-22,True,3.3605617799593724e+16,2.2525027808676313e-13
71501636777.4353,291628.7699722855,1.392577463124918e-22,True,3.3605617799794492e+16,2.2591768631813136e-13
65758374424.28222,268204.12389487284,8.426163448490916e-23,True,3.3605617799979396e+16,2.265850945494995e-13
60461495166.21935,246600.10960681917,5.0909257844039383e-23,True,3.360561780014964e+16,2.2725250278086772e-13
55577553529.289185,226680.31537179567,3.0712843626850435e-23,True,3.360561780030575e+16,2.2791991101223585e-13
51075508299.55003,208318.1355421535,1.8501190001021953e-23,True,3.360561780044941e+16,2.285873192436041e-13
46926557735.18693,191396.09844995657,1.1128475409110214e-23,True,3.360561780058157e+16,2.292547274749722e-13
43103985455.45974,175805.23784492482,6.683870860769424e-24,True,3.360561780070269e+16,2.2992213570634044e-13
39583016360.69215,161444.50524529652,4.008453051784294e-24,True,3.360561780081405e+16,2.305895439377087e-13
36340681973.21947,148220.22071327156,2.4003906721123977e-24,True,3.360561780091642e+16,2.312569521690768e-13
33355694623.249992,136045.55970560922,1.4353024549178546e-24,True,3.360561780101018e+16,2.3192436040044504e-13
30608329935.913467,124840.07378170786,8.56961476152451e-25,True,3.3605617801096308e+16,2.3259176863181317e-13
28080317106.474285,114529.24307671454,5.1089957711588325e-25,True,3.360561780117543e+16,2.332591768631814e-13
25754736479.883247,105044.05856634372,3.0413483064417354e-25,True,3.3605617801247852e+16,2.3392658509454953e-13
23615923978.509903,96320.63226289996,1.8078115481439416e-25,True,3.3605617801314324e+16,2.3459399332591776e-13
21649381948.195957,88299.83358925073,1.0729920824151286e-25,True,3.360561780137534e+16,2.352614015572859e-13
19841696017.66727,80926.95027907407,6.359108729478764e-26,True,3.360561780143115e+16,2.3592880978865413e-13
18180457589.984383,74151.3722481138,3.763157207634628e-26,True,3.3605617801482336e+16,2.3659621802002236e-13
16654191607.0773,67926.29697239173,2.2236419184192908e-26,True,3.3605617801529292e+16,2.372636262513905e-13
15252289249.61896,62208.454995847,1.311999604567227e-26,True,3.360561780157221e+16,2.379310344827587e-13
13964945254.554863,56957.85427169106,7.72963412454856e-27,True,3.3605617801611536e+16,2.3859844271412685e-13
12783099551.590754,52137.54211919364,4.547163136043119e-27,True,3.3605617801647584e+16,2.392658509454951e-13
11698382937.909245,47713.38365091544,2.671028409432109e-27,True,3.3605617801680516e+16,2.399332591768632e-13
10703066527.351654,43653.855594590976,1.5666531709378113e-27,True,3.3605617801710668e+16,2.4060066740823145e-13
9790014726.358696,39929.85449935647,9.175369927270283e-28,True,3.3605617801738284e+16,2.412680756395996e-13
8952641504.10715,36514.51837778747,5.36575297145951e-28,True,3.3605617801763492e+16,2.419354838709678e-13
8184869738.599536,33383.06089361339,3.1332433999064307e-28,True,3.360561780178655e+16,2.4260289210233604e-13
7481093433.95702,30512.617260008334,1.8268967252434244e-28,True,3.3605617801807656e+16,2.4327030033370417e-13
6836142616.913531,27882.101065355026,1.0636290777137856e-28,True,3.3605617801826916e+16,2.439377085650724e-13
6245250732.518302,25472.071292356817,6.183334980989852e-29,True,3.3605617801844516e+16,2.4460511679644053e-13
5704024370.375077,23264.608842547874,3.5893164711927355e-29,True,3.3605617801860612e+16,2.4527252502780877e-13
5208415163.41825,21243.201921779066,2.0804490713538292e-29,True,3.360561780187529e+16,2.459399332591769e-13
4754693711.267893,19392.639683213856,1.2040895877509155e-29,True,3.36056178018887e+16,2.4660734149054513e-13
4339425389.669171,17698.913562965376,6.958519941877291e-30,True,3.3605617801900948e+16,2.4727474972191326e-13
3959447916.4159875,16149.12577978419,4.015423005693942e-30,True,3.360561780191211e+16,2.479421579532815e-13
3611850552.5347686,14731.404504368355,2.3136737994800847e-30,True,3.3605617801922296e+16,2.486095661846497e-13
3293954825.372756,13434.825235959659,1.3311572895498982e-30,True,3.36056178019316e+16,2.4927697441601785e-13
3003296667.6337547,12249.337954066757,7.647384262234072e-31,True,3.3605617801940068e+16,2.499443826473861e-13
2737609873.355692,11165.6996415076,4.386850845882129e-31,True,3.3605617801947784e+16,2.506117908787542e-13
2494810778.3485727,10175.411801573497,2.5127492505913997e-31,True,3.360561780195483e+16,2.5127919911012245e-13
2272984078.741649,9270.662617120443,1.437149173130133e-31,True,3.3605617801961244e+16,2.519466073414906e-13
2070369707.0355966,8444.273422832788,8.20750019887161e-32,True,3.360561780196709e+16,2.526140155728588e-13
1885350690.4500585,7689.649183906937,4.680329244020763e-32,True,3.360561780197241e+16,2.5328142380422694e-13
1716441921.4123943,7000.732695022133,2.6650057767117124e-32,True,3.3605617801977252e+16,2.5394883203559517e-13
1562279774.7741911,6371.962232801119,1.515222356662485e-32,True,3.360561780198166e+16,2.546162402669634e-13
1421612510.7809,5798.232413067582,8.602227437566825e-33,True,3.360561780198568e+16,2.5528364849833154e-13
1293291406.9798837,5274.858021174159,4.876428964556184e-33,True,3.360561780198933e+16,2.5595105672969977e-13
1176262566.14484,4797.540599551627,2.76025431380585e-33,True,3.3605617801992652e+16,2.566184649610679e-13
1069559350.93752,4362.337591487988,1.560101652075423e-33,True,3.360561780199568e+16,2.5728587319243613e-13
972295399.4370217,3965.633854051933,8.804666409980747e-34,True,3.360561780199842e+16,2.5795328142380426e-13
883658178.8526319,3604.115366068206,4.9616867168877055e-34,True,3.360561780200091e+16,2.586206896551725e-13
802903037.7167495,3274.7449692091427,2.7919145603811162e-34,True,3.3605617802003188e+16,2.592880978865406e-13
729347719.6372222,2974.739991616575,1.568669005905462e-34,True,3.3605617802005244e+16,2.5995550611790885e-13
662367304.2893131,2701.551614076435,8.800689530912073e-35,True,3.3605617802007116e+16,2.606229143492771e-13
601389543.7550162,2452.845848669153,4.930135332020158e-35,True,3.360561780200882e+16,2.612903225806452e-13
545890564.5837277,2226.486009062427,2.757763420851419e-35,True,3.360561780201037e+16,2.6195773081201345e-13
495390908.0628136,2020.516560237238,1.5403232763806988e-35,True,3.3605617802011764e+16,2.626251390433816e-13
449451883.1581313,1833.1482434791444,8.590587828602474e-36,True,3.3605617802013036e+16,2.632925472747498e-13
407672208.42374563,1662.7443799681942,4.783988103402332e-36,True,3.3605617802014188e+16,2.6395995550611794e-13
369684920.89313847,1507.8082632877529,2.660198794264535e-36,True,3.360561780201523e+16,2.6462736373748617e-13
335154531.56111836,1366.9715576857288,1.4770469920696325e-36,True,3.3605617802016188e+16,2.652947719688543e-13
303774408.5520022,1238.9836249840116,8.188991830974602e-37,True,3.360561780201705e+16,2.6596218020022254e-13
275264370.45429033,1122.7017086794237,4.533395445274268e-37,True,3.3605617802017824e+16,2.6662958843159077e-13
249368473.5899575,1017.081909032347,2.5059505072529625e-37,True,3.360561780201853e+16,2.672969966629589e-13
225852978.18507525,921.1708878278063,1.3831802466426424e-37,True,3.360561780201917e+16,2.6796440489432713e-13
204504479.52304366,834.0982460396921,7.623257800958332e-38,True,3.3605617802019744e+16,2.6863181312569526e-13
185128191.1977233,755.0695218542975,4.195256182945208e-38,True,3.3605617802020268e+16,2.692992213570635e-13
167546368.5468592,683.3597604375032,2.3053310847723999e-38,True,3.3605617802020744e+16,2.699666295884316e-13
151596861.2405059,618.3076104775063,1.2649267770103326e-38,True,3.360561780202117e+16,2.7063403781979986e-13
137131784.8301047,559.3099059241221,6.930299073328834e-39,True,3.3605617802021556e+16,2.71301446051168e-13
124016301.83487874,505.8166944903464,3.7913694560201835e-39,True,3.3605617802021904e+16,2.719688542825362e-13
112127503.6580544,457.3266774015462,2.071074966543059e-39,True,3.3605617802022224e+16,2.7263626251390445e-13
101353385.28921129,413.3830275849987,1.129672949144515e-39,True,3.3605617802022508e+16,2.733036707452726e-13
91591905.36487062,373.5695560041625,6.152705244349467e-40,True,3.3605617802022764e+16,2.739710789766408e-13
82750124.73020475,337.50719817003073,3.3460769531113635e-40,True,3.3605617802023e+16,2.7463848720800894e-13
74743417.1736531,304.8507950191135,1.817024193756197e-40,True,3.3605617802023212e+16,2.753058954393772e-13
67494746.49637197,275.28614434671175,9.852410693423183e-41,True,3.36056178020234e+16,2.759733036707453e-13
60934004.53215372,248.52730083464337,5.334335251232326e-41,True,3.3605617802023576e+16,2.7664071190211354e-13
54997405.15367069,224.31410442651404,2.8838749110587683e-41,True,3.3605617802023732e+16,2.7730812013348167e-13
49626929.68962601,202.40991838908872,1.5567889415830512e-41,True,3.360561780202387e+16,2.779755283648499e-13
44769819.537156805,182.59955986566897,8.391388839821693e-42,True,3.3605617802024e+16,2.7864293659621813e-13
40378112.0864383,164.6874070839413,4.516474671181052e-42,True,3.3605617802024116e+16,2.7931034482758626e-13
36408216.38201506,148.49566863526104,2.4272713603679614e-42,True,3.3605617802024216e+16,2.799777530589545e-13
32820525.229596205,133.86280140152337,1.3025608749756968e-42,True,3.360561780202431e+16,2.8064516129032263e-13
29579060.71962988,120.64206477673575,6.9795663597029356e-43,True,3.3605617802024396e+16,2.8131256952169086e-13
26651150.381526347,108.70019981969439,3.7343581039415296e-43,True,3.360561780202447e+16,2.81979977753059e-13
24007131.406263795,97.91622288722728,1.995095447401373e-43,True,3.3605617802024544e+16,2.826473859844272e-13
21620080.58180489,88.18032414049628,1.0643061472901744e-43,True,3.3605617802024604e+16,2.8331479421579545e-13
19465567.77639026,79.39286209439295,5.6693079959381e-44,True,3.360561780202466e+16,2.839822024471636e-13
17521430.980648134,71.46344609738324,3.0154050776904697e-44,True,3.3605617802024708e+16,2.846496106785318e-13
15767571.081606993,64.31009929049765,1.6014618847413294e-44,True,3.360561780202475e+16,2.8531701890989995e-13
14185764.691131188,57.858495203644665,8.492462747125874e-45,True,3.3605617802024796e+16,2.859844271412682e-13
12759493.489029523,52.041261709176354,4.4969416873019436e-45,True,3.3605617802024828e+16,2.866518353726363e-13
11473788.667908594,46.79734656989352,2.3777853570631686e-45,True,3.3605617802024864e+16,2.8731924360400454e-13
10315089.183651382,42.071439295097555,1.2553357369094765e-45,True,3.3605617802024896e+16,2.8798665183537267e-13
9271112.622903258,37.81344445675614,6.617673728338148e-46,True,3.3605617802024916e+16,2.886540600667409e-13
8330737.597886135,33.97800202138317,3.4835620877429796e-46,True,3.3605617802024944e+16,2.8932146829810913e-13
7483896.669858594,30.52405062437714,1.831024109417006e-46,True,3.3605617802024964e+16,2.8998887652947726e-13
6721478.8862336725,27.41443005491891,9.609604257022978e-47,True,3.3605617802024984e+16,2.906562847608455e-13
6035241.093298792,24.615519533309474,5.036186853854196e-47,True,3.3605617802025e+16,2.9132369299221363e-13
5417727.257179442,22.09690865097665,2.635189625118354e-47,True,3.3605617802025012e+16,2.9199110122358186e-13
4862195.090648235,19.831098108326703,1.376972978275701e-47,True,3.3605617802025028e+16,2.9265850945495e-13
4362549.343025204,17.79322762888457,7.183931608248081e-48,True,3.3605617802025036e+16,2.933259176863182e-13
3913281.1651896373,15.960828651570306,3.7427048933967483e-48,True,3.360561780202505e+16,2.9399332591768635e-13
3509413.011982892,14.3135996079484,1.9467493697549464e-48,True,3.360561780202506e+16,2.946607341490546e-13
3146448.590403751,12.833201779401305,1.0112647264067354e-48,True,3.3605617802025068e+16,2.953281423804228e-13
2820327.4042954524,11.503073901695087,5.2445399778851924e-49,True,3.360561780202508e+16,2.9599555061179095e-13
2527383.485010857,10.308263842603854,2.716175131182367e-49,True,3.3605617802025092e+16,2.966629588431592e-13
2264307.933094114,9.235275823263072,1.4045984704610188e-49,True,3.3605617802025104e+16,2.973303670745273e-13
2028114.928591838,8.271931786781675,7.251701764293776e-50,True,3.360561780202511e+16,2.9799777530589554e-13
1816110.8974517863,7.407245639369476,3.73893275221391e-50,True,3.360561780202511e+16,2.9866518353726367e-13
1625866.548791271,6.631309200681981,1.9251891717975995e-50,True,3.360561780202511e+16,2.993325917686319e-13
1455191.5228366703,5.935188802128484,9.895521191379852e-51,True,3.360561780202511e+16,3.0000000000000003e-13
