short,name,material,region,mat_flag,wavelength_um,tau_fs,F0_jcm2,reference_I0_wcm2,I0_wcm2,n0,n2_m2_per_w,Eg_eV,mred_over_me,transmission_factor,dataset,point_index,I_wcm2,gamma_nacl_reference,Wtotal_peak_cm3_fs,Wtotal_direct_at_reference_cm3_fs
NaCl_NIR,"NaCl, 0.8 $\mu$m",NaCl,NIR,1,0.8,100.0,0.3922889852754974,,3685308967910.6084,1.5355957101938091,,8.5,1.0,0.9553815824783185,total_comparison,0,49999999999.99999,33.047035733953514,38.95017036544562,5889053707903.481
NaCl_NIR,"NaCl, 0.8 $\mu$m",NaCl,NIR,1,0.8,100.0,0.3922889852754974,,3685308967910.6084,1.5355957101938091,,8.5,1.0,0.9553815824783185,total_comparison,1,61199253779.35998,29.870634572901704,130.94516820169378,5889053707903.481
NaCl_NIR,"NaCl, 0.8 $\mu$m",NaCl,NIR,1,0.8,100.0,0.3922889852754974,,3685308967910.6084,1.5355957101938091,,8.5,1.0,0.9553815824783185,total_comparison,2,74906973263.01015,26.999541410339,440.2024153611589,5889053707903.481
NaCl_NIR,"NaCl, 0.8 $\mu$m",NaCl,NIR,1,0.8,100.0,0.3922889852754974,,3685308967910.6084,1.5355957101938091,,8.5,1.0,0.9553815824783185,total_comparison,3,91685017331.33382,24.404410779740466,1479.7704111338494,5889053707903.481
NaCl_NIR,"NaCl, 0.8 $\mu$m",NaCl,NIR,1,0.8,100.0,0.3922889852754974,,3685308967910.6084,1.5355957101938091,,8.5,1.0,0.9553815824783185,total_comparison,4,112221092868.50633,22.058717829860896,4974.054199679981,5889053707903.481
NaCl_NIR,"NaCl, 0.8 $\mu$m",NaCl,NIR,1,0.8,100.0,0.3922889852754974,,3685308967910.6084,1.5355957101938091,,8.5,1.0,0.9553815824783185,total_comparison,5,137356942837.13632,19.938487214014955,16718.417390923118,5889053707903.481
NaCl_NIR,"NaCl, 0.8 $\mu$m",NaCl,NIR,1,0.8,100.0,0.3922889852754974,,3685308967910.6084,1.5355957101938091,,8.5,1.0,0.9553815824783185,total_comparison,6,168122848060.939,18.02204803786386,56187.693966256615,5889053707903.481
NaCl_NIR,"NaCl, 0.8 $\mu$m",NaCl,NIR,1,0.8,100.0,0.3922889852754974,,3685308967910.6084,1.5355957101938091,,8.5,1.0,0.9553815824783185,total_comparison,7,205779856891.80368,16.289812361028652,188816.51088492508,5889053707903.481
NaCl_NIR,"NaCl, 0.8 $\mu$m",NaCl,NIR,1,0.8,100.0,0.3922889852754974,,3685308967910.6084,1.5355957101938091,,8.5,1.0,0.9553815824783185,total_comparison,8,251871473692.03748,14.724074988592394,634425.7507346646,5889053707903.481
NaCl_NIR,"NaCl, 0.8 $\mu$m",NaCl,NIR,1,0.8,100.0,0.3922889852754974,,3685308967910.6084,1.5355957101938091,,8.5,1.0,0.9553815824783185,total_comparison,9,308286924765.2079,13.308832506159204,2131329.8114463678,5889053707903.481
NaCl_NIR,"NaCl, 0.8 $\mu$m",NaCl,NIR,1,0.8,100.0,0.3922889852754974,,3685308967910.6084,1.5355957101938091,,8.5,1.0,0.9553815824783185,total_comparison,10,377338594911.2883,12.029619708825786,7158689.448652916,5889053707903.481
NaCl_NIR,"NaCl, 0.8 $\mu$m",NaCl,NIR,1,0.8,100.0,0.3922889852754974,,3685308967910.6084,1.5355957101938091,,8.5,1.0,0.9553815824783185,total_comparison,11,461856808614.461,10.873361752204673,24038814.227519527,5889053707903.481
NaCl_NIR,"NaCl, 0.8 $\mu$m",NaCl,NIR,1,0.8,100.0,0.3922889852754974,,3685308967910.6084,1.5355957101938091,,8.5,1.0,0.9553815824783185,total_comparison,12,565305840802.4338,9.828240514333595,80697488.41985756,5889053707903.481
NaCl_NIR,"NaCl, 0.8 $\mu$m",NaCl,NIR,1,0.8,100.0,0.3922889852754974,,3685308967910.6084,1.5355957101938091,,8.5,1.0,0.9553815824783185,total_comparison,13,691925912284.4525,8.883573802554938,270799061.96142244,5889053707903.481
NaCl_NIR,"NaCl, 0.8 $\mu$m",NaCl,NIR,1,0.8,100.0,0.3922889852754974,,3685308967910.6084,1.5355957101938091,,8.5,1.0,0.9553815824783185,total_comparison,14,846906990048.2278,8.02970617073787,908318361.066349,5889053707903.481
NaCl_NIR,"NaCl, 0.8 $\mu$m",NaCl,NIR,1,0.8,100.0,0.3922889852754974,,3685308967910.6084,1.5355957101938091,,8.5,1.0,0.9553815824783185,total_comparison,15,1036601516229.5078,7.2579102308850425,3045004490.2385917,5889053707903.481
NaCl_NIR,"NaCl, 0.8 $\mu$m",NaCl,NIR,1,0.8,100.0,0.3922889852754974,,3685308967910.6084,1.5355957101938091,,8.5,1.0,0.9553815824783185,total_comparison,16,1268784785195.9749,6.560297450429027,10200960297.214855,5889053707903.481
NaCl_NIR,"NaCl, 0.8 $\mu$m",NaCl,NIR,1,0.8,100.0,0.3922889852754974,,3685308967910.6084,1.5355957101938091,,8.5,1.0,0.9553815824783185,total_comparison,17,1552973641211.9841,5.929737523476842,34145081416.00557,5889053707903.481
NaCl_NIR,"NaCl, 0.8 $\mu$m",NaCl,NIR,1,0.8,100.0,0.3922889852754974,,3685308967910.6084,1.5355957101938091,,8.5,1.0,0.9553815824783185,total_comparison,18,1900816559623.7793,5.359785491895611,114172688185.4253,5889053707903.481
NaCl_NIR,"NaCl, 0.8 $\mu$m",NaCl,NIR,1,0.8,100.0,0.3922889852754974,,3685308967910.6084,1.5355957101938091,,8.5,1.0,0.9553815824783185,total_comparison,19,2326571100408.512,4.844615871343109,381270172017.42773,5889053707903.481
NaCl_NIR,"NaCl, 0.8 $\mu$m",NaCl,NIR,1,0.8,100.0,0.3922889852754974,,3685308967910.6084,1.5355957101938091,,8.5,1.0,0.9553815824783185,total_comparison,20,2847688304192.5073,4.378963108945006,1271151836662.9502,5889053707903.481
NaCl_NIR,"NaCl, 0.8 $\mu$m",NaCl,NIR,1,0.8,100.0,0.3922889852754974,,3685308967910.6084,1.5355957101938091,,8.5,1.0,0.9553815824783185,total_comparison,21,3485527984255.8506,3.958067764036201,4229292505450.387,5889053707903.481
NaCl_NIR,"NaCl, 0.8 $\mu$m",NaCl,NIR,1,0.8,100.0,0.3922889852754974,,3685308967910.6084,1.5355957101938091,,8.5,1.0,0.9553815824783185,total_comparison,22,4266234233270.6973,3.5776278618791357,14034167561681.773,5889053707903.481
NaCl_NIR,"NaCl, 0.8 $\mu$m",NaCl,NIR,1,0.8,100.0,0.3922889852754974,,3685308967910.6084,1.5355957101938091,,8.5,1.0,0.9553815824783185,total_comparison,23,5221807030482.533,3.2337549231450726,46407420690968.67,5889053707903.481
NaCl_NIR,"NaCl, 0.8 $\mu$m",NaCl,NIR,1,0.8,100.0,0.3922889852754974,,3685308967910.6084,1.5355957101938091,,8.5,1.0,0.9553815824783185,total_comparison,24,6391413872906.935,2.9229342197353096,152727027698291.06,5889053707903.481
NaCl_NIR,"NaCl, 0.8 $\mu$m",NaCl,NIR,1,0.8,100.0,0.3922889852754974,,3685308967910.6084,1.5355957101938091,,8.5,1.0,0.9553815824783185,total_comparison,25,7822995192339.04,2.6419888507167495,499199831371103.2,5889053707903.481
NaCl_NIR,"NaCl, 0.8 $\mu$m",NaCl,NIR,1,0.8,100.0,0.3922889852754974,,3685308967910.6084,1.5355957101938091,,8.5,1.0,0.9553815824783185,total_comparison,26,9575229361813.4,2.388047271191648,1614915642598811.2,5889053707903.481
NaCl_NIR,"NaCl, 0.8 $\mu$m",NaCl,NIR,1,0.8,100.0,0.3922889852754974,,3685308967910.6084,1.5355957101938091,,8.5,1.0,0.9553815824783185,total_comparison,27,11719937834183.947,2.1585139422139363,5133116774093378.0,5889053707903.481
NaCl_NIR,"NaCl, 0.8 $\mu$m",NaCl,NIR,1,0.8,100.0,0.3922889852754974,,3685308967910.6084,1.5355957101938091,,8.5,1.0,0.9553815824783185,total_comparison,28,14345028995850.922,1.951042801764553,1.5776507642924182e+16,5889053707903.481
NaCl_NIR,"NaCl, 0.8 $\mu$m",NaCl,NIR,1,0.8,100.0,0.3922889852754974,,3685308967910.6084,1.5355957101938091,,8.5,1.0,0.9553815824783185,total_comparison,29,17558101399787.162,1.763513285632508,4.4547283710409736e+16,5889053707903.481
NaCl_NIR,"NaCl, 0.8 $\mu$m",NaCl,NIR,1,0.8,100.0,0.3922889852754974,,3685308967910.6084,1.5355957101938091,,8.5,1.0,0.9553815824783185,total_comparison,30,21490854068986.207,1.5940086531108653,8.265500580804568e+16,5889053707903.481
NaCl_NIR,"NaCl, 0.8 $\mu$m",NaCl,NIR,1,0.8,100.0,0.3922889852754974,,3685308967910.6084,1.5355957101938091,,8.5,1.0,0.9553815824783185,total_comparison,31,26304484642061.562,1.440796395974414,8.329398046955198e+16,5889053707903.481
NaCl_NIR,"NaCl, 0.8 $\mu$m",NaCl,NIR,1,0.8,100.0,0.3922889852754974,,3685308967910.6084,1.5355957101938091,,8.5,1.0,0.9553815824783185,total_comparison,32,32196296622896.055,1.302310530499033,1.962099514847258e+17,5889053707903.481
NaCl_NIR,"NaCl, 0.8 $\mu$m",NaCl,NIR,1,0.8,100.0,0.3922889852754974,,3685308967910.6084,1.5355957101938091,,8.5,1.0,0.9553815824783185,total_comparison,33,39407786555603.33,1.1771355915293333,2.7362428661107815e+20,5889053707903.481
NaCl_NIR,"NaCl, 0.8 $\mu$m",NaCl,NIR,1,0.8,100.0,0.3922889852754974,,3685308967910.6084,1.5355957101938091,,8.5,1.0,0.9553815824783185,total_comparison,34,48234542605984.18,1.0639921649978126,4.821181738098191e+20,5889053707903.481
NaCl_NIR,"NaCl, 0.8 $\mu$m",NaCl,NIR,1,0.8,100.0,0.3922889852754974,,3685308967910.6084,1.5355957101938091,,8.5,1.0,0.9553815824783185,total_comparison,35,59038360277499.79,0.9617238110232752,6.129164330116636e+20,5889053707903.481
NaCl_NIR,"NaCl, 0.8 $\mu$m",NaCl,NIR,1,0.8,100.0,0.3922889852754974,,3685308967910.6084,1.5355957101938091,,8.5,1.0,0.9553815824783185,total_comparison,36,72262071866799.61,0.8692852439294397,7.520831161040089e+20,5889053707903.481
NaCl_NIR,"NaCl, 0.8 $\mu$m",NaCl,NIR,1,0.8,100.0,0.3922889852754974,,3685308967910.6084,1.5355957101938091,,8.5,1.0,0.9553815824783185,total_comparison,37,88447697495972.39,0.7857316483715259,9.250380755924016e+20,5889053707903.481
NaCl_NIR,"NaCl, 0.8 $\mu$m",NaCl,NIR,1,0.8,100.0,0.3922889852754974,,3685308967910.6084,1.5355957101938091,,8.5,1.0,0.9553815824783185,total_comparison,38,108258661705121.53,0.7102090223709673,1.1663089136200863e+21,5889053707903.481
NaCl_NIR,"NaCl, 0.8 $\mu$m",NaCl,NIR,1,0.8,100.0,0.3922889852754974,,3685308967910.6084,1.5355957101938091,,8.5,1.0,0.9553815824783185,total_comparison,39,132506986230112.27,0.6419454485542446,1.4590822777392147e+21,5889053707903.481
NaCl_NIR,"NaCl, 0.8 $\mu$m",NaCl,NIR,1,0.8,100.0,0.3922889852754974,,3685308967910.6084,1.5355957101938091,,8.5,1.0,0.9553815824783185,total_comparison,40,162186573556696.0,0.5802432043791454,1.8324128669346968e+21,5889053707903.481
NaCl_NIR,"NaCl, 0.8 $\mu$m",NaCl,NIR,1,0.8,100.0,0.3922889852754974,,3685308967910.6084,1.5355957101938091,,8.5,1.0,0.9553815824783185,total_comparison,41,198513945494021.47,0.5244716307069961,2.4951298083208865e+21,5889053707903.481
NaCl_NIR,"NaCl, 0.8 $\mu$m",NaCl,NIR,1,0.8,100.0,0.3922889852754974,,3685308967910.6084,1.5355957101938091,,8.5,1.0,0.9553815824783185,total_comparison,42,242978106580613.12,0.4740606858304846,3.142612595690263e+21,5889053707903.481
NaCl_NIR,"NaCl, 0.8 $\mu$m",NaCl,NIR,1,0.8,100.0,0.3922889852754974,,3685308967910.6084,1.5355957101938091,,8.5,1.0,0.9553815824783185,total_comparison,43,297401576149106.44,0.42849511907274185,4.0543905124281614e+21,5889053707903.481
NaCl_NIR,"NaCl, 0.8 $\mu$m",NaCl,NIR,1,0.8,100.0,0.3922889852754974,,3685308967910.6084,1.5355957101938091,,8.5,1.0,0.9553815824783185,total_comparison,44,364015090662616.4,0.3873092044059906,6.29818199292468e+21,5889053707903.481
NaCl_NIR,"NaCl, 0.8 $\mu$m",NaCl,NIR,1,0.8,100.0,0.3922889852754974,,3685308967910.6084,1.5355957101938091,,8.5,1.0,0.9553815824783185,total_comparison,45,445549038259562.0,0.35008198026203446,8.752714408303317e+21,5889053707903.481
NaCl_NIR,"NaCl, 0.8 $\mu$m",NaCl,NIR,1,0.8,100.0,0.3922889852754974,,3685308967910.6084,1.5355957101938091,,8.5,1.0,0.9553815824783185,total_comparison,46,545345373271936.4,0.31643294688064827,1.2289594454733547e+22,5889053707903.481
NaCl_NIR,"NaCl, 0.8 $\mu$m",NaCl,NIR,1,0.8,100.0,0.3922889852754974,,3685308967910.6084,1.5355957101938091,,8.5,1.0,0.9553815824783185,total_comparison,47,667494597925378.0,0.2860181772184474,1.8050956347348298e+22,5889053707903.481
NaCl_NIR,"NaCl, 0.8 $\mu$m",NaCl,NIR,1,0.8,100.0,0.3922889852754974,,3685308967910.6084,1.5355957101938091,,8.5,1.0,0.9553815824783185,total_comparison,48,817003425895741.2,0.25852680166777525,2.6032446082466986e+22,5889053707903.481
NaCl_NIR,"NaCl, 0.8 $\mu$m",NaCl,NIR,1,0.8,100.0,0.3922889852754974,,3685308967910.6084,1.5355957101938091,,8.5,1.0,0.9553815824783185,total_comparison,49,1000000000000000.0,0.2336778306559268,3.449187528204012e+22,5889053707903.481
NaCl_LWIR,"NaCl, 9.2 $\mu$m",NaCl,LWIR,1,9.2,2000.0,2.63,,1235360021490.0415,1.4997611259883368,,8.5,1.0,0.9600305729511427,total_comparison,0,49999999999.99999,2.8399276154031607,3.58889971941325e-64,0.00014534064849528095
NaCl_LWIR,"NaCl, 9.2 $\mu$m",NaCl,LWIR,1,9.2,2000.0,2.63,,1235360021490.0415,1.4997611259883368,,8.5,1.0,0.9600305729511427,total_comparison,1,61199253779.35998,2.566960640468053,8.524359184738735e-60,0.00014534064849528095
NaCl_LWIR,"NaCl, 9.2 $\mu$m",NaCl,LWIR,1,9.2,2000.0,2.63,,1235360021490.0415,1.4997611259883368,,8.5,1.0,0.9600305729511427,total_comparison,2,74906973263.01015,2.320230591080305,2.2905251503405434e-54,0.00014534064849528095
NaCl_LWIR,"NaCl, 9.2 $\mu$m",NaCl,LWIR,1,9.2,2000.0,2.63,,1235360021490.0415,1.4997611259883368,,8.5,1.0,0.9600305729511427,total_comparison,3,91685017331.33382,2.0972156374019253,3.8224495911501456e-50,0.00014534064849528095
NaCl_LWIR,"NaCl, 9.2 $\mu$m",NaCl,LWIR,1,9.2,2000.0,2.63,,1235360021490.0415,1.4997611259883368,,8.5,1.0,0.9600305729511427,total_comparison,4,112221092868.50633,1.8956363417807103,6.121066897412997e-46,0.00014534064849528095
NaCl_LWIR,"NaCl, 9.2 $\mu$m",NaCl,LWIR,1,9.2,2000.0,2.63,,1235360021490.0415,1.4997611259883368,,8.5,1.0,0.9600305729511427,total_comparison,5,137356942837.13632,1.7134323605994974,1.20790649981154e-41,0.00014534064849528095
NaCl_LWIR,"NaCl, 9.2 $\mu$m",NaCl,LWIR,1,9.2,2000.0,2.63,,1235360021490.0415,1.4997611259883368,,8.5,1.0,0.9600305729511427,total_comparison,6,168122848060.939,1.5487413854873135,2.7678152018801332e-37,0.00014534064849528095
NaCl_LWIR,"NaCl, 9.2 $\mu$m",NaCl,LWIR,1,9.2,2000.0,2.63,,1235360021490.0415,1.4997611259883368,,8.5,1.0,0.9600305729511427,total_comparison,7,205779856891.80368,1.3998801086504165,7.181795522244611e-33,0.00014534064849528095
NaCl_LWIR,"NaCl, 9.2 $\mu$m",NaCl,LWIR,1,9.2,2000.0,2.63,,1235360021490.0415,1.4997611259883368,,8.5,1.0,0.9600305729511427,total_comparison,8,251871473692.03748,1.265327017769652,9.419298849076778e-29,0.00014534064849528095
NaCl_LWIR,"NaCl, 9.2 $\mu$m",NaCl,LWIR,1,9.2,2000.0,2.63,,1235360021490.0415,1.4997611259883368,,8.5,1.0,0.9600305729511427,total_comparison,9,308286924765.2079,1.1437068446106928,6.280513515379622e-25,0.00014534064849528095
NaCl_LWIR,"NaCl, 9.2 $\mu$m",NaCl,LWIR,1,9.2,2000.0,2.63,,1235360021490.0415,1.4997611259883368,,8.5,1.0,0.9600305729511427,total_comparison,10,377338594911.2883,1.0337765083962474,2.267536989338111e-21,0.00014534064849528095
NaCl_LWIR,"NaCl, 9.2 $\mu$m",NaCl,LWIR,1,9.2,2000.0,2.63,,1235360021490.0415,1.4997611259883368,,8.5,1.0,0.9600305729511427,total_comparison,11,461856808614.461,0.9344124102673441,2.465970469368381e-18,0.00014534064849528095
NaCl_LWIR,"NaCl, 9.2 $\mu$m",NaCl,LWIR,1,9.2,2000.0,2.63,,1235360021490.0415,1.4997611259883368,,8.5,1.0,0.9600305729511427,total_comparison,12,565305840802.4338,0.8445989489702715,3.198396652254835e-15,0.00014534064849528095
NaCl_LWIR,"NaCl, 9.2 $\mu$m",NaCl,LWIR,1,9.2,2000.0,2.63,,1235360021490.0415,1.4997611259883368,,8.5,1.0,0.9600305729511427,total_comparison,13,691925912284.4525,0.7634181403879171,5.626563966032252e-12,0.00014534064849528095
NaCl_LWIR,"NaCl, 9.2 $\mu$m",NaCl,LWIR,1,9.2,2000.0,2.63,,1235360021490.0415,1.4997611259883368,,8.5,1.0,0.9600305729511427,total_comparison,14,846906990048.2278,0.6900402348166541,3.058755042658566e-09,0.00014534064849528095
NaCl_LWIR,"NaCl, 9.2 $\mu$m",NaCl,LWIR,1,9.2,2000.0,2.63,,1235360021490.0415,1.4997611259883368,,8.5,1.0,0.9600305729511427,total_comparison,15,1036601516229.5078,0.6237152360878842,7.862567665815733e-07,0.00014534064849528095
NaCl_LWIR,"NaCl, 9.2 $\mu$m",NaCl,LWIR,1,9.2,2000.0,2.63,,1235360021490.0415,1.4997611259883368,,8.5,1.0,0.9600305729511427,total_comparison,16,1268784785195.9749,0.5637652358511094,0.00022406319268352103,0.00014534064849528095
NaCl_LWIR,"NaCl, 9.2 $\mu$m",NaCl,LWIR,1,9.2,2000.0,2.63,,1235360021490.0415,1.4997611259883368,,8.5,1.0,0.9600305729511427,total_comparison,17,1552973641211.9841,0.5095774846671736,0.03737251086118431,0.00014534064849528095
NaCl_LWIR,"NaCl, 9.2 $\mu$m",NaCl,LWIR,1,9.2,2000.0,2.63,,1235360021490.0415,1.4997611259883368,,8.5,1.0,0.9600305729511427,total_comparison,18,1900816559623.7793,0.46059812909127695,3.5918695243283674,0.00014534064849528095
NaCl_LWIR,"NaCl, 9.2 $\mu$m",NaCl,LWIR,1,9.2,2000.0,2.63,,1235360021490.0415,1.4997611259883368,,8.5,1.0,0.9600305729511427,total_comparison,19,2326571100408.512,0.41632655073241537,303.8023478274426,0.00014534064849528095
NaCl_LWIR,"NaCl, 9.2 $\mu$m",NaCl,LWIR,1,9.2,2000.0,2.63,,1235360021490.0415,1.4997611259883368,,8.5,1.0,0.9600305729511427,total_comparison,20,2847688304192.5073,0.3763102494287422,17543.616854208904,0.00014534064849528095
NaCl_LWIR,"NaCl, 9.2 $\mu$m",NaCl,LWIR,1,9.2,2000.0,2.63,,1235360021490.0415,1.4997611259883368,,8.5,1.0,0.9600305729511427,total_comparison,21,3485527984255.8506,0.3401402182397405,670361.8913923018,0.00014534064849528095
NaCl_LWIR,"NaCl, 9.2 $\mu$m",NaCl,LWIR,1,9.2,2000.0,2.63,,1235360021490.0415,1.4997611259883368,,8.5,1.0,0.9600305729511427,total_comparison,22,4266234233270.6973,0.30744676298296325,18211248.093996692,0.00014534064849528095
NaCl_LWIR,"NaCl, 9.2 $\mu$m",NaCl,LWIR,1,9.2,2000.0,2.63,,1235360021490.0415,1.4997611259883368,,8.5,1.0,0.9600305729511427,total_comparison,23,5221807030482.533,0.27789572358679304,424129631.72387093,0.00014534064849528095
NaCl_LWIR,"NaCl, 9.2 $\mu$m",NaCl,LWIR,1,9.2,2000.0,2.63,,1235360021490.0415,1.4997611259883368,,8.5,1.0,0.9600305729511427,total_comparison,24,6391413872906.935,0.2511850586376369,6866089490.028642,0.00014534064849528095
NaCl_LWIR,"NaCl, 9.2 $\mu$m",NaCl,LWIR,1,9.2,2000.0,2.63,,1235360021490.0415,1.4997611259883368,,8.5,1.0,0.9600305729511427,total_comparison,25,7822995192339.04,0.22704175821218633,93392175963.85999,0.00014534064849528095
NaCl_LWIR,"NaCl, 9.2 $\mu$m",NaCl,LWIR,1,9.2,2000.0,2.63,,1235360021490.0415,1.4997611259883368,,8.5,1.0,0.9600305729511427,total_comparison,26,9575229361813.4,0.20521905344077246,1031380643456.0085,0.00014534064849528095
NaCl_LWIR,"NaCl, 9.2 $\mu$m",NaCl,LWIR,1,9.2,2000.0,2.63,,1235360021490.0415,1.4997611259883368,,8.5,1.0,0.9600305729511427,total_comparison,27,11719937834183.947,0.1854938942807488,9261006887807.453,0.00014534064849528095
NaCl_LWIR,"NaCl, 9.2 $\mu$m",NaCl,LWIR,1,9.2,2000.0,2.63,,1235360021490.0415,1.4997611259883368,,8.5,1.0,0.9600305729511427,total_comparison,28,14345028995850.922,0.1676646697201923,1.37437594788676e+20,0.00014534064849528095
NaCl_LWIR,"NaCl, 9.2 $\mu$m",NaCl,LWIR,1,9.2,2000.0,2.63,,1235360021490.0415,1.4997611259883368,,8.5,1.0,0.9600305729511427,total_comparison,29,17558101399787.162,0.1515491471101142,1.8510047013768338e+20,0.00014534064849528095
NaCl_LWIR,"NaCl, 9.2 $\mu$m",NaCl,LWIR,1,9.2,2000.0,2.63,,1235360021490.0415,1.4997611259883368,,8.5,1.0,0.9600305729511427,total_comparison,30,21490854068986.207,0.13698260956307506,2.2656229801780455e+20,0.00014534064849528095
NaCl_LWIR,"NaCl, 9.2 $\mu$m",NaCl,LWIR,1,9.2,2000.0,2.63,,1235360021490.0415,1.4997611259883368,,8.5,1.0,0.9600305729511427,total_comparison,31,26304484642061.562,0.12381617238054098,2.7731484483866906e+20,0.00014534064849528095
NaCl_LWIR,"NaCl, 9.2 $\mu$m",NaCl,LWIR,1,9.2,2000.0,2.63,,1235360021490.0415,1.4997611259883368,,8.5,1.0,0.9600305729511427,total_comparison,32,32196296622896.055,0.11191526130117105,3.394602468561882e+20,0.00014534064849528095
NaCl_LWIR,"NaCl, 9.2 $\mu$m",NaCl,LWIR,1,9.2,2000.0,2.63,,1235360021490.0415,1.4997611259883368,,8.5,1.0,0.9600305729511427,total_comparison,33,39407786555603.33,0.10115823701619965,4.155855141098493e+20,0.00014534064849528095
NaCl_LWIR,"NaCl, 9.2 $\mu$m",NaCl,LWIR,1,9.2,2000.0,2.63,,1235360021490.0415,1.4997611259883368,,8.5,1.0,0.9600305729511427,total_comparison,34,48234542605984.18,0.09143515189307401,5.089998061405036e+20,0.00014534064849528095
NaCl_LWIR,"NaCl, 9.2 $\mu$m",NaCl,LWIR,1,9.2,2000.0,2.63,,1235360021490.0415,1.4997611259883368,,8.5,1.0,0.9600305729511427,total_comparison,35,59038360277499.79,0.0826466261998085,6.237900145373831e+20,0.00014534064849528095
NaCl_LWIR,"NaCl, 9.2 $\mu$m",NaCl,LWIR,1,9.2,2000.0,2.63,,1235360021490.0415,1.4997611259883368,,8.5,1.0,0.9600305729511427,total_comparison,36,72262071866799.61,0.07470283234393894,7.658447898901751e+20,0.00014534064849528095
NaCl_LWIR,"NaCl, 9.2 $\mu$m",NaCl,LWIR,1,9.2,2000.0,2.63,,1235360021490.0415,1.4997611259883368,,8.5,1.0,0.9600305729511427,total_comparison,37,88447697495972.39,0.0675225767439684,9.439529034441237e+20,0.00014534064849528095
NaCl_LWIR,"NaCl, 9.2 $\mu$m",NaCl,LWIR,1,9.2,2000.0,2.63,,1235360021490.0415,1.4997611259883368,,8.5,1.0,0.9600305729511427,total_comparison,38,108258661705121.53,0.0610324699491133,1.1688300162440221e+21,0.00014534064849528095
NaCl_LWIR,"NaCl, 9.2 $\mu$m",NaCl,LWIR,1,9.2,2000.0,2.63,,1235360021490.0415,1.4997611259883368,,8.5,1.0,0.9600305729511427,total_comparison,39,132506986230112.27,0.0551661765251303,1.460234609724284e+21,0.00014534064849528095
NaCl_LWIR,"NaCl, 9.2 $\mu$m",NaCl,LWIR,1,9.2,2000.0,2.63,,1235360021490.0415,1.4997611259883368,,8.5,1.0,0.9600305729511427,total_comparison,40,162186573556696.0,0.04986373703930444,1.848240866272021e+21,0.00014534064849528095
NaCl_LWIR,"NaCl, 9.2 $\mu$m",NaCl,LWIR,1,9.2,2000.0,2.63,,1235360021490.0415,1.4997611259883368,,8.5,1.0,0.9600305729511427,total_comparison,41,198513945494021.47,0.045070955214600666,2.372353564125614e+21,0.00014534064849528095
NaCl_LWIR,"NaCl, 9.2 $\mu$m",NaCl,LWIR,1,9.2,2000.0,2.63,,1235360021490.0415,1.4997611259883368,,8.5,1.0,0.9600305729511427,total_comparison,42,242978106580613.12,0.0407388439890761,3.1279392502839624e+21,0.00014534064849528095
NaCl_LWIR,"NaCl, 9.2 $\mu$m",NaCl,LWIR,1,9.2,2000.0,2.63,,1235360021490.0415,1.4997611259883368,,8.5,1.0,0.9600305729511427,total_comparison,43,297401576149106.44,0.03682312481872227,4.205221557504091e+21,0.00014534064849528095
NaCl_LWIR,"NaCl, 9.2 $\mu$m",NaCl,LWIR,1,9.2,2000.0,2.63,,1235360021490.0415,1.4997611259883368,,8.5,1.0,0.9600305729511427,total_comparison,44,364015090662616.4,0.0332837751061073,5.797706536808807e+21,0.00014534064849528095
NaCl_LWIR,"NaCl, 9.2 $\mu$m",NaCl,LWIR,1,9.2,2000.0,2.63,,1235360021490.0415,1.4997611259883368,,8.5,1.0,0.9600305729511427,total_comparison,45,445549038259562.0,0.030084619129082654,8.15207080598094e+21,0.00014534064849528095
NaCl_LWIR,"NaCl, 9.2 $\mu$m",NaCl,LWIR,1,9.2,2000.0,2.63,,1235360021490.0415,1.4997611259883368,,8.5,1.0,0.9600305729511427,total_comparison,46,545345373271936.4,0.02719295828843305,1.1593211279361475e+22,0.00014534064849528095
NaCl_LWIR,"NaCl, 9.2 $\mu$m",NaCl,LWIR,1,9.2,2000.0,2.63,,1235360021490.0415,1.4997611259883368,,8.5,1.0,0.9600305729511427,total_comparison,47,667494597925378.0,0.02457923689522908,1.6844419106368716e+22,0.00014534064849528095
NaCl_LWIR,"NaCl, 9.2 $\mu$m",NaCl,LWIR,1,9.2,2000.0,2.63,,1235360021490.0415,1.4997611259883368,,8.5,1.0,0.9600305729511427,total_comparison,48,817003425895741.2,0.02221674008188984,2.4544125181276314e+22,0.00014534064849528095
NaCl_LWIR,"NaCl, 9.2 $\mu$m",NaCl,LWIR,1,9.2,2000.0,2.63,,1235360021490.0415,1.4997611259883368,,8.5,1.0,0.9600305729511427,total_comparison,49,1000000000000000.0,0.02008132074930516,3.580009097377376e+22,0.00014534064849528095
