short,name,material,region,mat_flag,wavelength_um,tau_fs,F0_jcm2,reference_I0_wcm2,I0_wcm2,n0,n2_m2_per_w,Eg_eV,mred_over_me,transmission_factor,pulse_energy_uj,beam_diameter_a_um,beam_diameter_b_um,dataset,point_index,I_wcm2,gamma_baf2_reference,Wtotal_peak_cm3_fs
BaF2_NIR,"BaF$_2$, 0.8 $\mu$m",BaF2,NIR,1,0.8,100.0,0.9441088245630304,,8869310249438.2,1.4703952174881585,,10.6,1.0,0.9637429121010729,361.0,226.6,429.7,total_comparison,0,49999999999.99999,36.112252258409534,0.005660022466447615
BaF2_NIR,"BaF$_2$, 0.8 $\mu$m",BaF2,NIR,1,0.8,100.0,0.9441088245630304,,8869310249438.2,1.4703952174881585,,10.6,1.0,0.9637429121010729,361.0,226.6,429.7,total_comparison,1,61199253779.35998,32.641229897273696,0.023279344145476857
BaF2_NIR,"BaF$_2$, 0.8 $\mu$m",BaF2,NIR,1,0.8,100.0,0.9441088245630304,,8869310249438.2,1.4703952174881585,,10.6,1.0,0.9637429121010729,361.0,226.6,429.7,total_comparison,2,74906973263.01015,29.503833811931806,0.0957325606998998
BaF2_NIR,"BaF$_2$, 0.8 $\mu$m",BaF2,NIR,1,0.8,100.0,0.9441088245630304,,8869310249438.2,1.4703952174881585,,10.6,1.0,0.9637429121010729,361.0,226.6,429.7,total_comparison,3,91685017331.33382,26.667996651523104,0.3936137507259218
BaF2_NIR,"BaF$_2$, 0.8 $\mu$m",BaF2,NIR,1,0.8,100.0,0.9441088245630304,,8869310249438.2,1.4703952174881585,,10.6,1.0,0.9637429121010729,361.0,226.6,429.7,total_comparison,4,112221092868.50633,24.104733301406895,1.6180214806006852
BaF2_NIR,"BaF$_2$, 0.8 $\mu$m",BaF2,NIR,1,0.8,100.0,0.9441088245630304,,8869310249438.2,1.4703952174881585,,10.6,1.0,0.9637429121010729,361.0,226.6,429.7,total_comparison,5,137356942837.13632,21.787844626070576,6.649348575111692
BaF2_NIR,"BaF$_2$, 0.8 $\mu$m",BaF2,NIR,1,0.8,100.0,0.9441088245630304,,8869310249438.2,1.4703952174881585,,10.6,1.0,0.9637429121010729,361.0,226.6,429.7,total_comparison,6,168122848060.939,19.693649687552632,27.316589950744337
BaF2_NIR,"BaF$_2$, 0.8 $\mu$m",BaF2,NIR,1,0.8,100.0,0.9441088245630304,,8869310249438.2,1.4703952174881585,,10.6,1.0,0.9637429121010729,361.0,226.6,429.7,total_comparison,7,205779856891.80368,17.800743702383777,112.17370944443357
BaF2_NIR,"BaF$_2$, 0.8 $\mu$m",BaF2,NIR,1,0.8,100.0,0.9441088245630304,,8869310249438.2,1.4703952174881585,,10.6,1.0,0.9637429121010729,361.0,226.6,429.7,total_comparison,8,251871473692.03748,16.0897792631211,460.3926713235954
BaF2_NIR,"BaF$_2$, 0.8 $\mu$m",BaF2,NIR,1,0.8,100.0,0.9441088245630304,,8869310249438.2,1.4703952174881585,,10.6,1.0,0.9637429121010729,361.0,226.6,429.7,total_comparison,9,308286924765.2079,14.543268588339586,1888.3482666365237
BaF2_NIR,"BaF$_2$, 0.8 $\mu$m",BaF2,NIR,1,0.8,100.0,0.9441088245630304,,8869310249438.2,1.4703952174881585,,10.6,1.0,0.9637429121010729,361.0,226.6,429.7,total_comparison,10,377338594911.2883,13.145404779876191,7738.946432307858
BaF2_NIR,"BaF$_2$, 0.8 $\mu$m",BaF2,NIR,1,0.8,100.0,0.9441088245630304,,8869310249438.2,1.4703952174881585,,10.6,1.0,0.9637429121010729,361.0,226.6,429.7,total_comparison,11,461856808614.461,11.881900260395362,31683.460799108845
BaF2_NIR,"BaF$_2$, 0.8 $\mu$m",BaF2,NIR,1,0.8,100.0,0.9441088245630304,,8869310249438.2,1.4703952174881585,,10.6,1.0,0.9637429121010729,361.0,226.6,429.7,total_comparison,12,565305840802.4338,10.739840739945102,129543.2850342139
BaF2_NIR,"BaF$_2$, 0.8 $\mu$m",BaF2,NIR,1,0.8,100.0,0.9441088245630304,,8869310249438.2,1.4703952174881585,,10.6,1.0,0.9637429121010729,361.0,226.6,429.7,total_comparison,13,691925912284.4525,9.707553218894512,528773.1702490204
BaF2_NIR,"BaF$_2$, 0.8 $\mu$m",BaF2,NIR,1,0.8,100.0,0.9441088245630304,,8869310249438.2,1.4703952174881585,,10.6,1.0,0.9637429121010729,361.0,226.6,429.7,total_comparison,14,846906990048.2278,8.774486678109799,2153683.9084679005
BaF2_NIR,"BaF$_2$, 0.8 $\mu$m",BaF2,NIR,1,0.8,100.0,0.9441088245630304,,8869310249438.2,1.4703952174881585,,10.6,1.0,0.9637429121010729,361.0,226.6,429.7,total_comparison,15,1036601516229.5078,7.931104236902047,8746985.344743034
BaF2_NIR,"BaF$_2$, 0.8 $\mu$m",BaF2,NIR,1,0.8,100.0,0.9441088245630304,,8869310249438.2,1.4703952174881585,,10.6,1.0,0.9637429121010729,361.0,226.6,429.7,total_comparison,16,1268784785195.9749,7.168785676492264,35390257.00917195
BaF2_NIR,"BaF$_2$, 0.8 $\mu$m",BaF2,NIR,1,0.8,100.0,0.9441088245630304,,8869310249438.2,1.4703952174881585,,10.6,1.0,0.9637429121010729,361.0,226.6,429.7,total_comparison,17,1552973641211.9841,6.479739332685215,142446682.75362438
BaF2_NIR,"BaF$_2$, 0.8 $\mu$m",BaF2,NIR,1,0.8,100.0,0.9441088245630304,,8869310249438.2,1.4703952174881585,,10.6,1.0,0.9637429121010729,361.0,226.6,429.7,total_comparison,18,1900816559623.7793,5.856922457206499,569169347.184066
BaF2_NIR,"BaF$_2$, 0.8 $\mu$m",BaF2,NIR,1,0.8,100.0,0.9441088245630304,,8869310249438.2,1.4703952174881585,,10.6,1.0,0.9637429121010729,361.0,226.6,429.7,total_comparison,19,2326571100408.512,5.293969233715204,2249896756.9839897
BaF2_NIR,"BaF$_2$, 0.8 $\mu$m",BaF2,NIR,1,0.8,100.0,0.9441088245630304,,8869310249438.2,1.4703952174881585,,10.6,1.0,0.9637429121010729,361.0,226.6,429.7,total_comparison,20,2847688304192.5073,4.7851257127434135,8746185675.389965
BaF2_NIR,"BaF$_2$, 0.8 $\mu$m",BaF2,NIR,1,0.8,100.0,0.9441088245630304,,8869310249438.2,1.4703952174881585,,10.6,1.0,0.9637429121010729,361.0,226.6,429.7,total_comparison,21,3485527984255.8506,4.325191000531975,33046826180.31784
BaF2_NIR,"BaF$_2$, 0.8 $\mu$m",BaF2,NIR,1,0.8,100.0,0.9441088245630304,,8869310249438.2,1.4703952174881585,,10.6,1.0,0.9637429121010729,361.0,226.6,429.7,total_comparison,22,4266234233270.6973,3.9094641006531687,118063453709.84456
BaF2_NIR,"BaF$_2$, 0.8 $\mu$m",BaF2,NIR,1,0.8,100.0,0.9441088245630304,,8869310249438.2,1.4703952174881585,,10.6,1.0,0.9637429121010729,361.0,226.6,429.7,total_comparison,23,5221807030482.533,3.533695865088052,362592250876.8013
BaF2_NIR,"BaF$_2$, 0.8 $\mu$m",BaF2,NIR,1,0.8,100.0,0.9441088245630304,,8869310249438.2,1.4703952174881585,,10.6,1.0,0.9637429121010729,361.0,226.6,429.7,total_comparison,24,6391413872906.935,3.194045563650052,517983526961.96814
BaF2_NIR,"BaF$_2$, 0.8 $\mu$m",BaF2,NIR,1,0.8,100.0,0.9441088245630304,,8869310249438.2,1.4703952174881585,,10.6,1.0,0.9637429121010729,361.0,226.6,429.7,total_comparison,25,7822995192339.04,2.8870416278505595,517761895034.63806
BaF2_NIR,"BaF$_2$, 0.8 $\mu$m",BaF2,NIR,1,0.8,100.0,0.9441088245630304,,8869310249438.2,1.4703952174881585,,10.6,1.0,0.9637429121010729,361.0,226.6,429.7,total_comparison,26,9575229361813.4,2.609546167969192,1421188651317.4326
BaF2_NIR,"BaF$_2$, 0.8 $\mu$m",BaF2,NIR,1,0.8,100.0,0.9441088245630304,,8869310249438.2,1.4703952174881585,,10.6,1.0,0.9637429121010729,361.0,226.6,429.7,total_comparison,27,11719937834183.947,2.3587229006575243,6787641362277.952
BaF2_NIR,"BaF$_2$, 0.8 $\mu$m",BaF2,NIR,1,0.8,100.0,0.9441088245630304,,8869310249438.2,1.4703952174881585,,10.6,1.0,0.9637429121010729,361.0,226.6,429.7,total_comparison,28,14345028995850.922,2.132008159263933,32127435956264.75
BaF2_NIR,"BaF$_2$, 0.8 $\mu$m",BaF2,NIR,1,0.8,100.0,0.9441088245630304,,8869310249438.2,1.4703952174881585,,10.6,1.0,0.9637429121010729,361.0,226.6,429.7,total_comparison,29,17558101399787.162,1.9270846905759378,150598840138076.94
BaF2_NIR,"BaF$_2$, 0.8 $\mu$m",BaF2,NIR,1,0.8,100.0,0.9441088245630304,,8869310249438.2,1.4703952174881585,,10.6,1.0,0.9637429121010729,361.0,226.6,429.7,total_comparison,30,21490854068986.207,1.7418579701563064,698430702022804.5
BaF2_NIR,"BaF$_2$, 0.8 $\mu$m",BaF2,NIR,1,0.8,100.0,0.9441088245630304,,8869310249438.2,1.4703952174881585,,10.6,1.0,0.9637429121010729,361.0,226.6,429.7,total_comparison,31,26304484642061.562,1.5744347941917756,3197822859678938.0
BaF2_NIR,"BaF$_2$, 0.8 $\mu$m",BaF2,NIR,1,0.8,100.0,0.9441088245630304,,8869310249438.2,1.4703952174881585,,10.6,1.0,0.9637429121010729,361.0,226.6,429.7,total_comparison,32,32196296622896.055,1.4231039290415042,1.4362143094347284e+16
BaF2_NIR,"BaF$_2$, 0.8 $\mu$m",BaF2,NIR,1,0.8,100.0,0.9441088245630304,,8869310249438.2,1.4703952174881585,,10.6,1.0,0.9637429121010729,361.0,226.6,429.7,total_comparison,33,39407786555603.33,1.286318620704137,6.150079338029517e+16
BaF2_NIR,"BaF$_2$, 0.8 $\mu$m",BaF2,NIR,1,0.8,100.0,0.9441088245630304,,8869310249438.2,1.4703952174881585,,10.6,1.0,0.9637429121010729,361.0,226.6,429.7,total_comparison,34,48234542605984.18,1.1626807854326011,2.0099013626779898e+17
BaF2_NIR,"BaF$_2$, 0.8 $\mu$m",BaF2,NIR,1,0.8,100.0,0.9441088245630304,,8869310249438.2,1.4703952174881585,,10.6,1.0,0.9637429121010729,361.0,226.6,429.7,total_comparison,35,59038360277499.79,1.0509267199087646,2.9312415024966784e+17
BaF2_NIR,"BaF$_2$, 0.8 $\mu$m",BaF2,NIR,1,0.8,100.0,0.9441088245630304,,8869310249438.2,1.4703952174881585,,10.6,1.0,0.9637429121010729,361.0,226.6,429.7,total_comparison,36,72262071866799.61,0.9499141849215866,6.84311039182408e+20
BaF2_NIR,"BaF$_2$, 0.8 $\mu$m",BaF2,NIR,1,0.8,100.0,0.9441088245630304,,8869310249438.2,1.4703952174881585,,10.6,1.0,0.9637429121010729,361.0,226.6,429.7,total_comparison,37,88447697495972.39,0.8586107305308365,1.0533614773428599e+21
BaF2_NIR,"BaF$_2$, 0.8 $\mu$m",BaF2,NIR,1,0.8,100.0,0.9441088245630304,,8869310249438.2,1.4703952174881585,,10.6,1.0,0.9637429121010729,361.0,226.6,429.7,total_comparison,38,108258661705121.53,0.7760831433878969,1.3015613051565071e+21
BaF2_NIR,"BaF$_2$, 0.8 $\mu$m",BaF2,NIR,1,0.8,100.0,0.9441088245630304,,8869310249438.2,1.4703952174881585,,10.6,1.0,0.9637429121010729,361.0,226.6,429.7,total_comparison,39,132506986230112.27,0.7014879083545386,1.603207882181897e+21
BaF2_NIR,"BaF$_2$, 0.8 $\mu$m",BaF2,NIR,1,0.8,100.0,0.9441088245630304,,8869310249438.2,1.4703952174881585,,10.6,1.0,0.9637429121010729,361.0,226.6,429.7,total_comparison,40,162186573556696.0,0.6340625869278474,1.961812159029469e+21
BaF2_NIR,"BaF$_2$, 0.8 $\mu$m",BaF2,NIR,1,0.8,100.0,0.9441088245630304,,8869310249438.2,1.4703952174881585,,10.6,1.0,0.9637429121010729,361.0,226.6,429.7,total_comparison,41,198513945494021.47,0.5731180243500958,2.449757624381e+21
BaF2_NIR,"BaF$_2$, 0.8 $\mu$m",BaF2,NIR,1,0.8,100.0,0.9441088245630304,,8869310249438.2,1.4703952174881585,,10.6,1.0,0.9637429121010729,361.0,226.6,429.7,total_comparison,42,242978106580613.12,0.5180313057523677,3.010269615815525e+21
BaF2_NIR,"BaF$_2$, 0.8 $\mu$m",BaF2,NIR,1,0.8,100.0,0.9441088245630304,,8869310249438.2,1.4703952174881585,,10.6,1.0,0.9637429121010729,361.0,226.6,429.7,total_comparison,43,297401576149106.44,0.4682393893366272,3.889294191262671e+21
BaF2_NIR,"BaF$_2$, 0.8 $\mu$m",BaF2,NIR,1,0.8,100.0,0.9441088245630304,,8869310249438.2,1.4703952174881585,,10.6,1.0,0.9637429121010729,361.0,226.6,429.7,total_comparison,44,364015090662616.4,0.4232333515209286,5.018848897070631e+21
BaF2_NIR,"BaF$_2$, 0.8 $\mu$m",BaF2,NIR,1,0.8,100.0,0.9441088245630304,,8869310249438.2,1.4703952174881585,,10.6,1.0,0.9637429121010729,361.0,226.6,429.7,total_comparison,45,445549038259562.0,0.382553185227355,6.516595484232931e+21
BaF2_NIR,"BaF$_2$, 0.8 $\mu$m",BaF2,NIR,1,0.8,100.0,0.9441088245630304,,8869310249438.2,1.4703952174881585,,10.6,1.0,0.9637429121010729,361.0,226.6,429.7,total_comparison,46,545345373271936.4,0.3457830981459352,8.739274403634271e+21
BaF2_NIR,"BaF$_2$, 0.8 $\mu$m",BaF2,NIR,1,0.8,100.0,0.9441088245630304,,8869310249438.2,1.4703952174881585,,10.6,1.0,0.9637429121010729,361.0,226.6,429.7,total_comparison,47,667494597925378.0,0.31254726291807705,1.1668329736121799e+22
BaF2_NIR,"BaF$_2$, 0.8 $\mu$m",BaF2,NIR,1,0.8,100.0,0.9441088245630304,,8869310249438.2,1.4703952174881585,,10.6,1.0,0.9637429121010729,361.0,226.6,429.7,total_comparison,48,817003425895741.2,0.282505975802073,1.4876841897534043e+22
BaF2_NIR,"BaF$_2$, 0.8 $\mu$m",BaF2,NIR,1,0.8,100.0,0.9441088245630304,,8869310249438.2,1.4703952174881585,,10.6,1.0,0.9637429121010729,361.0,226.6,429.7,total_comparison,49,1000000000000000.0,0.2553521845584059,2.3171787553307355e+22
