short,name,material,region,mat_flag,wavelength_um,tau_fs,F0_jcm2,beam_radius_a_um,beam_radius_b_um,beam_radius_definition,fluence_basis,reference_I0_wcm2,I0_wcm2,n0,n2_m2_per_w,Eg_eV,mred_over_me,reduced_mass_definition,gamma_electron_mass_over_me,gamma_heavy_hole_mass_over_me,kappa_recorded_not_used,transmission_factor,reference_file,diagnostic_only,parameter_status,dataset,point_index,I_wcm2,gamma_gaas_reference,Wpi_peak_cm3_fs,Wav_peak_cm3_fs,Wtotal_peak_cm3_fs,ne_max_cm3
GaAs_NIR,"GaAs, 0.8 $\mu$m",GaAs,NIR,1,0.8,100.0,0.022,162.1,152.4,1/e^2 intensity radius,surface incident,,206676201313.9233,3.682,,1.4239999999999997,0.05908289241622576,Gamma electron-heavy-hole reduced mass,0.067,0.5,0.069,0.6718633588314177,../input_parameters/GaAs_Keldysh_Parameter.docx,True,"800 nm is above the 300 K direct gap. The input index is n+i*kappa = 3.682+0.069i, but this zero-D Keldysh/avalanche result uses only Re(n); it is diagnostic only and omits direct one-photon interband absorption, complex-index propagation, and loss.",component_scaling,0,10000000000.0,16.09949905389595,1.8003535619682778e+17,5.153819816585456e+16,2.2828217839721795e+17,2.338471182094356e+19
GaAs_NIR,"GaAs, 0.8 $\mu$m",GaAs,NIR,1,0.8,100.0,0.022,162.1,152.4,1/e^2 intensity radius,surface incident,,206676201313.9233,3.682,,1.4239999999999997,0.05908289241622576,Gamma electron-heavy-hole reduced mass,0.067,0.5,0.069,0.6718633588314177,../input_parameters/GaAs_Keldysh_Parameter.docx,True,"800 nm is above the 300 K direct gap. The input index is n+i*kappa = 3.682+0.069i, but this zero-D Keldysh/avalanche result uses only Re(n); it is diagnostic only and omits direct one-photon interband absorption, complex-index propagation, and loss.",component_scaling,1,12648552168.552958,14.315019855150869,2.2764909099400528e+17,7.287980041747014e+16,2.980242529872718e+17,3.0328675699273978e+19
GaAs_NIR,"GaAs, 0.8 $\mu$m",GaAs,NIR,1,0.8,100.0,0.022,162.1,152.4,1/e^2 intensity radius,surface incident,,206676201313.9233,3.682,,1.4239999999999997,0.05908289241622576,Gamma electron-heavy-hole reduced mass,0.067,0.5,0.069,0.6718633588314177,../input_parameters/GaAs_Keldysh_Parameter.docx,True,"800 nm is above the 300 K direct gap. The input index is n+i*kappa = 3.682+0.069i, but this zero-D Keldysh/avalanche result uses only Re(n); it is diagnostic only and omits direct one-photon interband absorption, complex-index propagation, and loss.",component_scaling,2,15998587196.060574,12.728333519406906,2.8783170810339667e+17,9.96956889233313e+16,3.8584999531524563e+17,3.918947858805837e+19
GaAs_NIR,"GaAs, 0.8 $\mu$m",GaAs,NIR,1,0.8,100.0,0.022,162.1,152.4,1/e^2 intensity radius,surface incident,,206676201313.9233,3.682,,1.4239999999999997,0.05908289241622576,Gamma electron-heavy-hole reduced mass,0.067,0.5,0.069,0.6718633588314177,../input_parameters/GaAs_Keldysh_Parameter.docx,True,"800 nm is above the 300 K direct gap. The input index is n+i*kappa = 3.682+0.069i, but this zero-D Keldysh/avalanche result uses only Re(n); it is diagnostic only and omits direct one-photon interband absorption, complex-index propagation, and loss.",component_scaling,3,20235896477.251556,11.317516553982447,3.6388273910464006e+17,1.3301528830826011e+17,4.958735754337659e+17,5.045567026606423e+19
GaAs_NIR,"GaAs, 0.8 $\mu$m",GaAs,NIR,1,0.8,100.0,0.022,162.1,152.4,1/e^2 intensity radius,surface incident,,206676201313.9233,3.682,,1.4239999999999997,0.05908289241622576,Gamma electron-heavy-hole reduced mass,0.067,0.5,0.069,0.6718633588314177,../input_parameters/GaAs_Keldysh_Parameter.docx,True,"800 nm is above the 300 K direct gap. The input index is n+i*kappa = 3.682+0.069i, but this zero-D Keldysh/avalanche result uses only Re(n); it is diagnostic only and omits direct one-photon interband absorption, complex-index propagation, and loss.",component_scaling,4,25595479226.99533,10.06307548072759,4.5996063410880915e+17,1.742655426210947e+17,6.336704357006491e+17,6.474689041119888e+19
GaAs_NIR,"GaAs, 0.8 $\mu$m",GaAs,NIR,1,0.8,100.0,0.022,162.1,152.4,1/e^2 intensity radius,surface incident,,206676201313.9233,3.682,,1.4239999999999997,0.05908289241622576,Gamma electron-heavy-hole reduced mass,0.067,0.5,0.069,0.6718633588314177,../input_parameters/GaAs_Keldysh_Parameter.docx,True,"800 nm is above the 300 K direct gap. The input index is n+i*kappa = 3.682+0.069i, but this zero-D Keldysh/avalanche result uses only Re(n); it is diagnostic only and omits direct one-photon interband absorption, complex-index propagation, and loss.",component_scaling,5,32374575428.1764,8.947677491594845,5.812939586640415e+17,2.2547211633607616e+17,8.064901583492492e+17,8.284765313564189e+19
GaAs_NIR,"GaAs, 0.8 $\mu$m",GaAs,NIR,1,0.8,100.0,0.022,162.1,152.4,1/e^2 intensity radius,surface incident,,206676201313.9233,3.682,,1.4239999999999997,0.05908289241622576,Gamma electron-heavy-hole reduced mass,0.067,0.5,0.069,0.6718633588314177,../input_parameters/GaAs_Keldysh_Parameter.docx,True,"800 nm is above the 300 K direct gap. The input index is n+i*kappa = 3.682+0.069i, but this zero-D Keldysh/avalanche result uses only Re(n); it is diagnostic only and omits direct one-photon interband absorption, complex-index propagation, and loss.",component_scaling,6,40949150623.80419,7.955910958525811,7.344441469032252e+17,2.8929219024373414e+17,1.0236367410839702e+18,1.057490763430835e+20
GaAs_NIR,"GaAs, 0.8 $\mu$m",GaAs,NIR,1,0.8,100.0,0.022,162.1,152.4,1/e^2 intensity radius,surface incident,,206676201313.9233,3.682,,1.4239999999999997,0.05908289241622576,Gamma electron-heavy-hole reduced mass,0.067,0.5,0.069,0.6718633588314177,../input_parameters/GaAs_Keldysh_Parameter.docx,True,"800 nm is above the 300 K direct gap. The input index is n+i*kappa = 3.682+0.069i, but this zero-D Keldysh/avalanche result uses only Re(n); it is diagnostic only and omits direct one-photon interband absorption, complex-index propagation, and loss.",component_scaling,7,51794746792.31202,7.074072488581508,9.276204266003288e+17,3.691585313062046e+17,1.2967789579065334e+18,1.3470046943584269e+20
GaAs_NIR,"GaAs, 0.8 $\mu$m",GaAs,NIR,1,0.8,100.0,0.022,162.1,152.4,1/e^2 intensity radius,surface incident,,206676201313.9233,3.682,,1.4239999999999997,0.05908289241622576,Gamma electron-heavy-hole reduced mass,0.067,0.5,0.069,0.6718633588314177,../input_parameters/GaAs_Keldysh_Parameter.docx,True,"800 nm is above the 300 K direct gap. The input index is n+i*kappa = 3.682+0.069i, but this zero-D Keldysh/avalanche result uses only Re(n); it is diagnostic only and omits direct one-photon interband absorption, complex-index propagation, and loss.",component_scaling,8,65512855685.954956,6.289977582023918,1.1710478534319322e+18,4.6953962463345056e+17,1.640587478065383e+18,1.712725899428184e+20
GaAs_NIR,"GaAs, 0.8 $\mu$m",GaAs,NIR,1,0.8,100.0,0.022,162.1,152.4,1/e^2 intensity radius,surface incident,,206676201313.9233,3.682,,1.4239999999999997,0.05908289241622576,Gamma electron-heavy-hole reduced mass,0.067,0.5,0.069,0.6718633588314177,../input_parameters/GaAs_Keldysh_Parameter.docx,True,"800 nm is above the 300 K direct gap. The input index is n+i*kappa = 3.682+0.069i, but this zero-D Keldysh/avalanche result uses only Re(n); it is diagnostic only and omits direct one-photon interband absorption, complex-index propagation, and loss.",component_scaling,9,82864277285.4686,5.592792277181867,1.4773761233413302e+18,5.959185160748005e+17,2.0732946394161306e+18,2.1743400802401344e+20
GaAs_NIR,"GaAs, 0.8 $\mu$m",GaAs,NIR,1,0.8,100.0,0.022,162.1,152.4,1/e^2 intensity radius,surface incident,,206676201313.9233,3.682,,1.4239999999999997,0.05908289241622576,Gamma electron-heavy-hole reduced mass,0.067,0.5,0.069,0.6718633588314177,../input_parameters/GaAs_Keldysh_Parameter.docx,True,"800 nm is above the 300 K direct gap. The input index is n+i*kappa = 3.682+0.069i, but this zero-D Keldysh/avalanche result uses only Re(n); it is diagnostic only and omits direct one-photon interband absorption, complex-index propagation, and loss.",component_scaling,10,104811313415.46873,4.972883455912173,1.862088280721077e+18,7.553176945468695e+17,2.6174059752679465e+18,2.756407606570635e+20
GaAs_NIR,"GaAs, 0.8 $\mu$m",GaAs,NIR,1,0.8,100.0,0.022,162.1,152.4,1/e^2 intensity radius,surface incident,,206676201313.9233,3.682,,1.4239999999999997,0.05908289241622576,Gamma electron-heavy-hole reduced mass,0.067,0.5,0.069,0.6718633588314177,../input_parameters/GaAs_Keldysh_Parameter.docx,True,"800 nm is above the 300 K direct gap. The input index is n+i*kappa = 3.682+0.069i, but this zero-D Keldysh/avalanche result uses only Re(n); it is diagnostic only and omits direct one-photon interband absorption, complex-index propagation, and loss.",component_scaling,11,132571136559.0111,4.421685741303072,2.3438055964745006e+18,9.5658750503538e+17,3.3003931015098803e+18,3.4893630188386766e+20
GaAs_NIR,"GaAs, 0.8 $\mu$m",GaAs,NIR,1,0.8,100.0,0.022,162.1,152.4,1/e^2 intensity radius,surface incident,,206676201313.9233,3.682,,1.4239999999999997,0.05908289241622576,Gamma electron-heavy-hole reduced mass,0.067,0.5,0.069,0.6718633588314177,../input_parameters/GaAs_Keldysh_Parameter.docx,True,"800 nm is above the 300 K direct gap. The input index is n+i*kappa = 3.682+0.069i, but this zero-D Keldysh/avalanche result uses only Re(n); it is diagnostic only and omits direct one-photon interband absorption, complex-index propagation, and loss.",component_scaling,12,167683293681.101,3.9315831485249664,2.94424710560571e+18,1.2108973140509335e+18,4.155144419656643e+18,4.4105136274211085e+20
GaAs_NIR,"GaAs, 0.8 $\mu$m",GaAs,NIR,1,0.8,100.0,0.022,162.1,152.4,1/e^2 intensity radius,surface incident,,206676201313.9233,3.682,,1.4239999999999997,0.05908289241622576,Gamma electron-heavy-hole reduced mass,0.067,0.5,0.069,0.6718633588314177,../input_parameters/GaAs_Keldysh_Parameter.docx,True,"800 nm is above the 300 K direct gap. The input index is n+i*kappa = 3.682+0.069i, but this zero-D Keldysh/avalanche result uses only Re(n); it is diagnostic only and omits direct one-photon interband absorption, complex-index propagation, and loss.",component_scaling,13,212095088792.01926,3.495803853579654,3.6872953576998026e+18,1.5323556900231214e+18,5.219651047722924e+18,5.564762897295826e+20
GaAs_NIR,"GaAs, 0.8 $\mu$m",GaAs,NIR,1,0.8,100.0,0.022,162.1,152.4,1/e^2 intensity radius,surface incident,,206676201313.9233,3.682,,1.4239999999999997,0.05908289241622576,Gamma electron-heavy-hole reduced mass,0.067,0.5,0.069,0.6718633588314177,../input_parameters/GaAs_Keldysh_Parameter.docx,True,"800 nm is above the 300 K direct gap. The input index is n+i*kappa = 3.682+0.069i, but this zero-D Keldysh/avalanche result uses only Re(n); it is diagnostic only and omits direct one-photon interband absorption, complex-index propagation, and loss.",component_scaling,14,268269579527.97272,3.1083266259514937,4.5959121648680873e+18,1.9387935236111603e+18,6.534705688479247e+18,7.004391506855018e+20
GaAs_NIR,"GaAs, 0.8 $\mu$m",GaAs,NIR,1,0.8,100.0,0.022,162.1,152.4,1/e^2 intensity radius,surface incident,,206676201313.9233,3.682,,1.4239999999999997,0.05908289241622576,Gamma electron-heavy-hole reduced mass,0.067,0.5,0.069,0.6718633588314177,../input_parameters/GaAs_Keldysh_Parameter.docx,True,"800 nm is above the 300 K direct gap. The input index is n+i*kappa = 3.682+0.069i, but this zero-D Keldysh/avalanche result uses only Re(n); it is diagnostic only and omits direct one-photon interband absorption, complex-index propagation, and loss.",component_scaling,15,339322177189.53296,2.7637976323258404,5.683919426323672e+18,2.4527533843104415e+18,8.136672810634113e+18,8.786286966360533e+20
GaAs_NIR,"GaAs, 0.8 $\mu$m",GaAs,NIR,1,0.8,100.0,0.022,162.1,152.4,1/e^2 intensity radius,surface incident,,206676201313.9233,3.682,,1.4239999999999997,0.05908289241622576,Gamma electron-heavy-hole reduced mass,0.067,0.5,0.069,0.6718633588314177,../input_parameters/GaAs_Keldysh_Parameter.docx,True,"800 nm is above the 300 K direct gap. The input index is n+i*kappa = 3.682+0.069i, but this zero-D Keldysh/avalanche result uses only Re(n); it is diagnostic only and omits direct one-photon interband absorption, complex-index propagation, and loss.",component_scaling,16,429193426012.8778,2.457456461838745,6.936382853176301e+18,3.10273999530621e+18,1.003912284848251e+19,1.0963171698742974e+21
GaAs_NIR,"GaAs, 0.8 $\mu$m",GaAs,NIR,1,0.8,100.0,0.022,162.1,152.4,1/e^2 intensity radius,surface incident,,206676201313.9233,3.682,,1.4239999999999997,0.05908289241622576,Gamma electron-heavy-hole reduced mass,0.067,0.5,0.069,0.6718633588314177,../input_parameters/GaAs_Keldysh_Parameter.docx,True,"800 nm is above the 300 K direct gap. The input index is n+i*kappa = 3.682+0.069i, but this zero-D Keldysh/avalanche result uses only Re(n); it is diagnostic only and omits direct one-photon interband absorption, complex-index propagation, and loss.",component_scaling,17,542867543932.3859,2.185070350737249,8.250363459136718e+18,3.9248006497011174e+18,1.2175164108837835e+19,1.3555373981276567e+21
GaAs_NIR,"GaAs, 0.8 $\mu$m",GaAs,NIR,1,0.8,100.0,0.022,162.1,152.4,1/e^2 intensity radius,surface incident,,206676201313.9233,3.682,,1.4239999999999997,0.05908289241622576,Gamma electron-heavy-hole reduced mass,0.067,0.5,0.069,0.6718633588314177,../input_parameters/GaAs_Keldysh_Parameter.docx,True,"800 nm is above the 300 K direct gap. The input index is n+i*kappa = 3.682+0.069i, but this zero-D Keldysh/avalanche result uses only Re(n); it is diagnostic only and omits direct one-photon interband absorption, complex-index propagation, and loss.",component_scaling,18,686648845004.2998,1.942875697622147,9.268126429497756e+18,4.964523139213157e+18,1.4232649568710914e+19,1.6470999667431372e+21
GaAs_NIR,"GaAs, 0.8 $\mu$m",GaAs,NIR,1,0.8,100.0,0.022,162.1,152.4,1/e^2 intensity radius,surface incident,,206676201313.9233,3.682,,1.4239999999999997,0.05908289241622576,Gamma electron-heavy-hole reduced mass,0.067,0.5,0.069,0.6718633588314177,../input_parameters/GaAs_Keldysh_Parameter.docx,True,"800 nm is above the 300 K direct gap. The input index is n+i*kappa = 3.682+0.069i, but this zero-D Keldysh/avalanche result uses only Re(n); it is diagnostic only and omits direct one-photon interband absorption, complex-index propagation, and loss.",component_scaling,19,868511373751.352,1.727526061180194,9.373959246456238e+18,6.279554508611736e+18,1.5032153726358876e+19,1.9176222810126743e+21
GaAs_NIR,"GaAs, 0.8 $\mu$m",GaAs,NIR,1,0.8,100.0,0.022,162.1,152.4,1/e^2 intensity radius,surface incident,,206676201313.9233,3.682,,1.4239999999999997,0.05908289241622576,Gamma electron-heavy-hole reduced mass,0.067,0.5,0.069,0.6718633588314177,../input_parameters/GaAs_Keldysh_Parameter.docx,True,"800 nm is above the 300 K direct gap. The input index is n+i*kappa = 3.682+0.069i, but this zero-D Keldysh/avalanche result uses only Re(n); it is diagnostic only and omits direct one-photon interband absorption, complex-index propagation, and loss.",component_scaling,20,1098541141987.5573,1.5360459218823141,9.37423114018915e+18,7.942714301216384e+18,1.5032296016011018e+19,1.899337363060885e+21
GaAs_NIR,"GaAs, 0.8 $\mu$m",GaAs,NIR,1,0.8,100.0,0.022,162.1,152.4,1/e^2 intensity radius,surface incident,,206676201313.9233,3.682,,1.4239999999999997,0.05908289241622576,Gamma electron-heavy-hole reduced mass,0.067,0.5,0.069,0.6718633588314177,../input_parameters/GaAs_Keldysh_Parameter.docx,True,"800 nm is above the 300 K direct gap. The input index is n+i*kappa = 3.682+0.069i, but this zero-D Keldysh/avalanche result uses only Re(n); it is diagnostic only and omits direct one-photon interband absorption, complex-index propagation, and loss.",component_scaling,21,1389495494373.136,1.3657895687659796,9.37425685828583e+18,1.0046514540407835e+19,1.503163075631199e+19,2.103146972315693e+21
GaAs_NIR,"GaAs, 0.8 $\mu$m",GaAs,NIR,1,0.8,100.0,0.022,162.1,152.4,1/e^2 intensity radius,surface incident,,206676201313.9233,3.682,,1.4239999999999997,0.05908289241622576,Gamma electron-heavy-hole reduced mass,0.067,0.5,0.069,0.6718633588314177,../input_parameters/GaAs_Keldysh_Parameter.docx,True,"800 nm is above the 300 K direct gap. The input index is n+i*kappa = 3.682+0.069i, but this zero-D Keldysh/avalanche result uses only Re(n); it is diagnostic only and omits direct one-photon interband absorption, complex-index propagation, and loss.",component_scaling,22,1757510624854.7966,1.2144045432340107,9.373643673343793e+18,1.270759515492595e+19,1.9152324582097195e+19,2.4917775121908614e+21
GaAs_NIR,"GaAs, 0.8 $\mu$m",GaAs,NIR,1,0.8,100.0,0.022,162.1,152.4,1/e^2 intensity radius,surface incident,,206676201313.9233,3.682,,1.4239999999999997,0.05908289241622576,Gamma electron-heavy-hole reduced mass,0.067,0.5,0.069,0.6718633588314177,../input_parameters/GaAs_Keldysh_Parameter.docx,True,"800 nm is above the 300 K direct gap. The input index is n+i*kappa = 3.682+0.069i, but this zero-D Keldysh/avalanche result uses only Re(n); it is diagnostic only and omits direct one-photon interband absorption, complex-index propagation, and loss.",component_scaling,23,2222996482526.191,1.079799134767083,1.0361309664606468e+19,1.6073495498908019e+19,2.643480516351449e+19,3.0891048822711895e+21
GaAs_NIR,"GaAs, 0.8 $\mu$m",GaAs,NIR,1,0.8,100.0,0.022,162.1,152.4,1/e^2 intensity radius,surface incident,,206676201313.9233,3.682,,1.4239999999999997,0.05908289241622576,Gamma electron-heavy-hole reduced mass,0.067,0.5,0.069,0.6718633588314177,../input_parameters/GaAs_Keldysh_Parameter.docx,True,"800 nm is above the 300 K direct gap. The input index is n+i*kappa = 3.682+0.069i, but this zero-D Keldysh/avalanche result uses only Re(n); it is diagnostic only and omits direct one-photon interband absorption, complex-index propagation, and loss.",component_scaling,24,2811768697974.237,0.9601134794330718,1.6657694841876736e+19,2.033085578071904e+19,3.698855062259578e+19,3.972638080712796e+21
GaAs_NIR,"GaAs, 0.8 $\mu$m",GaAs,NIR,1,0.8,100.0,0.022,162.1,152.4,1/e^2 intensity radius,surface incident,,206676201313.9233,3.682,,1.4239999999999997,0.05908289241622576,Gamma electron-heavy-hole reduced mass,0.067,0.5,0.069,0.6718633588314177,../input_parameters/GaAs_Keldysh_Parameter.docx,True,"800 nm is above the 300 K direct gap. The input index is n+i*kappa = 3.682+0.069i, but this zero-D Keldysh/avalanche result uses only Re(n); it is diagnostic only and omits direct one-photon interband absorption, complex-index propagation, and loss.",component_scaling,25,3556480306223.121,0.8536938618569306,2.6744189810645918e+19,2.5715764740423586e+19,5.24599545510695e+19,5.269247077192147e+21
GaAs_NIR,"GaAs, 0.8 $\mu$m",GaAs,NIR,1,0.8,100.0,0.022,162.1,152.4,1/e^2 intensity radius,surface incident,,206676201313.9233,3.682,,1.4239999999999997,0.05908289241622576,Gamma electron-heavy-hole reduced mass,0.067,0.5,0.069,0.6718633588314177,../input_parameters/GaAs_Keldysh_Parameter.docx,True,"800 nm is above the 300 K direct gap. The input index is n+i*kappa = 3.682+0.069i, but this zero-D Keldysh/avalanche result uses only Re(n); it is diagnostic only and omits direct one-photon interband absorption, complex-index propagation, and loss.",component_scaling,26,4498432668969.453,0.759069865577281,4.283509240828562e+19,3.2526853882134766e+19,7.536194629042038e+19,7.178142959657188e+21
GaAs_NIR,"GaAs, 0.8 $\mu$m",GaAs,NIR,1,0.8,100.0,0.022,162.1,152.4,1/e^2 intensity radius,surface incident,,206676201313.9233,3.682,,1.4239999999999997,0.05908289241622576,Gamma electron-heavy-hole reduced mass,0.067,0.5,0.069,0.6718633588314177,../input_parameters/GaAs_Keldysh_Parameter.docx,True,"800 nm is above the 300 K direct gap. The input index is n+i*kappa = 3.682+0.069i, but this zero-D Keldysh/avalanche result uses only Re(n); it is diagnostic only and omits direct one-photon interband absorption, complex-index propagation, and loss.",component_scaling,27,5689866029018.305,0.674934056072755,6.8505143017899975e+19,4.114185728898156e+19,1.0964700030688153e+20,1.0007571641513705e+22
GaAs_NIR,"GaAs, 0.8 $\mu$m",GaAs,NIR,1,0.8,100.0,0.022,162.1,152.4,1/e^2 intensity radius,surface incident,,206676201313.9233,3.682,,1.4239999999999997,0.05908289241622576,Gamma electron-heavy-hole reduced mass,0.067,0.5,0.069,0.6718633588314177,../input_parameters/GaAs_Keldysh_Parameter.docx,True,"800 nm is above the 300 K direct gap. The input index is n+i*kappa = 3.682+0.069i, but this zero-D Keldysh/avalanche result uses only Re(n); it is diagnostic only and omits direct one-photon interband absorption, complex-index propagation, and loss.",component_scaling,28,7196856730011.528,0.6001239157351884,1.0931474337614425e+20,5.2038558073800114e+19,1.6135330144994437e+20,1.4230589698555112e+22
GaAs_NIR,"GaAs, 0.8 $\mu$m",GaAs,NIR,1,0.8,100.0,0.022,162.1,152.4,1/e^2 intensity radius,surface incident,,206676201313.9233,3.682,,1.4239999999999997,0.05908289241622576,Gamma electron-heavy-hole reduced mass,0.067,0.5,0.069,0.6718633588314177,../input_parameters/GaAs_Keldysh_Parameter.docx,True,"800 nm is above the 300 K direct gap. The input index is n+i*kappa = 3.682+0.069i, but this zero-D Keldysh/avalanche result uses only Re(n); it is diagnostic only and omits direct one-photon interband absorption, complex-index propagation, and loss.",component_scaling,29,9102981779915.227,0.5336057811824403,1.7356593548080585e+20,6.582128370387014e+19,2.3938721918467595e+20,2.0569354542710725e+22
GaAs_NIR,"GaAs, 0.8 $\mu$m",GaAs,NIR,1,0.8,100.0,0.022,162.1,152.4,1/e^2 intensity radius,surface incident,,206676201313.9233,3.682,,1.4239999999999997,0.05908289241622576,Gamma electron-heavy-hole reduced mass,0.067,0.5,0.069,0.6718633588314177,../input_parameters/GaAs_Keldysh_Parameter.docx,True,"800 nm is above the 300 K direct gap. The input index is n+i*kappa = 3.682+0.069i, but this zero-D Keldysh/avalanche result uses only Re(n); it is diagnostic only and omits direct one-photon interband absorption, complex-index propagation, and loss.",component_scaling,30,11513953993264.48,0.47446056097015316,2.7357739171860198e+20,8.325442006078879e+19,3.5683181177939073e+20,3.0092710267442216e+22
GaAs_NIR,"GaAs, 0.8 $\mu$m",GaAs,NIR,1,0.8,100.0,0.022,162.1,152.4,1/e^2 intensity radius,surface incident,,206676201313.9233,3.682,,1.4239999999999997,0.05908289241622576,Gamma electron-heavy-hole reduced mass,0.067,0.5,0.069,0.6718633588314177,../input_parameters/GaAs_Keldysh_Parameter.docx,True,"800 nm is above the 300 K direct gap. The input index is n+i*kappa = 3.682+0.069i, but this zero-D Keldysh/avalanche result uses only Re(n); it is diagnostic only and omits direct one-photon interband absorption, complex-index propagation, and loss.",component_scaling,31,14563484775012.443,0.42187103636185325,4.232295071478167e+20,1.0530480302018988e+20,5.2853431016800656e+20,4.4249057143835805e+22
GaAs_NIR,"GaAs, 0.8 $\mu$m",GaAs,NIR,1,0.8,100.0,0.022,162.1,152.4,1/e^2 intensity radius,surface incident,,206676201313.9233,3.682,,1.4239999999999997,0.05908289241622576,Gamma electron-heavy-hole reduced mass,0.067,0.5,0.069,0.6718633588314177,../input_parameters/GaAs_Keldysh_Parameter.docx,True,"800 nm is above the 300 K direct gap. The input index is n+i*kappa = 3.682+0.069i, but this zero-D Keldysh/avalanche result uses only Re(n); it is diagnostic only and omits direct one-photon interband absorption, complex-index propagation, and loss.",component_scaling,32,18420699693267.164,0.37511056969015383,6.164327906526445e+20,1.3319533829257517e+20,7.496281289452196e+20,6.418333241280486e+22
GaAs_NIR,"GaAs, 0.8 $\mu$m",GaAs,NIR,1,0.8,100.0,0.022,162.1,152.4,1/e^2 intensity radius,surface incident,,206676201313.9233,3.682,,1.4239999999999997,0.05908289241622576,Gamma electron-heavy-hole reduced mass,0.067,0.5,0.069,0.6718633588314177,../input_parameters/GaAs_Keldysh_Parameter.docx,True,"800 nm is above the 300 K direct gap. The input index is n+i*kappa = 3.682+0.069i, but this zero-D Keldysh/avalanche result uses only Re(n); it is diagnostic only and omits direct one-photon interband absorption, complex-index propagation, and loss.",component_scaling,33,23299518105153.72,0.3335330642907226,6.804375956475711e+20,1.684728217855332e+20,8.308508589689543e+20,7.833497955777072e+22
GaAs_NIR,"GaAs, 0.8 $\mu$m",GaAs,NIR,1,0.8,100.0,0.022,162.1,152.4,1/e^2 intensity radius,surface incident,,206676201313.9233,3.682,,1.4239999999999997,0.05908289241622576,Gamma electron-heavy-hole reduced mass,0.067,0.5,0.069,0.6718633588314177,../input_parameters/GaAs_Keldysh_Parameter.docx,True,"800 nm is above the 300 K direct gap. The input index is n+i*kappa = 3.682+0.069i, but this zero-D Keldysh/avalanche result uses only Re(n); it is diagnostic only and omits direct one-photon interband absorption, complex-index propagation, and loss.",component_scaling,34,29470517025518.098,0.29656403728385616,7.970459882529303e+20,2.1309373086734693e+20,1.0101397191202772e+21,9.973431368813959e+22
GaAs_NIR,"GaAs, 0.8 $\mu$m",GaAs,NIR,1,0.8,100.0,0.022,162.1,152.4,1/e^2 intensity radius,surface incident,,206676201313.9233,3.682,,1.4239999999999997,0.05908289241622576,Gamma electron-heavy-hole reduced mass,0.067,0.5,0.069,0.6718633588314177,../input_parameters/GaAs_Keldysh_Parameter.docx,True,"800 nm is above the 300 K direct gap. The input index is n+i*kappa = 3.682+0.069i, but this zero-D Keldysh/avalanche result uses only Re(n); it is diagnostic only and omits direct one-photon interband absorption, complex-index propagation, and loss.",component_scaling,35,37275937203149.38,0.263692681854891,1.2903153607249628e+21,2.6953272048222395e+20,1.559848081207187e+21,1.3985993460414807e+23
GaAs_NIR,"GaAs, 0.8 $\mu$m",GaAs,NIR,1,0.8,100.0,0.022,162.1,152.4,1/e^2 intensity radius,surface incident,,206676201313.9233,3.682,,1.4239999999999997,0.05908289241622576,Gamma electron-heavy-hole reduced mass,0.067,0.5,0.069,0.6718633588314177,../input_parameters/GaAs_Keldysh_Parameter.docx,True,"800 nm is above the 300 K direct gap. The input index is n+i*kappa = 3.682+0.069i, but this zero-D Keldysh/avalanche result uses only Re(n); it is diagnostic only and omits direct one-photon interband absorption, complex-index propagation, and loss.",component_scaling,36,47148663634573.9,0.23446480935674094,2.0424935703575653e+21,3.4091986990434065e+20,2.3834134402619057e+21,2.0383269837661412e+23
GaAs_NIR,"GaAs, 0.8 $\mu$m",GaAs,NIR,1,0.8,100.0,0.022,162.1,152.4,1/e^2 intensity radius,surface incident,,206676201313.9233,3.682,,1.4239999999999997,0.05908289241622576,Gamma electron-heavy-hole reduced mass,0.067,0.5,0.069,0.6718633588314177,../input_parameters/GaAs_Keldysh_Parameter.docx,True,"800 nm is above the 300 K direct gap. The input index is n+i*kappa = 3.682+0.069i, but this zero-D Keldysh/avalanche result uses only Re(n); it is diagnostic only and omits direct one-photon interband absorption, complex-index propagation, and loss.",component_scaling,37,59636233165946.37,0.2084765737144905,2.6289919492822705e+21,4.312142771552503e+20,3.041893096166574e+21,2.776287660343728e+23
GaAs_NIR,"GaAs, 0.8 $\mu$m",GaAs,NIR,1,0.8,100.0,0.022,162.1,152.4,1/e^2 intensity radius,surface incident,,206676201313.9233,3.682,,1.4239999999999997,0.05908289241622576,Gamma electron-heavy-hole reduced mass,0.067,0.5,0.069,0.6718633588314177,../input_parameters/GaAs_Keldysh_Parameter.docx,True,"800 nm is above the 300 K direct gap. The input index is n+i*kappa = 3.682+0.069i, but this zero-D Keldysh/avalanche result uses only Re(n); it is diagnostic only and omits direct one-photon interband absorption, complex-index propagation, and loss.",component_scaling,38,75431200633546.08,0.185368891421163,3.292218161663772e+21,5.4542362875736746e+20,3.8376417904211395e+21,3.5956461800744254e+23
GaAs_NIR,"GaAs, 0.8 $\mu$m",GaAs,NIR,1,0.8,100.0,0.022,162.1,152.4,1/e^2 intensity radius,surface incident,,206676201313.9233,3.682,,1.4239999999999997,0.05908289241622576,Gamma electron-heavy-hole reduced mass,0.067,0.5,0.069,0.6718633588314177,../input_parameters/GaAs_Keldysh_Parameter.docx,True,"800 nm is above the 300 K direct gap. The input index is n+i*kappa = 3.682+0.069i, but this zero-D Keldysh/avalanche result uses only Re(n); it is diagnostic only and omits direct one-photon interband absorption, complex-index propagation, and loss.",component_scaling,39,95409547634999.64,0.16482248002487432,5.222263019256306e+21,6.898819229097298e+20,5.912144942166037e+21,5.1513766457469455e+23
GaAs_NIR,"GaAs, 0.8 $\mu$m",GaAs,NIR,1,0.8,100.0,0.022,162.1,152.4,1/e^2 intensity radius,surface incident,,206676201313.9233,3.682,,1.4239999999999997,0.05908289241622576,Gamma electron-heavy-hole reduced mass,0.067,0.5,0.069,0.6718633588314177,../input_parameters/GaAs_Keldysh_Parameter.docx,True,"800 nm is above the 300 K direct gap. The input index is n+i*kappa = 3.682+0.069i, but this zero-D Keldysh/avalanche result uses only Re(n); it is diagnostic only and omits direct one-photon interband absorption, complex-index propagation, and loss.",component_scaling,40,120679264063932.64,0.14655344655337726,6.194126218731818e+21,8.72600749551728e+20,6.979192127102749e+21,6.794727850080358e+23
GaAs_NIR,"GaAs, 0.8 $\mu$m",GaAs,NIR,1,0.8,100.0,0.022,162.1,152.4,1/e^2 intensity radius,surface incident,,206676201313.9233,3.682,,1.4239999999999997,0.05908289241622576,Gamma electron-heavy-hole reduced mass,0.067,0.5,0.069,0.6718633588314177,../input_parameters/GaAs_Keldysh_Parameter.docx,True,"800 nm is above the 300 K direct gap. The input index is n+i*kappa = 3.682+0.069i, but this zero-D Keldysh/avalanche result uses only Re(n); it is diagnostic only and omits direct one-photon interband absorption, complex-index propagation, and loss.",component_scaling,41,152641796717523.66,0.13030936492056278,9.496220949861244e+21,1.1037136105896836e+21,1.0599934560450927e+22,9.446820333605584e+23
GaAs_NIR,"GaAs, 0.8 $\mu$m",GaAs,NIR,1,0.8,100.0,0.022,162.1,152.4,1/e^2 intensity radius,surface incident,,206676201313.9233,3.682,,1.4239999999999997,0.05908289241622576,Gamma electron-heavy-hole reduced mass,0.067,0.5,0.069,0.6718633588314177,../input_parameters/GaAs_Keldysh_Parameter.docx,True,"800 nm is above the 300 K direct gap. The input index is n+i*kappa = 3.682+0.069i, but this zero-D Keldysh/avalanche result uses only Re(n); it is diagnostic only and omits direct one-photon interband absorption, complex-index propagation, and loss.",component_scaling,42,193069772888324.56,0.11586578811584533,1.1651610213972498e+22,1.3960379184399476e+21,1.297874963495758e+22,1.2658782154626353e+24
GaAs_NIR,"GaAs, 0.8 $\mu$m",GaAs,NIR,1,0.8,100.0,0.022,162.1,152.4,1/e^2 intensity radius,surface incident,,206676201313.9233,3.682,,1.4239999999999997,0.05908289241622576,Gamma electron-heavy-hole reduced mass,0.067,0.5,0.069,0.6718633588314177,../input_parameters/GaAs_Keldysh_Parameter.docx,True,"800 nm is above the 300 K direct gap. The input index is n+i*kappa = 3.682+0.069i, but this zero-D Keldysh/avalanche result uses only Re(n); it is diagnostic only and omits direct one-photon interband absorption, complex-index propagation, and loss.",component_scaling,43,244205309454865.47,0.10302314698479097,1.8117713252705047e+22,1.7657858442006126e+21,1.988349909690566e+22,1.7707111819867434e+24
GaAs_NIR,"GaAs, 0.8 $\mu$m",GaAs,NIR,1,0.8,100.0,0.022,162.1,152.4,1/e^2 intensity radius,surface incident,,206676201313.9233,3.682,,1.4239999999999997,0.05908289241622576,Gamma electron-heavy-hole reduced mass,0.067,0.5,0.069,0.6718633588314177,../input_parameters/GaAs_Keldysh_Parameter.docx,True,"800 nm is above the 300 K direct gap. The input index is n+i*kappa = 3.682+0.069i, but this zero-D Keldysh/avalanche result uses only Re(n); it is diagnostic only and omits direct one-photon interband absorption, complex-index propagation, and loss.",component_scaling,44,308884359647748.5,0.09160399275097471,2.33716686525781e+22,2.2334634369633485e+21,2.5605132089541444e+22,2.3582757110762752e+24
GaAs_NIR,"GaAs, 0.8 $\mu$m",GaAs,NIR,1,0.8,100.0,0.022,162.1,152.4,1/e^2 intensity radius,surface incident,,206676201313.9233,3.682,,1.4239999999999997,0.05908289241622576,Gamma electron-heavy-hole reduced mass,0.067,0.5,0.069,0.6718633588314177,../input_parameters/GaAs_Keldysh_Parameter.docx,True,"800 nm is above the 300 K direct gap. The input index is n+i*kappa = 3.682+0.069i, but this zero-D Keldysh/avalanche result uses only Re(n); it is diagnostic only and omits direct one-photon interband absorption, complex-index propagation, and loss.",component_scaling,45,390693993705462.06,0.0814505451785453,3.068981222682058e+22,2.8250078799557013e+21,3.351482010677628e+22,3.1895622428622625e+24
GaAs_NIR,"GaAs, 0.8 $\mu$m",GaAs,NIR,1,0.8,100.0,0.022,162.1,152.4,1/e^2 intensity radius,surface incident,,206676201313.9233,3.682,,1.4239999999999997,0.05908289241622576,Gamma electron-heavy-hole reduced mass,0.067,0.5,0.069,0.6718633588314177,../input_parameters/GaAs_Keldysh_Parameter.docx,True,"800 nm is above the 300 K direct gap. The input index is n+i*kappa = 3.682+0.069i, but this zero-D Keldysh/avalanche result uses only Re(n); it is diagnostic only and omits direct one-photon interband absorption, complex-index propagation, and loss.",component_scaling,46,494171336132383.8,0.07242251249808819,4.161403828808414e+22,3.5732259546592534e+21,4.5010856171103515e+22,4.3348309735333465e+24
GaAs_NIR,"GaAs, 0.8 $\mu$m",GaAs,NIR,1,0.8,100.0,0.022,162.1,152.4,1/e^2 intensity radius,surface incident,,206676201313.9233,3.682,,1.4239999999999997,0.05908289241622576,Gamma electron-heavy-hole reduced mass,0.067,0.5,0.069,0.6718633588314177,../input_parameters/GaAs_Keldysh_Parameter.docx,True,"800 nm is above the 300 K direct gap. The input index is n+i*kappa = 3.682+0.069i, but this zero-D Keldysh/avalanche result uses only Re(n); it is diagnostic only and omits direct one-photon interband absorption, complex-index propagation, and loss.",component_scaling,47,625055192527397.6,0.0643951529733569,5.6762802745622915e+22,4.5196134897807104e+21,6.108564050232512e+22,5.875175941208462e+24
GaAs_NIR,"GaAs, 0.8 $\mu$m",GaAs,NIR,1,0.8,100.0,0.022,162.1,152.4,1/e^2 intensity radius,surface incident,,206676201313.9233,3.682,,1.4239999999999997,0.05908289241622576,Gamma electron-heavy-hole reduced mass,0.067,0.5,0.069,0.6718633588314177,../input_parameters/GaAs_Keldysh_Parameter.docx,True,"800 nm is above the 300 K direct gap. The input index is n+i*kappa = 3.682+0.069i, but this zero-D Keldysh/avalanche result uses only Re(n); it is diagnostic only and omits direct one-photon interband absorption, complex-index propagation, and loss.",component_scaling,48,790604321090770.1,0.05725755132523884,7.782446050385428e+22,5.716656700737343e+21,8.354111720459162e+22,7.947950672062273e+24
GaAs_NIR,"GaAs, 0.8 $\mu$m",GaAs,NIR,1,0.8,100.0,0.022,162.1,152.4,1/e^2 intensity radius,surface incident,,206676201313.9233,3.682,,1.4239999999999997,0.05908289241622576,Gamma electron-heavy-hole reduced mass,0.067,0.5,0.069,0.6718633588314177,../input_parameters/GaAs_Keldysh_Parameter.docx,True,"800 nm is above the 300 K direct gap. The input index is n+i*kappa = 3.682+0.069i, but this zero-D Keldysh/avalanche result uses only Re(n); it is diagnostic only and omits direct one-photon interband absorption, complex-index propagation, and loss.",component_scaling,49,1000000000000000.0,0.05091108619803712,1.0862215582168169e+23,7.230743050911395e+21,1.1585289887259309e+23,1.078062836010048e+25
