short,name,material,region,mat_flag,wavelength_um,tau_fs,F0_jcm2,beam_diameter_a_um,beam_diameter_b_um,beam_diameter_definition,fluence_basis,reference_I0_wcm2,I0_wcm2,n0,n2_m2_per_w,Eg_eV,mred_over_me,reduced_mass_definition,kappa_recorded_not_used,transmission_factor,reference_file,diagnostic_only,parameter_status,dataset,point_index,I_wcm2,gamma_krs5_reference,Wpi_peak_cm3_fs,Wav_peak_cm3_fs,Wtotal_peak_cm3_fs,ne_max_cm3
KRS5_NIR,"KRS-5, 0.8 $\mu$m",KRS-5 (TlBr-TlI mixed crystal),NIR,1,0.8,100.0,0.0606,162.1,152.4,full 1/e^2 intensity diameter,surface incident,,569298990891.9888,2.4908831176,,2.5,1.0,electron-hole reduced effective mass,,0.8176034674157621,../input_parameters/KRS5_Keldysh_Parameter.docx,True,The 800-nm real index is a Cauchy interpolation and the 2.50 eV gap is provisional. The extinction coefficient is unavailable; this Re(n)-only result is diagnostic.,component_scaling,0,10000000000.0,72.18239387222938,59673892365372.17,66140765.55881473,59673923092051.24,4492197026207033.5
KRS5_NIR,"KRS-5, 0.8 $\mu$m",KRS-5 (TlBr-TlI mixed crystal),NIR,1,0.8,100.0,0.0606,162.1,152.4,full 1/e^2 intensity diameter,surface incident,,569298990891.9888,2.4908831176,,2.5,1.0,electron-hole reduced effective mass,,0.8176034674157621,../input_parameters/KRS5_Keldysh_Parameter.docx,True,The 800-nm real index is a Cauchy interpolation and the 2.50 eV gap is provisional. The extinction coefficient is unavailable; this Re(n)-only result is diagnostic.,component_scaling,1,12648552168.552958,64.18164925592734,95470949744729.31,214132612.2544371,95471049223052.33,7186959086752863.0
KRS5_NIR,"KRS-5, 0.8 $\mu$m",KRS-5 (TlBr-TlI mixed crystal),NIR,1,0.8,100.0,0.0606,162.1,152.4,full 1/e^2 intensity diameter,surface incident,,569298990891.9888,2.4908831176,,2.5,1.0,electron-hole reduced effective mass,,0.8176034674157621,../input_parameters/KRS5_Keldysh_Parameter.docx,True,The 800-nm real index is a Cauchy interpolation and the 2.50 eV gap is provisional. The extinction coefficient is unavailable; this Re(n)-only result is diagnostic.,component_scaling,2,15998587196.060574,57.06771250206047,152742363601106.62,693265023.4433401,152742685666248.88,1.1498287275161208e+16
KRS5_NIR,"KRS-5, 0.8 $\mu$m",KRS-5 (TlBr-TlI mixed crystal),NIR,1,0.8,100.0,0.0606,162.1,152.4,full 1/e^2 intensity diameter,surface incident,,569298990891.9888,2.4908831176,,2.5,1.0,electron-hole reduced effective mass,,0.8176034674157621,../input_parameters/KRS5_Keldysh_Parameter.docx,True,The 800-nm real index is a Cauchy interpolation and the 2.50 eV gap is provisional. The extinction coefficient is unavailable; this Re(n)-only result is diagnostic.,component_scaling,3,20235896477.251556,50.74228923646837,244370920536791.03,2244500818.716465,244371963243562.97,1.839600532111033e+16
KRS5_NIR,"KRS-5, 0.8 $\mu$m",KRS-5 (TlBr-TlI mixed crystal),NIR,1,0.8,100.0,0.0606,162.1,152.4,full 1/e^2 intensity diameter,surface incident,,569298990891.9888,2.4908831176,,2.5,1.0,electron-hole reduced effective mass,,0.8176034674157621,../input_parameters/KRS5_Keldysh_Parameter.docx,True,The 800-nm real index is a Cauchy interpolation and the 2.50 eV gap is provisional. The extinction coefficient is unavailable; this Re(n)-only result is diagnostic.,component_scaling,4,25595479226.99533,45.11798009889478,390968493066673.7,7266847519.345109,390971868930849.5,2.9431855660232484e+16
KRS5_NIR,"KRS-5, 0.8 $\mu$m",KRS-5 (TlBr-TlI mixed crystal),NIR,1,0.8,100.0,0.0606,162.1,152.4,full 1/e^2 intensity diameter,surface incident,,569298990891.9888,2.4908831176,,2.5,1.0,electron-hole reduced effective mass,,0.8176034674157621,../input_parameters/KRS5_Keldysh_Parameter.docx,True,The 800-nm real index is a Cauchy interpolation and the 2.50 eV gap is provisional. The extinction coefficient is unavailable; this Re(n)-only result is diagnostic.,component_scaling,5,32374575428.1764,40.11707313238957,625513660706180.6,23527790869.15977,625524590542882.6,4.70888375844373e+16
KRS5_NIR,"KRS-5, 0.8 $\mu$m",KRS-5 (TlBr-TlI mixed crystal),NIR,1,0.8,100.0,0.0606,162.1,152.4,full 1/e^2 intensity diameter,surface incident,,569298990891.9888,2.4908831176,,2.5,1.0,electron-hole reduced effective mass,,0.8176034674157621,../input_parameters/KRS5_Keldysh_Parameter.docx,True,The 800-nm real index is a Cauchy interpolation and the 2.50 eV gap is provisional. The extinction coefficient is unavailable; this Re(n)-only result is diagnostic.,component_scaling,6,40949150623.80419,35.670470025073584,1000772537224591.6,76178148923.2998,1000807924807452.9,7.534060707525424e+16
KRS5_NIR,"KRS-5, 0.8 $\mu$m",KRS-5 (TlBr-TlI mixed crystal),NIR,1,0.8,100.0,0.0606,162.1,152.4,full 1/e^2 intensity diameter,surface incident,,569298990891.9888,2.4908831176,,2.5,1.0,electron-hole reduced effective mass,,0.8176034674157621,../input_parameters/KRS5_Keldysh_Parameter.docx,True,The 800-nm real index is a Cauchy interpolation and the 2.50 eV gap is provisional. The extinction coefficient is unavailable; this Re(n)-only result is diagnostic.,component_scaling,7,51794746792.31202,31.716731367981634,1601173649682310.0,246662785103.69678,1601288227600739.0,1.205479864283127e+17
KRS5_NIR,"KRS-5, 0.8 $\mu$m",KRS-5 (TlBr-TlI mixed crystal),NIR,1,0.8,100.0,0.0606,162.1,152.4,full 1/e^2 intensity diameter,surface incident,,569298990891.9888,2.4908831176,,2.5,1.0,electron-hole reduced effective mass,,0.8176034674157621,../input_parameters/KRS5_Keldysh_Parameter.docx,True,The 800-nm real index is a Cauchy interpolation and the 2.50 eV gap is provisional. The extinction coefficient is unavailable; this Re(n)-only result is diagnostic.,component_scaling,8,65512855685.954956,28.201227737161975,2561811326146788.0,798765487293.4258,2562182323860222.5,1.9289807702746592e+17
KRS5_NIR,"KRS-5, 0.8 $\mu$m",KRS-5 (TlBr-TlI mixed crystal),NIR,1,0.8,100.0,0.0606,162.1,152.4,full 1/e^2 intensity diameter,surface incident,,569298990891.9888,2.4908831176,,2.5,1.0,electron-hole reduced effective mass,,0.8176034674157621,../input_parameters/KRS5_Keldysh_Parameter.docx,True,The 800-nm real index is a Cauchy interpolation and the 2.50 eV gap is provisional. The extinction coefficient is unavailable; this Re(n)-only result is diagnostic.,component_scaling,9,82864277285.4686,25.0753848704014,4098859047105039.5,2587098961494.4487,4100060413225934.5,3.087218824999997e+17
KRS5_NIR,"KRS-5, 0.8 $\mu$m",KRS-5 (TlBr-TlI mixed crystal),NIR,1,0.8,100.0,0.0606,162.1,152.4,full 1/e^2 intensity diameter,surface incident,,569298990891.9888,2.4908831176,,2.5,1.0,electron-hole reduced effective mass,,0.8176034674157621,../input_parameters/KRS5_Keldysh_Parameter.docx,True,The 800-nm real index is a Cauchy interpolation and the 2.50 eV gap is provisional. The extinction coefficient is unavailable; this Re(n)-only result is diagnostic.,component_scaling,10,104811313415.46873,22.29601250906509,6558247926388917.0,8382131550552.084,6562138724981205.0,4.942508857009774e+17
KRS5_NIR,"KRS-5, 0.8 $\mu$m",KRS-5 (TlBr-TlI mixed crystal),NIR,1,0.8,100.0,0.0606,162.1,152.4,full 1/e^2 intensity diameter,surface incident,,569298990891.9888,2.4908831176,,2.5,1.0,electron-hole reduced effective mass,,0.8176034674157621,../input_parameters/KRS5_Keldysh_Parameter.docx,True,The 800-nm real index is a Cauchy interpolation and the 2.50 eV gap is provisional. The extinction coefficient is unavailable; this Re(n)-only result is diagnostic.,component_scaling,11,132571136559.0111,19.824707631553466,1.0493588568807098e+16,27175685727512.37,1.050619260989134e+16,7.91783980272379e+17
KRS5_NIR,"KRS-5, 0.8 $\mu$m",KRS-5 (TlBr-TlI mixed crystal),NIR,1,0.8,100.0,0.0606,162.1,152.4,full 1/e^2 intensity diameter,surface incident,,569298990891.9888,2.4908831176,,2.5,1.0,electron-hole reduced effective mass,,0.8176034674157621,../input_parameters/KRS5_Keldysh_Parameter.docx,True,The 800-nm real index is a Cauchy interpolation and the 2.50 eV gap is provisional. The extinction coefficient is unavailable; this Re(n)-only result is diagnostic.,component_scaling,12,167683293681.101,17.627323832760723,1.6790921946055254e+16,88218905793797.33,1.683177102931013e+16,1.2700642656411374e+18
KRS5_NIR,"KRS-5, 0.8 $\mu$m",KRS-5 (TlBr-TlI mixed crystal),NIR,1,0.8,100.0,0.0606,162.1,152.4,full 1/e^2 intensity diameter,surface incident,,569298990891.9888,2.4908831176,,2.5,1.0,electron-hole reduced effective mass,,0.8176034674157621,../input_parameters/KRS5_Keldysh_Parameter.docx,True,The 800-nm real index is a Cauchy interpolation and the 2.50 eV gap is provisional. The extinction coefficient is unavailable; this Re(n)-only result is diagnostic.,component_scaling,13,212095088792.01926,15.67349951786734,2.6868477931474104e+16,287100030203631.75,2.700098493562725e+16,2.0425627991771976e+18
KRS5_NIR,"KRS-5, 0.8 $\mu$m",KRS-5 (TlBr-TlI mixed crystal),NIR,1,0.8,100.0,0.0606,162.1,152.4,full 1/e^2 intensity diameter,surface incident,,569298990891.9888,2.4908831176,,2.5,1.0,electron-hole reduced effective mass,,0.8176034674157621,../input_parameters/KRS5_Keldysh_Parameter.docx,True,The 800-nm real index is a Cauchy interpolation and the 2.50 eV gap is provisional. The extinction coefficient is unavailable; this Re(n)-only result is diagnostic.,component_scaling,14,268269579527.97272,13.936238391446945,4.299661151483988e+16,939186628881443.5,4.342717346423977e+16,3.3024011019189064e+18
KRS5_NIR,"KRS-5, 0.8 $\mu$m",KRS-5 (TlBr-TlI mixed crystal),NIR,1,0.8,100.0,0.0606,162.1,152.4,full 1/e^2 intensity diameter,surface incident,,569298990891.9888,2.4908831176,,2.5,1.0,electron-hole reduced effective mass,,0.8176034674157621,../input_parameters/KRS5_Keldysh_Parameter.docx,True,The 800-nm real index is a Cauchy interpolation and the 2.50 eV gap is provisional. The extinction coefficient is unavailable; this Re(n)-only result is diagnostic.,component_scaling,15,339322177189.53296,12.391536445440021,6.881035807347064e+16,3103295042056702.0,7.021403389772654e+16,5.398133788544686e+18
KRS5_NIR,"KRS-5, 0.8 $\mu$m",KRS-5 (TlBr-TlI mixed crystal),NIR,1,0.8,100.0,0.0606,162.1,152.4,full 1/e^2 intensity diameter,surface incident,,569298990891.9888,2.4908831176,,2.5,1.0,electron-hole reduced effective mass,,0.8176034674157621,../input_parameters/KRS5_Keldysh_Parameter.docx,True,The 800-nm real index is a Cauchy interpolation and the 2.50 eV gap is provisional. The extinction coefficient is unavailable; this Re(n)-only result is diagnostic.,component_scaling,16,429193426012.8778,11.01805029202904,1.1013161652431474e+17,1.0462063501850446e+16,1.148703770849924e+17,9.030370268771996e+18
KRS5_NIR,"KRS-5, 0.8 $\mu$m",KRS-5 (TlBr-TlI mixed crystal),NIR,1,0.8,100.0,0.0606,162.1,152.4,full 1/e^2 intensity diameter,surface incident,,569298990891.9888,2.4908831176,,2.5,1.0,electron-hole reduced effective mass,,0.8176034674157621,../input_parameters/KRS5_Keldysh_Parameter.docx,True,The 800-nm real index is a Cauchy interpolation and the 2.50 eV gap is provisional. The extinction coefficient is unavailable; this Re(n)-only result is diagnostic.,component_scaling,17,542867543932.3859,9.796802258718644,1.762842247972907e+17,3.674898453603186e+16,1.930896566166983e+17,1.5889913377539365e+19
KRS5_NIR,"KRS-5, 0.8 $\mu$m",KRS-5 (TlBr-TlI mixed crystal),NIR,1,0.8,100.0,0.0606,162.1,152.4,full 1/e^2 intensity diameter,surface incident,,569298990891.9888,2.4908831176,,2.5,1.0,electron-hole reduced effective mass,,0.8176034674157621,../input_parameters/KRS5_Keldysh_Parameter.docx,True,The 800-nm real index is a Cauchy interpolation and the 2.50 eV gap is provisional. The extinction coefficient is unavailable; this Re(n)-only result is diagnostic.,component_scaling,18,686648845004.2998,8.710918170873581,2.8220927709022237e+17,1.398249153151811e+17,3.496916525523278e+17,3.1308674277604827e+19
KRS5_NIR,"KRS-5, 0.8 $\mu$m",KRS-5 (TlBr-TlI mixed crystal),NIR,1,0.8,100.0,0.0606,162.1,152.4,full 1/e^2 intensity diameter,surface incident,,569298990891.9888,2.4908831176,,2.5,1.0,electron-hole reduced effective mass,,0.8176034674157621,../input_parameters/KRS5_Keldysh_Parameter.docx,True,The 800-nm real index is a Cauchy interpolation and the 2.50 eV gap is provisional. The extinction coefficient is unavailable; this Re(n)-only result is diagnostic.,component_scaling,19,868511373751.352,7.745394198614776,4.518552886651918e+17,5.74126800254891e+17,8.168734388524887e+17,7.461368760125122e+19
KRS5_NIR,"KRS-5, 0.8 $\mu$m",KRS-5 (TlBr-TlI mixed crystal),NIR,1,0.8,100.0,0.0606,162.1,152.4,full 1/e^2 intensity diameter,surface incident,,569298990891.9888,2.4908831176,,2.5,1.0,electron-hole reduced effective mass,,0.8176034674157621,../input_parameters/KRS5_Keldysh_Parameter.docx,True,The 800-nm real index is a Cauchy interpolation and the 2.50 eV gap is provisional. The extinction coefficient is unavailable; this Re(n)-only result is diagnostic.,component_scaling,20,1098541141987.5573,6.886889546560762,7.236266643061379e+17,1.7705420034989143e+18,2.2252944903451372e+18,1.733996762867913e+20
KRS5_NIR,"KRS-5, 0.8 $\mu$m",KRS-5 (TlBr-TlI mixed crystal),NIR,1,0.8,100.0,0.0606,162.1,152.4,full 1/e^2 intensity diameter,surface incident,,569298990891.9888,2.4908831176,,2.5,1.0,electron-hole reduced effective mass,,0.8176034674157621,../input_parameters/KRS5_Keldysh_Parameter.docx,True,The 800-nm real index is a Cauchy interpolation and the 2.50 eV gap is provisional. The extinction coefficient is unavailable; this Re(n)-only result is diagnostic.,component_scaling,21,1389495494373.136,6.123542121976226,1.1591433262970555e+18,3.435128546291056e+18,4.3982430645546204e+18,3.211828354058907e+20
KRS5_NIR,"KRS-5, 0.8 $\mu$m",KRS-5 (TlBr-TlI mixed crystal),NIR,1,0.8,100.0,0.0606,162.1,152.4,full 1/e^2 intensity diameter,surface incident,,569298990891.9888,2.4908831176,,2.5,1.0,electron-hole reduced effective mass,,0.8176034674157621,../input_parameters/KRS5_Keldysh_Parameter.docx,True,The 800-nm real index is a Cauchy interpolation and the 2.50 eV gap is provisional. The extinction coefficient is unavailable; this Re(n)-only result is diagnostic.,component_scaling,22,1757510624854.7966,5.444804634385781,1.857338544085942e+18,5.245882417871378e+18,7.006293673490052e+18,5.185392918717182e+20
KRS5_NIR,"KRS-5, 0.8 $\mu$m",KRS-5 (TlBr-TlI mixed crystal),NIR,1,0.8,100.0,0.0606,162.1,152.4,full 1/e^2 intensity diameter,surface incident,,569298990891.9888,2.4908831176,,2.5,1.0,electron-hole reduced effective mass,,0.8176034674157621,../input_parameters/KRS5_Keldysh_Parameter.docx,True,The 800-nm real index is a Cauchy interpolation and the 2.50 eV gap is provisional. The extinction coefficient is unavailable; this Re(n)-only result is diagnostic.,component_scaling,23,2222996482526.191,4.841298862015749,2.9771723745081564e+18,7.203452067289169e+18,1.014729878369192e+19,7.824468150183243e+20
KRS5_NIR,"KRS-5, 0.8 $\mu$m",KRS-5 (TlBr-TlI mixed crystal),NIR,1,0.8,100.0,0.0606,162.1,152.4,full 1/e^2 intensity diameter,surface incident,,569298990891.9888,2.4908831176,,2.5,1.0,electron-hole reduced effective mass,,0.8176034674157621,../input_parameters/KRS5_Keldysh_Parameter.docx,True,The 800-nm real index is a Cauchy interpolation and the 2.50 eV gap is provisional. The extinction coefficient is unavailable; this Re(n)-only result is diagnostic.,component_scaling,24,2811768697974.237,4.304686071440449,4.774264499798183e+18,9.432943742539327e+18,1.4198683779614958e+19,1.1412587420102381e+21
KRS5_NIR,"KRS-5, 0.8 $\mu$m",KRS-5 (TlBr-TlI mixed crystal),NIR,1,0.8,100.0,0.0606,162.1,152.4,full 1/e^2 intensity diameter,surface incident,,569298990891.9888,2.4908831176,,2.5,1.0,electron-hole reduced effective mass,,0.8176034674157621,../input_parameters/KRS5_Keldysh_Parameter.docx,True,The 800-nm real index is a Cauchy interpolation and the 2.50 eV gap is provisional. The extinction coefficient is unavailable; this Re(n)-only result is diagnostic.,component_scaling,25,3556480306223.121,3.8275518000014785,7.660027078839735e+18,1.2104648828998527e+19,1.9764085706646487e+19,1.6378454324771983e+21
KRS5_NIR,"KRS-5, 0.8 $\mu$m",KRS-5 (TlBr-TlI mixed crystal),NIR,1,0.8,100.0,0.0606,162.1,152.4,full 1/e^2 intensity diameter,surface incident,,569298990891.9888,2.4908831176,,2.5,1.0,electron-hole reduced effective mass,,0.8176034674157621,../input_parameters/KRS5_Keldysh_Parameter.docx,True,The 800-nm real index is a Cauchy interpolation and the 2.50 eV gap is provisional. The extinction coefficient is unavailable; this Re(n)-only result is diagnostic.,component_scaling,26,4498432668969.453,3.403303409020071,1.2297146911850983e+19,1.5406809100322075e+19,2.7703956012173062e+19,2.3370610368396969e+21
KRS5_NIR,"KRS-5, 0.8 $\mu$m",KRS-5 (TlBr-TlI mixed crystal),NIR,1,0.8,100.0,0.0606,162.1,152.4,full 1/e^2 intensity diameter,surface incident,,569298990891.9888,2.4908831176,,2.5,1.0,electron-hole reduced effective mass,,0.8176034674157621,../input_parameters/KRS5_Keldysh_Parameter.docx,True,The 800-nm real index is a Cauchy interpolation and the 2.50 eV gap is provisional. The extinction coefficient is unavailable; this Re(n)-only result is diagnostic.,component_scaling,27,5689866029018.305,3.026078992279918,1.9753628478726648e+19,1.954101131843135e+19,3.9294639797158e+19,3.3380195905437387e+21
KRS5_NIR,"KRS-5, 0.8 $\mu$m",KRS-5 (TlBr-TlI mixed crystal),NIR,1,0.8,100.0,0.0606,162.1,152.4,full 1/e^2 intensity diameter,surface incident,,569298990891.9888,2.4908831176,,2.5,1.0,electron-hole reduced effective mass,,0.8176034674157621,../input_parameters/KRS5_Keldysh_Parameter.docx,True,The 800-nm real index is a Cauchy interpolation and the 2.50 eV gap is provisional. The extinction coefficient is unavailable; this Re(n)-only result is diagnostic.,component_scaling,28,7196856730011.528,2.6906663811542173,3.1750522482964984e+19,2.4747518309218755e+19,5.649804079218374e+19,4.793670506421092e+21
KRS5_NIR,"KRS-5, 0.8 $\mu$m",KRS-5 (TlBr-TlI mixed crystal),NIR,1,0.8,100.0,0.0606,162.1,152.4,full 1/e^2 intensity diameter,surface incident,,569298990891.9888,2.4908831176,,2.5,1.0,electron-hole reduced effective mass,,0.8176034674157621,../input_parameters/KRS5_Keldysh_Parameter.docx,True,The 800-nm real index is a Cauchy interpolation and the 2.50 eV gap is provisional. The extinction coefficient is unavailable; this Re(n)-only result is diagnostic.,component_scaling,29,9102981779915.227,2.3924311272585066,5.106497028482698e+19,3.132025984697044e+19,8.238523013179741e+19,6.942152947008371e+21
KRS5_NIR,"KRS-5, 0.8 $\mu$m",KRS-5 (TlBr-TlI mixed crystal),NIR,1,0.8,100.0,0.0606,162.1,152.4,full 1/e^2 intensity diameter,surface incident,,569298990891.9888,2.4908831176,,2.5,1.0,electron-hole reduced effective mass,,0.8176034674157621,../input_parameters/KRS5_Keldysh_Parameter.docx,True,The 800-nm real index is a Cauchy interpolation and the 2.50 eV gap is provisional. The extinction coefficient is unavailable; this Re(n)-only result is diagnostic.,component_scaling,30,11513953993264.48,2.127252467554189,8.213519348592566e+19,3.962636042496627e+19,1.2176155391089192e+20,1.0155251044873723e+22
KRS5_NIR,"KRS-5, 0.8 $\mu$m",KRS-5 (TlBr-TlI mixed crystal),NIR,1,0.8,100.0,0.0606,162.1,152.4,full 1/e^2 intensity diameter,surface incident,,569298990891.9888,2.4908831176,,2.5,1.0,electron-hole reduced effective mass,,0.8176034674157621,../input_parameters/KRS5_Keldysh_Parameter.docx,True,The 800-nm real index is a Cauchy interpolation and the 2.50 eV gap is provisional. The extinction coefficient is unavailable; this Re(n)-only result is diagnostic.,component_scaling,31,14563484775012.443,1.8914663871226376,1.32029206804523e+20,5.012791796402014e+19,1.8215712476854315e+20,1.5014766544072147e+22
KRS5_NIR,"KRS-5, 0.8 $\mu$m",KRS-5 (TlBr-TlI mixed crystal),NIR,1,0.8,100.0,0.0606,162.1,152.4,full 1/e^2 intensity diameter,surface incident,,569298990891.9888,2.4908831176,,2.5,1.0,electron-hole reduced effective mass,,0.8176034674157621,../input_parameters/KRS5_Keldysh_Parameter.docx,True,The 800-nm real index is a Cauchy interpolation and the 2.50 eV gap is provisional. The extinction coefficient is unavailable; this Re(n)-only result is diagnostic.,component_scaling,32,18420699693267.164,1.6818149928993456,2.117611086317382e+20,6.340820270167559e+19,2.7516931133341378e+20,2.242470418809207e+22
KRS5_NIR,"KRS-5, 0.8 $\mu$m",KRS-5 (TlBr-TlI mixed crystal),NIR,1,0.8,100.0,0.0606,162.1,152.4,full 1/e^2 intensity diameter,surface incident,,569298990891.9888,2.4908831176,,2.5,1.0,electron-hole reduced effective mass,,0.8176034674157621,../input_parameters/KRS5_Keldysh_Parameter.docx,True,The 800-nm real index is a Cauchy interpolation and the 2.50 eV gap is provisional. The extinction coefficient is unavailable; this Re(n)-only result is diagnostic.,component_scaling,33,23299518105153.72,1.4954014988571047,3.3783754461398906e+20,8.020426302440617e+19,4.180418076383952e+20,3.3760774916606723e+22
KRS5_NIR,"KRS-5, 0.8 $\mu$m",KRS-5 (TlBr-TlI mixed crystal),NIR,1,0.8,100.0,0.0606,162.1,152.4,full 1/e^2 intensity diameter,surface incident,,569298990891.9888,2.4908831176,,2.5,1.0,electron-hole reduced effective mass,,0.8176034674157621,../input_parameters/KRS5_Keldysh_Parameter.docx,True,The 800-nm real index is a Cauchy interpolation and the 2.50 eV gap is provisional. The extinction coefficient is unavailable; this Re(n)-only result is diagnostic.,component_scaling,34,29470517025518.098,1.3296502006614652,5.320878640497937e+20,1.0144793064861211e+20,6.335357946984058e+20,5.10063552797003e+22
KRS5_NIR,"KRS-5, 0.8 $\mu$m",KRS-5 (TlBr-TlI mixed crystal),NIR,1,0.8,100.0,0.0606,162.1,152.4,full 1/e^2 intensity diameter,surface incident,,569298990891.9888,2.4908831176,,2.5,1.0,electron-hole reduced effective mass,,0.8176034674157621,../input_parameters/KRS5_Keldysh_Parameter.docx,True,The 800-nm real index is a Cauchy interpolation and the 2.50 eV gap is provisional. The extinction coefficient is unavailable; this Re(n)-only result is diagnostic.,component_scaling,35,37275937203149.38,1.1822708867620413,8.126713629311626e+20,1.2831757134083603e+20,9.409889342719988e+20,7.653981570245564e+22
KRS5_NIR,"KRS-5, 0.8 $\mu$m",KRS-5 (TlBr-TlI mixed crystal),NIR,1,0.8,100.0,0.0606,162.1,152.4,full 1/e^2 intensity diameter,surface incident,,569298990891.9888,2.4908831176,,2.5,1.0,electron-hole reduced effective mass,,0.8176034674157621,../input_parameters/KRS5_Keldysh_Parameter.docx,True,The 800-nm real index is a Cauchy interpolation and the 2.50 eV gap is provisional. The extinction coefficient is unavailable; this Re(n)-only result is diagnostic.,component_scaling,36,47148663634573.9,1.051227194182164,1.1342121494638994e+21,1.6230348055140162e+20,1.296515630015301e+21,1.1100462447915033e+23
KRS5_NIR,"KRS-5, 0.8 $\mu$m",KRS-5 (TlBr-TlI mixed crystal),NIR,1,0.8,100.0,0.0606,162.1,152.4,full 1/e^2 intensity diameter,surface incident,,569298990891.9888,2.4908831176,,2.5,1.0,electron-hole reduced effective mass,,0.8176034674157621,../input_parameters/KRS5_Keldysh_Parameter.docx,True,The 800-nm real index is a Cauchy interpolation and the 2.50 eV gap is provisional. The extinction coefficient is unavailable; this Re(n)-only result is diagnostic.,component_scaling,37,59636233165946.37,0.9347084717738865,1.1971235923726974e+21,2.052904848259702e+20,1.3759385816269468e+21,1.2595697293053347e+23
KRS5_NIR,"KRS-5, 0.8 $\mu$m",KRS-5 (TlBr-TlI mixed crystal),NIR,1,0.8,100.0,0.0606,162.1,152.4,full 1/e^2 intensity diameter,surface incident,,569298990891.9888,2.4908831176,,2.5,1.0,electron-hole reduced effective mass,,0.8176034674157621,../input_parameters/KRS5_Keldysh_Parameter.docx,True,The 800-nm real index is a Cauchy interpolation and the 2.50 eV gap is provisional. The extinction coefficient is unavailable; this Re(n)-only result is diagnostic.,component_scaling,38,75431200633546.08,0.8311047621685451,1.1968163278182686e+21,2.5966277653529923e+20,1.376077100909469e+21,1.3198852890620464e+23
KRS5_NIR,"KRS-5, 0.8 $\mu$m",KRS-5 (TlBr-TlI mixed crystal),NIR,1,0.8,100.0,0.0606,162.1,152.4,full 1/e^2 intensity diameter,surface incident,,569298990891.9888,2.4908831176,,2.5,1.0,electron-hole reduced effective mass,,0.8176034674157621,../input_parameters/KRS5_Keldysh_Parameter.docx,True,The 800-nm real index is a Cauchy interpolation and the 2.50 eV gap is provisional. The extinction coefficient is unavailable; this Re(n)-only result is diagnostic.,component_scaling,39,95409547634999.64,0.7389845567445833,1.4352571851853949e+21,3.284360036449414e+20,1.763693188830336e+21,1.7445509738631894e+23
KRS5_NIR,"KRS-5, 0.8 $\mu$m",KRS-5 (TlBr-TlI mixed crystal),NIR,1,0.8,100.0,0.0606,162.1,152.4,full 1/e^2 intensity diameter,surface incident,,569298990891.9888,2.4908831176,,2.5,1.0,electron-hole reduced effective mass,,0.8176034674157621,../input_parameters/KRS5_Keldysh_Parameter.docx,True,The 800-nm real index is a Cauchy interpolation and the 2.50 eV gap is provisional. The extinction coefficient is unavailable; this Re(n)-only result is diagnostic.,component_scaling,40,120679264063932.64,0.6570750162495687,2.682748699148867e+21,4.154241643147606e+20,3.098172863463628e+21,2.6000911568575877e+23
KRS5_NIR,"KRS-5, 0.8 $\mu$m",KRS-5 (TlBr-TlI mixed crystal),NIR,1,0.8,100.0,0.0606,162.1,152.4,full 1/e^2 intensity diameter,surface incident,,569298990891.9888,2.4908831176,,2.5,1.0,electron-hole reduced effective mass,,0.8176034674157621,../input_parameters/KRS5_Keldysh_Parameter.docx,True,The 800-nm real index is a Cauchy interpolation and the 2.50 eV gap is provisional. The extinction coefficient is unavailable; this Re(n)-only result is diagnostic.,component_scaling,41,152641796717523.66,0.584244383781615,4.97052902138069e+21,5.254515300776853e+20,5.495980551458375e+21,4.1885965180043724e+23
KRS5_NIR,"KRS-5, 0.8 $\mu$m",KRS-5 (TlBr-TlI mixed crystal),NIR,1,0.8,100.0,0.0606,162.1,152.4,full 1/e^2 intensity diameter,surface incident,,569298990891.9888,2.4908831176,,2.5,1.0,electron-hole reduced effective mass,,0.8176034674157621,../input_parameters/KRS5_Keldysh_Parameter.docx,True,The 800-nm real index is a Cauchy interpolation and the 2.50 eV gap is provisional. The extinction coefficient is unavailable; this Re(n)-only result is diagnostic.,component_scaling,42,193069772888324.56,0.519486347127697,9.040447084700186e+21,6.646201645158414e+20,9.705067249216027e+21,7.045410069315004e+23
KRS5_NIR,"KRS-5, 0.8 $\mu$m",KRS-5 (TlBr-TlI mixed crystal),NIR,1,0.8,100.0,0.0606,162.1,152.4,full 1/e^2 intensity diameter,surface incident,,569298990891.9888,2.4908831176,,2.5,1.0,electron-hole reduced effective mass,,0.8176034674157621,../input_parameters/KRS5_Keldysh_Parameter.docx,True,The 800-nm real index is a Cauchy interpolation and the 2.50 eV gap is provisional. The extinction coefficient is unavailable; this Re(n)-only result is diagnostic.,component_scaling,43,244205309454865.47,0.46190613439075917,1.5246068672642006e+22,8.40648306971864e+20,1.608671697961387e+22,1.1811857484888461e+24
KRS5_NIR,"KRS-5, 0.8 $\mu$m",KRS-5 (TlBr-TlI mixed crystal),NIR,1,0.8,100.0,0.0606,162.1,152.4,full 1/e^2 intensity diameter,surface incident,,569298990891.9888,2.4908831176,,2.5,1.0,electron-hole reduced effective mass,,0.8176034674157621,../input_parameters/KRS5_Keldysh_Parameter.docx,True,The 800-nm real index is a Cauchy interpolation and the 2.50 eV gap is provisional. The extinction coefficient is unavailable; this Re(n)-only result is diagnostic.,component_scaling,44,308884359647748.5,0.4107081507868162,1.7043483702212763e+22,1.0632984022530754e+21,1.7971797719851387e+22,1.4471561181939932e+24
KRS5_NIR,"KRS-5, 0.8 $\mu$m",KRS-5 (TlBr-TlI mixed crystal),NIR,1,0.8,100.0,0.0606,162.1,152.4,full 1/e^2 intensity diameter,surface incident,,569298990891.9888,2.4908831176,,2.5,1.0,electron-hole reduced effective mass,,0.8176034674157621,../input_parameters/KRS5_Keldysh_Parameter.docx,True,The 800-nm real index is a Cauchy interpolation and the 2.50 eV gap is provisional. The extinction coefficient is unavailable; this Re(n)-only result is diagnostic.,component_scaling,45,390693993705462.06,0.36518498578766817,2.180770213204557e+22,1.344918538145144e+21,2.3152620670190715e+22,1.9944369501217117e+24
KRS5_NIR,"KRS-5, 0.8 $\mu$m",KRS-5 (TlBr-TlI mixed crystal),NIR,1,0.8,100.0,0.0606,162.1,152.4,full 1/e^2 intensity diameter,surface incident,,569298990891.9888,2.4908831176,,2.5,1.0,electron-hole reduced effective mass,,0.8176034674157621,../input_parameters/KRS5_Keldysh_Parameter.docx,True,The 800-nm real index is a Cauchy interpolation and the 2.50 eV gap is provisional. The extinction coefficient is unavailable; this Re(n)-only result is diagnostic.,component_scaling,46,494171336132383.8,0.32470763871925645,4.03147391643913e+22,1.701127235151715e+21,4.2015866399543005e+22,3.19518026423578e+24
KRS5_NIR,"KRS-5, 0.8 $\mu$m",KRS-5 (TlBr-TlI mixed crystal),NIR,1,0.8,100.0,0.0606,162.1,152.4,full 1/e^2 intensity diameter,surface incident,,569298990891.9888,2.4908831176,,2.5,1.0,electron-hole reduced effective mass,,0.8176034674157621,../input_parameters/KRS5_Keldysh_Parameter.docx,True,The 800-nm real index is a Cauchy interpolation and the 2.50 eV gap is provisional. The extinction coefficient is unavailable; this Re(n)-only result is diagnostic.,component_scaling,47,625055192527397.6,0.28871682776120194,5.652466082497872e+22,2.1516796604626648e+21,5.857011332218027e+22,4.702231195647721e+24
KRS5_NIR,"KRS-5, 0.8 $\mu$m",KRS-5 (TlBr-TlI mixed crystal),NIR,1,0.8,100.0,0.0606,162.1,152.4,full 1/e^2 intensity diameter,surface incident,,569298990891.9888,2.4908831176,,2.5,1.0,electron-hole reduced effective mass,,0.8176034674157621,../input_parameters/KRS5_Keldysh_Parameter.docx,True,The 800-nm real index is a Cauchy interpolation and the 2.50 eV gap is provisional. The extinction coefficient is unavailable; this Re(n)-only result is diagnostic.,component_scaling,48,790604321090770.1,0.2567152622626248,7.17477288865727e+22,2.7215632447925403e+21,7.446929213136524e+22,6.302241672472292e+24
KRS5_NIR,"KRS-5, 0.8 $\mu$m",KRS-5 (TlBr-TlI mixed crystal),NIR,1,0.8,100.0,0.0606,162.1,152.4,full 1/e^2 intensity diameter,surface incident,,569298990891.9888,2.4908831176,,2.5,1.0,electron-hole reduced effective mass,,0.8176034674157621,../input_parameters/KRS5_Keldysh_Parameter.docx,True,The 800-nm real index is a Cauchy interpolation and the 2.50 eV gap is provisional. The extinction coefficient is unavailable; this Re(n)-only result is diagnostic.,component_scaling,49,1000000000000000.0,0.2282607715996259,1.2342569674994586e+23,3.442383469361491e+21,1.2686808021930736e+23,9.98811716050906e+24
