short,name,material,region,mat_flag,wavelength_um,tau_fs,F0_jcm2,beam_diameter_a_um,beam_diameter_b_um,beam_diameter_definition,fluence_basis,reference_I0_wcm2,I0_wcm2,n0,n2_m2_per_w,Eg_eV,mred_over_me,reduced_mass_definition,kappa_recorded_not_used,transmission_factor,reference_file,diagnostic_only,parameter_status,dataset,point_index,I_wcm2,gamma_irg207_reference,Wtotal_peak_cm3_fs,Wtotal_direct_at_reference_cm3_fs
IRG207_NIR,"IRG207, 0.8 $\mu$m",IRG207 infrared glass (IRG-24 / IG4-equivalent proxy),NIR,1,0.8,100.0,0.0485,162.1,152.4,full 1/e^2 intensity diameter,surface incident,,455627080169.33093,2.8028,,1.6999999999999997,1.0,electron-hole reduced effective mass,,0.7752559885427189,../input_parameters/IRG207_Keldysh_Parameter.docx,True,The 800-nm index uses an IRG-24/IG4-equivalent proxy and the 1.70 eV gap is provisional. Operation is near the short-wave absorption edge; this Re(n)-only result is diagnostic.,total_comparison,0,49999999999.99999,28.237101505796424,1654911812801161.5,1.5981081052011904e+17
IRG207_NIR,"IRG207, 0.8 $\mu$m",IRG207 infrared glass (IRG-24 / IG4-equivalent proxy),NIR,1,0.8,100.0,0.0485,162.1,152.4,full 1/e^2 intensity diameter,surface incident,,455627080169.33093,2.8028,,1.6999999999999997,1.0,electron-hole reduced effective mass,,0.7752559885427189,../input_parameters/IRG207_Keldysh_Parameter.docx,True,The 800-nm index uses an IRG-24/IG4-equivalent proxy and the 1.70 eV gap is provisional. Operation is near the short-wave absorption edge; this Re(n)-only result is diagnostic.,total_comparison,1,61199253779.35998,25.523019591466152,2479750905270472.0,1.5981081052011904e+17
IRG207_NIR,"IRG207, 0.8 $\mu$m",IRG207 infrared glass (IRG-24 / IG4-equivalent proxy),NIR,1,0.8,100.0,0.0485,162.1,152.4,full 1/e^2 intensity diameter,surface incident,,455627080169.33093,2.8028,,1.6999999999999997,1.0,electron-hole reduced effective mass,,0.7752559885427189,../input_parameters/IRG207_Keldysh_Parameter.docx,True,The 800-nm index uses an IRG-24/IG4-equivalent proxy and the 1.70 eV gap is provisional. Operation is near the short-wave absorption edge; this Re(n)-only result is diagnostic.,total_comparison,2,74906973263.01015,23.06980866760147,3716174625021805.0,1.5981081052011904e+17
IRG207_NIR,"IRG207, 0.8 $\mu$m",IRG207 infrared glass (IRG-24 / IG4-equivalent proxy),NIR,1,0.8,100.0,0.0485,162.1,152.4,full 1/e^2 intensity diameter,surface incident,,455627080169.33093,2.8028,,1.6999999999999997,1.0,electron-hole reduced effective mass,,0.7752559885427189,../input_parameters/IRG207_Keldysh_Parameter.docx,True,The 800-nm index uses an IRG-24/IG4-equivalent proxy and the 1.70 eV gap is provisional. Operation is near the short-wave absorption edge; this Re(n)-only result is diagnostic.,total_comparison,3,91685017331.33382,20.85239444543197,5570343208901008.0,1.5981081052011904e+17
IRG207_NIR,"IRG207, 0.8 $\mu$m",IRG207 infrared glass (IRG-24 / IG4-equivalent proxy),NIR,1,0.8,100.0,0.0485,162.1,152.4,full 1/e^2 intensity diameter,surface incident,,455627080169.33093,2.8028,,1.6999999999999997,1.0,electron-hole reduced effective mass,,0.7752559885427189,../input_parameters/IRG207_Keldysh_Parameter.docx,True,The 800-nm index uses an IRG-24/IG4-equivalent proxy and the 1.70 eV gap is provisional. Operation is near the short-wave absorption edge; this Re(n)-only result is diagnostic.,total_comparison,4,112221092868.50633,18.848112716189668,8353023794179522.0,1.5981081052011904e+17
IRG207_NIR,"IRG207, 0.8 $\mu$m",IRG207 infrared glass (IRG-24 / IG4-equivalent proxy),NIR,1,0.8,100.0,0.0485,162.1,152.4,full 1/e^2 intensity diameter,surface incident,,455627080169.33093,2.8028,,1.6999999999999997,1.0,electron-hole reduced effective mass,,0.7752559885427189,../input_parameters/IRG207_Keldysh_Parameter.docx,True,The 800-nm index uses an IRG-24/IG4-equivalent proxy and the 1.70 eV gap is provisional. Operation is near the short-wave absorption edge; this Re(n)-only result is diagnostic.,total_comparison,5,137356942837.13632,17.03647770004728,1.2534991882194306e+16,1.5981081052011904e+17
IRG207_NIR,"IRG207, 0.8 $\mu$m",IRG207 infrared glass (IRG-24 / IG4-equivalent proxy),NIR,1,0.8,100.0,0.0485,162.1,152.4,full 1/e^2 intensity diameter,surface incident,,455627080169.33093,2.8028,,1.6999999999999997,1.0,electron-hole reduced effective mass,,0.7752559885427189,../input_parameters/IRG207_Keldysh_Parameter.docx,True,The 800-nm index uses an IRG-24/IG4-equivalent proxy and the 1.70 eV gap is provisional. Operation is near the short-wave absorption edge; this Re(n)-only result is diagnostic.,total_comparison,6,168122848060.939,15.398972660796076,1.8835797766235332e+16,1.5981081052011904e+17
IRG207_NIR,"IRG207, 0.8 $\mu$m",IRG207 infrared glass (IRG-24 / IG4-equivalent proxy),NIR,1,0.8,100.0,0.0485,162.1,152.4,full 1/e^2 intensity diameter,surface incident,,455627080169.33093,2.8028,,1.6999999999999997,1.0,electron-hole reduced effective mass,,0.7752559885427189,../input_parameters/IRG207_Keldysh_Parameter.docx,True,The 800-nm index uses an IRG-24/IG4-equivalent proxy and the 1.70 eV gap is provisional. Operation is near the short-wave absorption edge; this Re(n)-only result is diagnostic.,total_comparison,7,205779856891.80368,13.918860646135025,2.837280859535579e+16,1.5981081052011904e+17
IRG207_NIR,"IRG207, 0.8 $\mu$m",IRG207 infrared glass (IRG-24 / IG4-equivalent proxy),NIR,1,0.8,100.0,0.0485,162.1,152.4,full 1/e^2 intensity diameter,surface incident,,455627080169.33093,2.8028,,1.6999999999999997,1.0,electron-hole reduced effective mass,,0.7752559885427189,../input_parameters/IRG207_Keldysh_Parameter.docx,True,The 800-nm index uses an IRG-24/IG4-equivalent proxy and the 1.70 eV gap is provisional. Operation is near the short-wave absorption edge; this Re(n)-only result is diagnostic.,total_comparison,8,251871473692.03748,12.581013419145254,4.293135096082654e+16,1.5981081052011904e+17
IRG207_NIR,"IRG207, 0.8 $\mu$m",IRG207 infrared glass (IRG-24 / IG4-equivalent proxy),NIR,1,0.8,100.0,0.0485,162.1,152.4,full 1/e^2 intensity diameter,surface incident,,455627080169.33093,2.8028,,1.6999999999999997,1.0,electron-hole reduced effective mass,,0.7752559885427189,../input_parameters/IRG207_Keldysh_Parameter.docx,True,The 800-nm index uses an IRG-24/IG4-equivalent proxy and the 1.70 eV gap is provisional. Operation is near the short-wave absorption edge; this Re(n)-only result is diagnostic.,total_comparison,9,308286924765.2079,11.371756832457727,6.555527503718291e+16,1.5981081052011904e+17
IRG207_NIR,"IRG207, 0.8 $\mu$m",IRG207 infrared glass (IRG-24 / IG4-equivalent proxy),NIR,1,0.8,100.0,0.0485,162.1,152.4,full 1/e^2 intensity diameter,surface incident,,455627080169.33093,2.8028,,1.6999999999999997,1.0,electron-hole reduced effective mass,,0.7752559885427189,../input_parameters/IRG207_Keldysh_Parameter.docx,True,The 800-nm index uses an IRG-24/IG4-equivalent proxy and the 1.70 eV gap is provisional. Operation is near the short-wave absorption edge; this Re(n)-only result is diagnostic.,total_comparison,10,377338594911.2883,10.278731064681965,1.0197339340230757e+17,1.5981081052011904e+17
IRG207_NIR,"IRG207, 0.8 $\mu$m",IRG207 infrared glass (IRG-24 / IG4-equivalent proxy),NIR,1,0.8,100.0,0.0485,162.1,152.4,full 1/e^2 intensity diameter,surface incident,,455627080169.33093,2.8028,,1.6999999999999997,1.0,electron-hole reduced effective mass,,0.7752559885427189,../input_parameters/IRG207_Keldysh_Parameter.docx,True,The 800-nm index uses an IRG-24/IG4-equivalent proxy and the 1.70 eV gap is provisional. Operation is near the short-wave absorption edge; this Re(n)-only result is diagnostic.,total_comparison,11,461856808614.461,9.290764290571266,1.6546932129478573e+17,1.5981081052011904e+17
IRG207_NIR,"IRG207, 0.8 $\mu$m",IRG207 infrared glass (IRG-24 / IG4-equivalent proxy),NIR,1,0.8,100.0,0.0485,162.1,152.4,full 1/e^2 intensity diameter,surface incident,,455627080169.33093,2.8028,,1.6999999999999997,1.0,electron-hole reduced effective mass,,0.7752559885427189,../input_parameters/IRG207_Keldysh_Parameter.docx,True,The 800-nm index uses an IRG-24/IG4-equivalent proxy and the 1.70 eV gap is provisional. Operation is near the short-wave absorption edge; this Re(n)-only result is diagnostic.,total_comparison,12,565305840802.4338,8.397758493706146,3.0214649352573286e+17,1.5981081052011904e+17
IRG207_NIR,"IRG207, 0.8 $\mu$m",IRG207 infrared glass (IRG-24 / IG4-equivalent proxy),NIR,1,0.8,100.0,0.0485,162.1,152.4,full 1/e^2 intensity diameter,surface incident,,455627080169.33093,2.8028,,1.6999999999999997,1.0,electron-hole reduced effective mass,,0.7752559885427189,../input_parameters/IRG207_Keldysh_Parameter.docx,True,The 800-nm index uses an IRG-24/IG4-equivalent proxy and the 1.70 eV gap is provisional. Operation is near the short-wave absorption edge; this Re(n)-only result is diagnostic.,total_comparison,13,691925912284.4525,7.590586254586541,6.958664577478298e+17,1.5981081052011904e+17
IRG207_NIR,"IRG207, 0.8 $\mu$m",IRG207 infrared glass (IRG-24 / IG4-equivalent proxy),NIR,1,0.8,100.0,0.0485,162.1,152.4,full 1/e^2 intensity diameter,surface incident,,455627080169.33093,2.8028,,1.6999999999999997,1.0,electron-hole reduced effective mass,,0.7752559885427189,../input_parameters/IRG207_Keldysh_Parameter.docx,True,The 800-nm index uses an IRG-24/IG4-equivalent proxy and the 1.70 eV gap is provisional. Operation is near the short-wave absorption edge; this Re(n)-only result is diagnostic.,total_comparison,14,846906990048.2278,6.860997459202981,1.49217348913082e+18,1.5981081052011904e+17
IRG207_NIR,"IRG207, 0.8 $\mu$m",IRG207 infrared glass (IRG-24 / IG4-equivalent proxy),NIR,1,0.8,100.0,0.0485,162.1,152.4,full 1/e^2 intensity diameter,surface incident,,455627080169.33093,2.8028,,1.6999999999999997,1.0,electron-hole reduced effective mass,,0.7752559885427189,../input_parameters/IRG207_Keldysh_Parameter.docx,True,The 800-nm index uses an IRG-24/IG4-equivalent proxy and the 1.70 eV gap is provisional. Operation is near the short-wave absorption edge; this Re(n)-only result is diagnostic.,total_comparison,15,1036601516229.5078,6.201534974554327,2.545055762595678e+18,1.5981081052011904e+17
IRG207_NIR,"IRG207, 0.8 $\mu$m",IRG207 infrared glass (IRG-24 / IG4-equivalent proxy),NIR,1,0.8,100.0,0.0485,162.1,152.4,full 1/e^2 intensity diameter,surface incident,,455627080169.33093,2.8028,,1.6999999999999997,1.0,electron-hole reduced effective mass,,0.7752559885427189,../input_parameters/IRG207_Keldysh_Parameter.docx,True,The 800-nm index uses an IRG-24/IG4-equivalent proxy and the 1.70 eV gap is provisional. Operation is near the short-wave absorption edge; this Re(n)-only result is diagnostic.,total_comparison,16,1268784785195.9749,5.605458429230823,3.7779975147181553e+18,1.5981081052011904e+17
IRG207_NIR,"IRG207, 0.8 $\mu$m",IRG207 infrared glass (IRG-24 / IG4-equivalent proxy),NIR,1,0.8,100.0,0.0485,162.1,152.4,full 1/e^2 intensity diameter,surface incident,,455627080169.33093,2.8028,,1.6999999999999997,1.0,electron-hole reduced effective mass,,0.7752559885427189,../input_parameters/IRG207_Keldysh_Parameter.docx,True,The 800-nm index uses an IRG-24/IG4-equivalent proxy and the 1.70 eV gap is provisional. Operation is near the short-wave absorption edge; this Re(n)-only result is diagnostic.,total_comparison,17,1552973641211.9841,5.066675320023154,5.232636188550316e+18,1.5981081052011904e+17
IRG207_NIR,"IRG207, 0.8 $\mu$m",IRG207 infrared glass (IRG-24 / IG4-equivalent proxy),NIR,1,0.8,100.0,0.0485,162.1,152.4,full 1/e^2 intensity diameter,surface incident,,455627080169.33093,2.8028,,1.6999999999999997,1.0,electron-hole reduced effective mass,,0.7752559885427189,../input_parameters/IRG207_Keldysh_Parameter.docx,True,The 800-nm index uses an IRG-24/IG4-equivalent proxy and the 1.70 eV gap is provisional. Operation is near the short-wave absorption edge; this Re(n)-only result is diagnostic.,total_comparison,18,1900816559623.7793,4.5796787403977435,7.036486986201616e+18,1.5981081052011904e+17
IRG207_NIR,"IRG207, 0.8 $\mu$m",IRG207 infrared glass (IRG-24 / IG4-equivalent proxy),NIR,1,0.8,100.0,0.0485,162.1,152.4,full 1/e^2 intensity diameter,surface incident,,455627080169.33093,2.8028,,1.6999999999999997,1.0,electron-hole reduced effective mass,,0.7752559885427189,../input_parameters/IRG207_Keldysh_Parameter.docx,True,The 800-nm index uses an IRG-24/IG4-equivalent proxy and the 1.70 eV gap is provisional. Operation is near the short-wave absorption edge; this Re(n)-only result is diagnostic.,total_comparison,19,2326571100408.512,4.139491094360317,9.386373624584765e+18,1.5981081052011904e+17
IRG207_NIR,"IRG207, 0.8 $\mu$m",IRG207 infrared glass (IRG-24 / IG4-equivalent proxy),NIR,1,0.8,100.0,0.0485,162.1,152.4,full 1/e^2 intensity diameter,surface incident,,455627080169.33093,2.8028,,1.6999999999999997,1.0,electron-hole reduced effective mass,,0.7752559885427189,../input_parameters/IRG207_Keldysh_Parameter.docx,True,The 800-nm index uses an IRG-24/IG4-equivalent proxy and the 1.70 eV gap is provisional. Operation is near the short-wave absorption edge; this Re(n)-only result is diagnostic.,total_comparison,20,2847688304192.5073,3.7416132204068497,1.255268366958061e+19,1.5981081052011904e+17
IRG207_NIR,"IRG207, 0.8 $\mu$m",IRG207 infrared glass (IRG-24 / IG4-equivalent proxy),NIR,1,0.8,100.0,0.0485,162.1,152.4,full 1/e^2 intensity diameter,surface incident,,455627080169.33093,2.8028,,1.6999999999999997,1.0,electron-hole reduced effective mass,,0.7752559885427189,../input_parameters/IRG207_Keldysh_Parameter.docx,True,The 800-nm index uses an IRG-24/IG4-equivalent proxy and the 1.70 eV gap is provisional. Operation is near the short-wave absorption edge; this Re(n)-only result is diagnostic.,total_comparison,21,3485527984255.8506,3.3819784055572915,1.690780581317945e+19,1.5981081052011904e+17
IRG207_NIR,"IRG207, 0.8 $\mu$m",IRG207 infrared glass (IRG-24 / IG4-equivalent proxy),NIR,1,0.8,100.0,0.0485,162.1,152.4,full 1/e^2 intensity diameter,surface incident,,455627080169.33093,2.8028,,1.6999999999999997,1.0,electron-hole reduced effective mass,,0.7752559885427189,../input_parameters/IRG207_Keldysh_Parameter.docx,True,The 800-nm index uses an IRG-24/IG4-equivalent proxy and the 1.70 eV gap is provisional. Operation is near the short-wave absorption edge; this Re(n)-only result is diagnostic.,total_comparison,22,4266234233270.6973,3.0569108194491927,2.2986148279535456e+19,1.5981081052011904e+17
IRG207_NIR,"IRG207, 0.8 $\mu$m",IRG207 infrared glass (IRG-24 / IG4-equivalent proxy),NIR,1,0.8,100.0,0.0485,162.1,152.4,full 1/e^2 intensity diameter,surface incident,,455627080169.33093,2.8028,,1.6999999999999997,1.0,electron-hole reduced effective mass,,0.7752559885427189,../input_parameters/IRG207_Keldysh_Parameter.docx,True,The 800-nm index uses an IRG-24/IG4-equivalent proxy and the 1.70 eV gap is provisional. Operation is near the short-wave absorption edge; this Re(n)-only result is diagnostic.,total_comparison,23,5221807030482.533,2.7630879436457234,3.1567151566298526e+19,1.5981081052011904e+17
IRG207_NIR,"IRG207, 0.8 $\mu$m",IRG207 infrared glass (IRG-24 / IG4-equivalent proxy),NIR,1,0.8,100.0,0.0485,162.1,152.4,full 1/e^2 intensity diameter,surface incident,,455627080169.33093,2.8028,,1.6999999999999997,1.0,electron-hole reduced effective mass,,0.7752559885427189,../input_parameters/IRG207_Keldysh_Parameter.docx,True,The 800-nm index uses an IRG-24/IG4-equivalent proxy and the 1.70 eV gap is provisional. Operation is near the short-wave absorption edge; this Re(n)-only result is diagnostic.,total_comparison,24,6391413872906.935,2.4975066121477485,4.380092272316927e+19,1.5981081052011904e+17
IRG207_NIR,"IRG207, 0.8 $\mu$m",IRG207 infrared glass (IRG-24 / IG4-equivalent proxy),NIR,1,0.8,100.0,0.0485,162.1,152.4,full 1/e^2 intensity diameter,surface incident,,455627080169.33093,2.8028,,1.6999999999999997,1.0,electron-hole reduced effective mass,,0.7752559885427189,../input_parameters/IRG207_Keldysh_Parameter.docx,True,The 800-nm index uses an IRG-24/IG4-equivalent proxy and the 1.70 eV gap is provisional. Operation is near the short-wave absorption edge; this Re(n)-only result is diagnostic.,total_comparison,25,7822995192339.04,2.2574523160097795,6.140645043095767e+19,1.5981081052011904e+17
IRG207_NIR,"IRG207, 0.8 $\mu$m",IRG207 infrared glass (IRG-24 / IG4-equivalent proxy),NIR,1,0.8,100.0,0.0485,162.1,152.4,full 1/e^2 intensity diameter,surface incident,,455627080169.33093,2.8028,,1.6999999999999997,1.0,electron-hole reduced effective mass,,0.7752559885427189,../input_parameters/IRG207_Keldysh_Parameter.docx,True,The 800-nm index uses an IRG-24/IG4-equivalent proxy and the 1.70 eV gap is provisional. Operation is near the short-wave absorption edge; this Re(n)-only result is diagnostic.,total_comparison,26,9575229361813.4,2.040471458321981,8.692424711359749e+19,1.5981081052011904e+17
IRG207_NIR,"IRG207, 0.8 $\mu$m",IRG207 infrared glass (IRG-24 / IG4-equivalent proxy),NIR,1,0.8,100.0,0.0485,162.1,152.4,full 1/e^2 intensity diameter,surface incident,,455627080169.33093,2.8028,,1.6999999999999997,1.0,electron-hole reduced effective mass,,0.7752559885427189,../input_parameters/IRG207_Keldysh_Parameter.docx,True,The 800-nm index uses an IRG-24/IG4-equivalent proxy and the 1.70 eV gap is provisional. Operation is near the short-wave absorption edge; this Re(n)-only result is diagnostic.,total_comparison,27,11719937834183.947,1.8443462759762654,1.2417977036218987e+20,1.5981081052011904e+17
IRG207_NIR,"IRG207, 0.8 $\mu$m",IRG207 infrared glass (IRG-24 / IG4-equivalent proxy),NIR,1,0.8,100.0,0.0485,162.1,152.4,full 1/e^2 intensity diameter,surface incident,,455627080169.33093,2.8028,,1.6999999999999997,1.0,electron-hole reduced effective mass,,0.7752559885427189,../input_parameters/IRG207_Keldysh_Parameter.docx,True,The 800-nm index uses an IRG-24/IG4-equivalent proxy and the 1.70 eV gap is provisional. Operation is near the short-wave absorption edge; this Re(n)-only result is diagnostic.,total_comparison,28,14345028995850.922,1.6670721718915376,1.7890811143153936e+20,1.5981081052011904e+17
IRG207_NIR,"IRG207, 0.8 $\mu$m",IRG207 infrared glass (IRG-24 / IG4-equivalent proxy),NIR,1,0.8,100.0,0.0485,162.1,152.4,full 1/e^2 intensity diameter,surface incident,,455627080169.33093,2.8028,,1.6999999999999997,1.0,electron-hole reduced effective mass,,0.7752559885427189,../input_parameters/IRG207_Keldysh_Parameter.docx,True,The 800-nm index uses an IRG-24/IG4-equivalent proxy and the 1.70 eV gap is provisional. Operation is near the short-wave absorption edge; this Re(n)-only result is diagnostic.,total_comparison,29,17558101399787.162,1.506837226010661,2.5973036293076805e+20,1.5981081052011904e+17
IRG207_NIR,"IRG207, 0.8 $\mu$m",IRG207 infrared glass (IRG-24 / IG4-equivalent proxy),NIR,1,0.8,100.0,0.0485,162.1,152.4,full 1/e^2 intensity diameter,surface incident,,455627080169.33093,2.8028,,1.6999999999999997,1.0,electron-hole reduced effective mass,,0.7752559885427189,../input_parameters/IRG207_Keldysh_Parameter.docx,True,The 800-nm index uses an IRG-24/IG4-equivalent proxy and the 1.70 eV gap is provisional. Operation is near the short-wave absorption edge; this Re(n)-only result is diagnostic.,total_comparison,30,21490854068986.207,1.3620036756508402,3.797959198229018e+20,1.5981081052011904e+17
IRG207_NIR,"IRG207, 0.8 $\mu$m",IRG207 infrared glass (IRG-24 / IG4-equivalent proxy),NIR,1,0.8,100.0,0.0485,162.1,152.4,full 1/e^2 intensity diameter,surface incident,,455627080169.33093,2.8028,,1.6999999999999997,1.0,electron-hole reduced effective mass,,0.7752559885427189,../input_parameters/IRG207_Keldysh_Parameter.docx,True,The 800-nm index uses an IRG-24/IG4-equivalent proxy and the 1.70 eV gap is provisional. Operation is near the short-wave absorption edge; this Re(n)-only result is diagnostic.,total_comparison,31,26304484642061.562,1.2310911759179453,5.585334636343035e+20,1.5981081052011904e+17
IRG207_NIR,"IRG207, 0.8 $\mu$m",IRG207 infrared glass (IRG-24 / IG4-equivalent proxy),NIR,1,0.8,100.0,0.0485,162.1,152.4,full 1/e^2 intensity diameter,surface incident,,455627080169.33093,2.8028,,1.6999999999999997,1.0,electron-hole reduced effective mass,,0.7752559885427189,../input_parameters/IRG207_Keldysh_Parameter.docx,True,The 800-nm index uses an IRG-24/IG4-equivalent proxy and the 1.70 eV gap is provisional. Operation is near the short-wave absorption edge; this Re(n)-only result is diagnostic.,total_comparison,32,32196296622896.055,1.1127616690893287,8.255068024678184e+20,1.5981081052011904e+17
IRG207_NIR,"IRG207, 0.8 $\mu$m",IRG207 infrared glass (IRG-24 / IG4-equivalent proxy),NIR,1,0.8,100.0,0.0485,162.1,152.4,full 1/e^2 intensity diameter,surface incident,,455627080169.33093,2.8028,,1.6999999999999997,1.0,electron-hole reduced effective mass,,0.7752559885427189,../input_parameters/IRG207_Keldysh_Parameter.docx,True,The 800-nm index uses an IRG-24/IG4-equivalent proxy and the 1.70 eV gap is provisional. Operation is near the short-wave absorption edge; this Re(n)-only result is diagnostic.,total_comparison,33,39407786555603.33,1.0058057083149783,1.2258842577942185e+21,1.5981081052011904e+17
IRG207_NIR,"IRG207, 0.8 $\mu$m",IRG207 infrared glass (IRG-24 / IG4-equivalent proxy),NIR,1,0.8,100.0,0.0485,162.1,152.4,full 1/e^2 intensity diameter,surface incident,,455627080169.33093,2.8028,,1.6999999999999997,1.0,electron-hole reduced effective mass,,0.7752559885427189,../input_parameters/IRG207_Keldysh_Parameter.docx,True,The 800-nm index uses an IRG-24/IG4-equivalent proxy and the 1.70 eV gap is provisional. Operation is near the short-wave absorption edge; this Re(n)-only result is diagnostic.,total_comparison,34,48234542605984.18,0.9091300958514464,1.8254731999782453e+21,1.5981081052011904e+17
IRG207_NIR,"IRG207, 0.8 $\mu$m",IRG207 infrared glass (IRG-24 / IG4-equivalent proxy),NIR,1,0.8,100.0,0.0485,162.1,152.4,full 1/e^2 intensity diameter,surface incident,,455627080169.33093,2.8028,,1.6999999999999997,1.0,electron-hole reduced effective mass,,0.7752559885427189,../input_parameters/IRG207_Keldysh_Parameter.docx,True,The 800-nm index uses an IRG-24/IG4-equivalent proxy and the 1.70 eV gap is provisional. Operation is near the short-wave absorption edge; this Re(n)-only result is diagnostic.,total_comparison,35,59038360277499.79,0.8217467094788298,2.725949328459978e+21,1.5981081052011904e+17
IRG207_NIR,"IRG207, 0.8 $\mu$m",IRG207 infrared glass (IRG-24 / IG4-equivalent proxy),NIR,1,0.8,100.0,0.0485,162.1,152.4,full 1/e^2 intensity diameter,surface incident,,455627080169.33093,2.8028,,1.6999999999999997,1.0,electron-hole reduced effective mass,,0.7752559885427189,../input_parameters/IRG207_Keldysh_Parameter.docx,True,The 800-nm index uses an IRG-24/IG4-equivalent proxy and the 1.70 eV gap is provisional. Operation is near the short-wave absorption edge; this Re(n)-only result is diagnostic.,total_comparison,36,72262071866799.61,0.7427624028955554,4.074075239955746e+21,1.5981081052011904e+17
IRG207_NIR,"IRG207, 0.8 $\mu$m",IRG207 infrared glass (IRG-24 / IG4-equivalent proxy),NIR,1,0.8,100.0,0.0485,162.1,152.4,full 1/e^2 intensity diameter,surface incident,,455627080169.33093,2.8028,,1.6999999999999997,1.0,electron-hole reduced effective mass,,0.7752559885427189,../input_parameters/IRG207_Keldysh_Parameter.docx,True,The 800-nm index uses an IRG-24/IG4-equivalent proxy and the 1.70 eV gap is provisional. Operation is near the short-wave absorption edge; this Re(n)-only result is diagnostic.,total_comparison,37,88447697495972.39,0.6713698768627577,6.078093253771792e+21,1.5981081052011904e+17
IRG207_NIR,"IRG207, 0.8 $\mu$m",IRG207 infrared glass (IRG-24 / IG4-equivalent proxy),NIR,1,0.8,100.0,0.0485,162.1,152.4,full 1/e^2 intensity diameter,surface incident,,455627080169.33093,2.8028,,1.6999999999999997,1.0,electron-hole reduced effective mass,,0.7752559885427189,../input_parameters/IRG207_Keldysh_Parameter.docx,True,The 800-nm index uses an IRG-24/IG4-equivalent proxy and the 1.70 eV gap is provisional. Operation is near the short-wave absorption edge; this Re(n)-only result is diagnostic.,total_comparison,38,108258661705121.53,0.6068394277922216,9.026238662781308e+21,1.5981081052011904e+17
IRG207_NIR,"IRG207, 0.8 $\mu$m",IRG207 infrared glass (IRG-24 / IG4-equivalent proxy),NIR,1,0.8,100.0,0.0485,162.1,152.4,full 1/e^2 intensity diameter,surface incident,,455627080169.33093,2.8028,,1.6999999999999997,1.0,electron-hole reduced effective mass,,0.7752559885427189,../input_parameters/IRG207_Keldysh_Parameter.docx,True,The 800-nm index uses an IRG-24/IG4-equivalent proxy and the 1.70 eV gap is provisional. Operation is near the short-wave absorption edge; this Re(n)-only result is diagnostic.,total_comparison,39,132506986230112.27,0.548511489440075,1.3220735600110084e+22,1.5981081052011904e+17
IRG207_NIR,"IRG207, 0.8 $\mu$m",IRG207 infrared glass (IRG-24 / IG4-equivalent proxy),NIR,1,0.8,100.0,0.0485,162.1,152.4,full 1/e^2 intensity diameter,surface incident,,455627080169.33093,2.8028,,1.6999999999999997,1.0,electron-hole reduced effective mass,,0.7752559885427189,../input_parameters/IRG207_Keldysh_Parameter.docx,True,The 800-nm index uses an IRG-24/IG4-equivalent proxy and the 1.70 eV gap is provisional. Operation is near the short-wave absorption edge; this Re(n)-only result is diagnostic.,total_comparison,40,162186573556696.0,0.49578989147485636,1.857342179005487e+22,1.5981081052011904e+17
IRG207_NIR,"IRG207, 0.8 $\mu$m",IRG207 infrared glass (IRG-24 / IG4-equivalent proxy),NIR,1,0.8,100.0,0.0485,162.1,152.4,full 1/e^2 intensity diameter,surface incident,,455627080169.33093,2.8028,,1.6999999999999997,1.0,electron-hole reduced effective mass,,0.7752559885427189,../input_parameters/IRG207_Keldysh_Parameter.docx,True,The 800-nm index uses an IRG-24/IG4-equivalent proxy and the 1.70 eV gap is provisional. Operation is near the short-wave absorption edge; this Re(n)-only result is diagnostic.,total_comparison,41,198513945494021.47,0.44813576601571703,2.1875274375289815e+22,1.5981081052011904e+17
IRG207_NIR,"IRG207, 0.8 $\mu$m",IRG207 infrared glass (IRG-24 / IG4-equivalent proxy),NIR,1,0.8,100.0,0.0485,162.1,152.4,full 1/e^2 intensity diameter,surface incident,,455627080169.33093,2.8028,,1.6999999999999997,1.0,electron-hole reduced effective mass,,0.7752559885427189,../input_parameters/IRG207_Keldysh_Parameter.docx,True,The 800-nm index uses an IRG-24/IG4-equivalent proxy and the 1.70 eV gap is provisional. Operation is near the short-wave absorption edge; this Re(n)-only result is diagnostic.,total_comparison,42,242978106580613.12,0.4050620398594354,2.1869083213168225e+22,1.5981081052011904e+17
IRG207_NIR,"IRG207, 0.8 $\mu$m",IRG207 infrared glass (IRG-24 / IG4-equivalent proxy),NIR,1,0.8,100.0,0.0485,162.1,152.4,full 1/e^2 intensity diameter,surface incident,,455627080169.33093,2.8028,,1.6999999999999997,1.0,electron-hole reduced effective mass,,0.7752559885427189,../input_parameters/IRG207_Keldysh_Parameter.docx,True,The 800-nm index uses an IRG-24/IG4-equivalent proxy and the 1.70 eV gap is provisional. Operation is near the short-wave absorption edge; this Re(n)-only result is diagnostic.,total_comparison,43,297401576149106.44,0.36612845610125305,2.799096088390403e+22,1.5981081052011904e+17
IRG207_NIR,"IRG207, 0.8 $\mu$m",IRG207 infrared glass (IRG-24 / IG4-equivalent proxy),NIR,1,0.8,100.0,0.0485,162.1,152.4,full 1/e^2 intensity diameter,surface incident,,455627080169.33093,2.8028,,1.6999999999999997,1.0,electron-hole reduced effective mass,,0.7752559885427189,../input_parameters/IRG207_Keldysh_Parameter.docx,True,The 800-nm index uses an IRG-24/IG4-equivalent proxy and the 1.70 eV gap is provisional. Operation is near the short-wave absorption edge; this Re(n)-only result is diagnostic.,total_comparison,44,364015090662616.4,0.33093707426547603,4.348976580833629e+22,1.5981081052011904e+17
IRG207_NIR,"IRG207, 0.8 $\mu$m",IRG207 infrared glass (IRG-24 / IG4-equivalent proxy),NIR,1,0.8,100.0,0.0485,162.1,152.4,full 1/e^2 intensity diameter,surface incident,,455627080169.33093,2.8028,,1.6999999999999997,1.0,electron-hole reduced effective mass,,0.7752559885427189,../input_parameters/IRG207_Keldysh_Parameter.docx,True,The 800-nm index uses an IRG-24/IG4-equivalent proxy and the 1.70 eV gap is provisional. Operation is near the short-wave absorption edge; this Re(n)-only result is diagnostic.,total_comparison,45,445549038259562.0,0.2991282029526429,6.668414434385347e+22,1.5981081052011904e+17
IRG207_NIR,"IRG207, 0.8 $\mu$m",IRG207 infrared glass (IRG-24 / IG4-equivalent proxy),NIR,1,0.8,100.0,0.0485,162.1,152.4,full 1/e^2 intensity diameter,surface incident,,455627080169.33093,2.8028,,1.6999999999999997,1.0,electron-hole reduced effective mass,,0.7752559885427189,../input_parameters/IRG207_Keldysh_Parameter.docx,True,The 800-nm index uses an IRG-24/IG4-equivalent proxy and the 1.70 eV gap is provisional. Operation is near the short-wave absorption edge; this Re(n)-only result is diagnostic.,total_comparison,46,545345373271936.4,0.27037672343080726,9.536218730868788e+22,1.5981081052011904e+17
IRG207_NIR,"IRG207, 0.8 $\mu$m",IRG207 infrared glass (IRG-24 / IG4-equivalent proxy),NIR,1,0.8,100.0,0.0485,162.1,152.4,full 1/e^2 intensity diameter,surface incident,,455627080169.33093,2.8028,,1.6999999999999997,1.0,electron-hole reduced effective mass,,0.7752559885427189,../input_parameters/IRG207_Keldysh_Parameter.docx,True,The 800-nm index uses an IRG-24/IG4-equivalent proxy and the 1.70 eV gap is provisional. Operation is near the short-wave absorption edge; this Re(n)-only result is diagnostic.,total_comparison,47,667494597925378.0,0.2443887665943458,9.929409916529808e+22,1.5981081052011904e+17
IRG207_NIR,"IRG207, 0.8 $\mu$m",IRG207 infrared glass (IRG-24 / IG4-equivalent proxy),NIR,1,0.8,100.0,0.0485,162.1,152.4,full 1/e^2 intensity diameter,surface incident,,455627080169.33093,2.8028,,1.6999999999999997,1.0,electron-hole reduced effective mass,,0.7752559885427189,../input_parameters/IRG207_Keldysh_Parameter.docx,True,The 800-nm index uses an IRG-24/IG4-equivalent proxy and the 1.70 eV gap is provisional. Operation is near the short-wave absorption edge; this Re(n)-only result is diagnostic.,total_comparison,48,817003425895741.2,0.22089870932543534,1.3807299590926912e+23,1.5981081052011904e+17
IRG207_NIR,"IRG207, 0.8 $\mu$m",IRG207 infrared glass (IRG-24 / IG4-equivalent proxy),NIR,1,0.8,100.0,0.0485,162.1,152.4,full 1/e^2 intensity diameter,surface incident,,455627080169.33093,2.8028,,1.6999999999999997,1.0,electron-hole reduced effective mass,,0.7752559885427189,../input_parameters/IRG207_Keldysh_Parameter.docx,True,The 800-nm index uses an IRG-24/IG4-equivalent proxy and the 1.70 eV gap is provisional. Operation is near the short-wave absorption edge; this Re(n)-only result is diagnostic.,total_comparison,49,1000000000000000.0,0.19966645955801524,2.102412147209299e+23,1.5981081052011904e+17
