short,name,material,region,mat_flag,wavelength_um,tau_fs,F0_jcm2,beam_diameter_a_um,beam_diameter_b_um,beam_diameter_definition,fluence_basis,reference_I0_wcm2,I0_wcm2,n0,n2_m2_per_w,Eg_eV,mred_over_me,reduced_mass_definition,kappa_recorded_not_used,transmission_factor,reference_file,diagnostic_only,parameter_status,dataset,point_index,I_wcm2,gamma_irg207_reference,Wpi_peak_cm3_fs,Wav_peak_cm3_fs,Wtotal_peak_cm3_fs,ne_max_cm3
IRG207_NIR,"IRG207, 0.8 $\mu$m",IRG207 infrared glass (IRG-24 / IG4-equivalent proxy),NIR,1,0.8,100.0,0.0485,162.1,152.4,full 1/e^2 intensity diameter,surface incident,,455627080169.33093,2.8028,,1.6999999999999997,1.0,electron-hole reduced effective mass,,0.7752559885427189,../input_parameters/IRG207_Keldysh_Parameter.docx,True,The 800-nm index uses an IRG-24/IG4-equivalent proxy and the 1.70 eV gap is provisional. Operation is near the short-wave absorption edge; this Re(n)-only result is diagnostic.,component_scaling,0,10000000000.0,63.14007845452248,66174165529205.56,189569063.6271626,66174253596264.51,4981542561304091.0
IRG207_NIR,"IRG207, 0.8 $\mu$m",IRG207 infrared glass (IRG-24 / IG4-equivalent proxy),NIR,1,0.8,100.0,0.0485,162.1,152.4,full 1/e^2 intensity diameter,surface incident,,455627080169.33093,2.8028,,1.6999999999999997,1.0,electron-hole reduced effective mass,,0.7752559885427189,../input_parameters/IRG207_Keldysh_Parameter.docx,True,The 800-nm index uses an IRG-24/IG4-equivalent proxy and the 1.70 eV gap is provisional. Operation is near the short-wave absorption edge; this Re(n)-only result is diagnostic.,component_scaling,1,12648552168.552958,56.14159010205649,105870513865756.94,613735499.6690464,105870798984677.44,7969859860232138.0
IRG207_NIR,"IRG207, 0.8 $\mu$m",IRG207 infrared glass (IRG-24 / IG4-equivalent proxy),NIR,1,0.8,100.0,0.0485,162.1,152.4,full 1/e^2 intensity diameter,surface incident,,455627080169.33093,2.8028,,1.6999999999999997,1.0,electron-hole reduced effective mass,,0.7752559885427189,../input_parameters/IRG207_Keldysh_Parameter.docx,True,The 800-nm index uses an IRG-24/IG4-equivalent proxy and the 1.70 eV gap is provisional. Operation is near the short-wave absorption edge; this Re(n)-only result is diagnostic.,component_scaling,2,15998587196.060574,49.9188188601557,169380288730991.06,1987002961.1198869,169381211814801.12,1.275086971424714e+16
IRG207_NIR,"IRG207, 0.8 $\mu$m",IRG207 infrared glass (IRG-24 / IG4-equivalent proxy),NIR,1,0.8,100.0,0.0485,162.1,152.4,full 1/e^2 intensity diameter,surface incident,,455627080169.33093,2.8028,,1.6999999999999997,1.0,electron-hole reduced effective mass,,0.7752559885427189,../input_parameters/IRG207_Keldysh_Parameter.docx,True,The 800-nm index uses an IRG-24/IG4-equivalent proxy and the 1.70 eV gap is provisional. Operation is near the short-wave absorption edge; this Re(n)-only result is diagnostic.,component_scaling,3,20235896477.251556,44.385783727592674,270989435570481.7,6433112389.241864,270992424115293.9,2.0400121128796624e+16
IRG207_NIR,"IRG207, 0.8 $\mu$m",IRG207 infrared glass (IRG-24 / IG4-equivalent proxy),NIR,1,0.8,100.0,0.0485,162.1,152.4,full 1/e^2 intensity diameter,surface incident,,455627080169.33093,2.8028,,1.6999999999999997,1.0,electron-hole reduced effective mass,,0.7752559885427189,../input_parameters/IRG207_Keldysh_Parameter.docx,True,The 800-nm index uses an IRG-24/IG4-equivalent proxy and the 1.70 eV gap is provisional. Operation is near the short-wave absorption edge; this Re(n)-only result is diagnostic.,component_scaling,4,25595479226.99533,39.46603389458653,433554730909097.2,20828233195.26927,433564406634366.0,3.2638664761285492e+16
IRG207_NIR,"IRG207, 0.8 $\mu$m",IRG207 infrared glass (IRG-24 / IG4-equivalent proxy),NIR,1,0.8,100.0,0.0485,162.1,152.4,full 1/e^2 intensity diameter,surface incident,,455627080169.33093,2.8028,,1.6999999999999997,1.0,electron-hole reduced effective mass,,0.7752559885427189,../input_parameters/IRG207_Keldysh_Parameter.docx,True,The 800-nm index uses an IRG-24/IG4-equivalent proxy and the 1.70 eV gap is provisional. Operation is near the short-wave absorption edge; this Re(n)-only result is diagnostic.,component_scaling,5,32374575428.1764,35.09159241003516,693646380397258.4,67437041045.24032,693677707125681.4,5.222089253501167e+16
IRG207_NIR,"IRG207, 0.8 $\mu$m",IRG207 infrared glass (IRG-24 / IG4-equivalent proxy),NIR,1,0.8,100.0,0.0485,162.1,152.4,full 1/e^2 intensity diameter,surface incident,,455627080169.33093,2.8028,,1.6999999999999997,1.0,electron-hole reduced effective mass,,0.7752559885427189,../input_parameters/IRG207_Keldysh_Parameter.docx,True,The 800-nm index uses an IRG-24/IG4-equivalent proxy and the 1.70 eV gap is provisional. Operation is near the short-wave absorption edge; this Re(n)-only result is diagnostic.,component_scaling,6,40949150623.80419,31.202016933374907,1109776787077386.0,218358931586.19662,1109878215331621.9,8.355633798046627e+16
IRG207_NIR,"IRG207, 0.8 $\mu$m",IRG207 infrared glass (IRG-24 / IG4-equivalent proxy),NIR,1,0.8,100.0,0.0485,162.1,152.4,full 1/e^2 intensity diameter,surface incident,,455627080169.33093,2.8028,,1.6999999999999997,1.0,electron-hole reduced effective mass,,0.7752559885427189,../input_parameters/IRG207_Keldysh_Parameter.docx,True,The 800-nm index uses an IRG-24/IG4-equivalent proxy and the 1.70 eV gap is provisional. Operation is near the short-wave absorption edge; this Re(n)-only result is diagnostic.,component_scaling,7,51794746792.31202,27.74356459332987,1775568120415220.5,707118519655.7628,1775896535973924.2,1.337086199377515e+17
IRG207_NIR,"IRG207, 0.8 $\mu$m",IRG207 infrared glass (IRG-24 / IG4-equivalent proxy),NIR,1,0.8,100.0,0.0485,162.1,152.4,full 1/e^2 intensity diameter,surface incident,,455627080169.33093,2.8028,,1.6999999999999997,1.0,electron-hole reduced effective mass,,0.7752559885427189,../input_parameters/IRG207_Keldysh_Parameter.docx,True,The 800-nm index uses an IRG-24/IG4-equivalent proxy and the 1.70 eV gap is provisional. Operation is near the short-wave absorption edge; this Re(n)-only result is diagnostic.,component_scaling,8,65512855685.954956,24.66844941427359,2840824021943092.0,2290372490658.639,2841887492033351.5,2.1400687137907805e+17
IRG207_NIR,"IRG207, 0.8 $\mu$m",IRG207 infrared glass (IRG-24 / IG4-equivalent proxy),NIR,1,0.8,100.0,0.0485,162.1,152.4,full 1/e^2 intensity diameter,surface incident,,455627080169.33093,2.8028,,1.6999999999999997,1.0,electron-hole reduced effective mass,,0.7752559885427189,../input_parameters/IRG207_Keldysh_Parameter.docx,True,The 800-nm index uses an IRG-24/IG4-equivalent proxy and the 1.70 eV gap is provisional. Operation is near the short-wave absorption edge; this Re(n)-only result is diagnostic.,component_scaling,9,82864277285.4686,21.934182049947445,4545252363845156.0,7421626533548.314,4548696609548254.0,3.426664726980536e+17
IRG207_NIR,"IRG207, 0.8 $\mu$m",IRG207 infrared glass (IRG-24 / IG4-equivalent proxy),NIR,1,0.8,100.0,0.0485,162.1,152.4,full 1/e^2 intensity diameter,surface incident,,455627080169.33093,2.8028,,1.6999999999999997,1.0,electron-hole reduced effective mass,,0.7752559885427189,../input_parameters/IRG207_Keldysh_Parameter.docx,True,The 800-nm index uses an IRG-24/IG4-equivalent proxy and the 1.70 eV gap is provisional. Operation is near the short-wave absorption edge; this Re(n)-only result is diagnostic.,component_scaling,10,104811313415.46873,19.502982701533735,7272439086454967.0,24068109947314.79,7283597165102473.0,5.491201378411794e+17
IRG207_NIR,"IRG207, 0.8 $\mu$m",IRG207 infrared glass (IRG-24 / IG4-equivalent proxy),NIR,1,0.8,100.0,0.0485,162.1,152.4,full 1/e^2 intensity diameter,surface incident,,455627080169.33093,2.8028,,1.6999999999999997,1.0,electron-hole reduced effective mass,,0.7752559885427189,../input_parameters/IRG207_Keldysh_Parameter.docx,True,The 800-nm index uses an IRG-24/IG4-equivalent proxy and the 1.70 eV gap is provisional. Operation is near the short-wave absorption edge; this Re(n)-only result is diagnostic.,component_scaling,11,132571136559.0111,17.34125910828006,1.163624339632447e+16,78175896017046.66,1.1672411570096748e+16,8.813993052056452e+17
IRG207_NIR,"IRG207, 0.8 $\mu$m",IRG207 infrared glass (IRG-24 / IG4-equivalent proxy),NIR,1,0.8,100.0,0.0485,162.1,152.4,full 1/e^2 intensity diameter,surface incident,,455627080169.33093,2.8028,,1.6999999999999997,1.0,electron-hole reduced effective mass,,0.7752559885427189,../input_parameters/IRG207_Keldysh_Parameter.docx,True,The 800-nm index uses an IRG-24/IG4-equivalent proxy and the 1.70 eV gap is provisional. Operation is near the short-wave absorption edge; this Re(n)-only result is diagnostic.,component_scaling,12,167683293681.101,15.419142397991111,1.861910774688866e+16,254731957112472.38,1.873647073520359e+16,1.4194442040139978e+18
IRG207_NIR,"IRG207, 0.8 $\mu$m",IRG207 infrared glass (IRG-24 / IG4-equivalent proxy),NIR,1,0.8,100.0,0.0485,162.1,152.4,full 1/e^2 intensity diameter,surface incident,,455627080169.33093,2.8028,,1.6999999999999997,1.0,electron-hole reduced effective mass,,0.7752559885427189,../input_parameters/IRG207_Keldysh_Parameter.docx,True,The 800-nm index uses an IRG-24/IG4-equivalent proxy and the 1.70 eV gap is provisional. Operation is near the short-wave absorption edge; this Re(n)-only result is diagnostic.,component_scaling,13,212095088792.01926,13.71007438416089,2.979351472089167e+16,835361537531560.0,3.017514512392232e+16,2.3015146394076585e+18
IRG207_NIR,"IRG207, 0.8 $\mu$m",IRG207 infrared glass (IRG-24 / IG4-equivalent proxy),NIR,1,0.8,100.0,0.0485,162.1,152.4,full 1/e^2 intensity diameter,surface incident,,455627080169.33093,2.8028,,1.6999999999999997,1.0,electron-hole reduced effective mass,,0.7752559885427189,../input_parameters/IRG207_Keldysh_Parameter.docx,True,The 800-nm index uses an IRG-24/IG4-equivalent proxy and the 1.70 eV gap is provisional. Operation is near the short-wave absorption edge; this Re(n)-only result is diagnostic.,component_scaling,14,268269579527.97272,12.190440607365675,4.7676648340665576e+16,2773726698001080.0,4.8936193852532856e+16,3.7847648812655037e+18
IRG207_NIR,"IRG207, 0.8 $\mu$m",IRG207 infrared glass (IRG-24 / IG4-equivalent proxy),NIR,1,0.8,100.0,0.0485,162.1,152.4,full 1/e^2 intensity diameter,surface incident,,455627080169.33093,2.8028,,1.6999999999999997,1.0,electron-hole reduced effective mass,,0.7752559885427189,../input_parameters/IRG207_Keldysh_Parameter.docx,True,The 800-nm index uses an IRG-24/IG4-equivalent proxy and the 1.70 eV gap is provisional. Operation is near the short-wave absorption edge; this Re(n)-only result is diagnostic.,component_scaling,15,339322177189.53296,10.83924405059348,7.629852466028182e+16,9444062393258174.0,8.059251258245621e+16,6.413790545684427e+18
IRG207_NIR,"IRG207, 0.8 $\mu$m",IRG207 infrared glass (IRG-24 / IG4-equivalent proxy),NIR,1,0.8,100.0,0.0485,162.1,152.4,full 1/e^2 intensity diameter,surface incident,,455627080169.33093,2.8028,,1.6999999999999997,1.0,electron-hole reduced effective mass,,0.7752559885427189,../input_parameters/IRG207_Keldysh_Parameter.docx,True,The 800-nm index uses an IRG-24/IG4-equivalent proxy and the 1.70 eV gap is provisional. Operation is near the short-wave absorption edge; this Re(n)-only result is diagnostic.,component_scaling,16,429193426012.8778,9.637815020183695,1.2211417323189419e+17,3.3802199661733444e+16,1.3774715797055622e+17,1.1611580828189536e+19
IRG207_NIR,"IRG207, 0.8 $\mu$m",IRG207 infrared glass (IRG-24 / IG4-equivalent proxy),NIR,1,0.8,100.0,0.0485,162.1,152.4,full 1/e^2 intensity diameter,surface incident,,455627080169.33093,2.8028,,1.6999999999999997,1.0,electron-hole reduced effective mass,,0.7752559885427189,../input_parameters/IRG207_Keldysh_Parameter.docx,True,The 800-nm index uses an IRG-24/IG4-equivalent proxy and the 1.70 eV gap is provisional. Operation is near the short-wave absorption edge; this Re(n)-only result is diagnostic.,component_scaling,17,542867543932.3859,8.569553183756627,1.9545850781755917e+17,1.3163992311032315e+17,2.632426017323531e+17,2.4187597051029172e+19
IRG207_NIR,"IRG207, 0.8 $\mu$m",IRG207 infrared glass (IRG-24 / IG4-equivalent proxy),NIR,1,0.8,100.0,0.0485,162.1,152.4,full 1/e^2 intensity diameter,surface incident,,455627080169.33093,2.8028,,1.6999999999999997,1.0,electron-hole reduced effective mass,,0.7752559885427189,../input_parameters/IRG207_Keldysh_Parameter.docx,True,The 800-nm index uses an IRG-24/IG4-equivalent proxy and the 1.70 eV gap is provisional. Operation is near the short-wave absorption edge; this Re(n)-only result is diagnostic.,component_scaling,18,686648845004.2998,7.619698200830758,3.1289344367081965e+17,4.998107659709472e+17,6.731928563886047e+17,5.823864572736794e+19
IRG207_NIR,"IRG207, 0.8 $\mu$m",IRG207 infrared glass (IRG-24 / IG4-equivalent proxy),NIR,1,0.8,100.0,0.0485,162.1,152.4,full 1/e^2 intensity diameter,surface incident,,455627080169.33093,2.8028,,1.6999999999999997,1.0,electron-hole reduced effective mass,,0.7752559885427189,../input_parameters/IRG207_Keldysh_Parameter.docx,True,The 800-nm index uses an IRG-24/IG4-equivalent proxy and the 1.70 eV gap is provisional. Operation is near the short-wave absorption edge; this Re(n)-only result is diagnostic.,component_scaling,19,868511373751.352,6.775125776895156,5.00962281303814e+17,1.2524783143210588e+18,1.6124535663755395e+18,1.2214436586860374e+20
IRG207_NIR,"IRG207, 0.8 $\mu$m",IRG207 infrared glass (IRG-24 / IG4-equivalent proxy),NIR,1,0.8,100.0,0.0485,162.1,152.4,full 1/e^2 intensity diameter,surface incident,,455627080169.33093,2.8028,,1.6999999999999997,1.0,electron-hole reduced effective mass,,0.7752559885427189,../input_parameters/IRG207_Keldysh_Parameter.docx,True,The 800-nm index uses an IRG-24/IG4-equivalent proxy and the 1.70 eV gap is provisional. Operation is near the short-wave absorption edge; this Re(n)-only result is diagnostic.,component_scaling,20,1098541141987.5573,6.024166322984363,8.022257714842812e+17,2.1677455760162396e+18,2.880436618372723e+18,2.1162737854619986e+20
IRG207_NIR,"IRG207, 0.8 $\mu$m",IRG207 infrared glass (IRG-24 / IG4-equivalent proxy),NIR,1,0.8,100.0,0.0485,162.1,152.4,full 1/e^2 intensity diameter,surface incident,,455627080169.33093,2.8028,,1.6999999999999997,1.0,electron-hole reduced effective mass,,0.7752559885427189,../input_parameters/IRG207_Keldysh_Parameter.docx,True,The 800-nm index uses an IRG-24/IG4-equivalent proxy and the 1.70 eV gap is provisional. Operation is near the short-wave absorption edge; this Re(n)-only result is diagnostic.,component_scaling,21,1389495494373.136,5.356443715146772,1.2849644123777413e+18,3.15241491253755e+18,4.3987540375116923e+18,3.312763180814907e+20
IRG207_NIR,"IRG207, 0.8 $\mu$m",IRG207 infrared glass (IRG-24 / IG4-equivalent proxy),NIR,1,0.8,100.0,0.0485,162.1,152.4,full 1/e^2 intensity diameter,surface incident,,455627080169.33093,2.8028,,1.6999999999999997,1.0,electron-hole reduced effective mass,,0.7752559885427189,../input_parameters/IRG207_Keldysh_Parameter.docx,True,The 800-nm index uses an IRG-24/IG4-equivalent proxy and the 1.70 eV gap is provisional. Operation is near the short-wave absorption edge; this Re(n)-only result is diagnostic.,component_scaling,22,1757510624854.7966,4.762731925920924,2.058791899237234e+18,4.237658909403767e+18,6.284705253616408e+18,4.9297657952404996e+20
IRG207_NIR,"IRG207, 0.8 $\mu$m",IRG207 infrared glass (IRG-24 / IG4-equivalent proxy),NIR,1,0.8,100.0,0.0485,162.1,152.4,full 1/e^2 intensity diameter,surface incident,,455627080169.33093,2.8028,,1.6999999999999997,1.0,electron-hole reduced effective mass,,0.7752559885427189,../input_parameters/IRG207_Keldysh_Parameter.docx,True,The 800-nm index uses an IRG-24/IG4-equivalent proxy and the 1.70 eV gap is provisional. Operation is near the short-wave absorption edge; this Re(n)-only result is diagnostic.,component_scaling,23,2222996482526.191,4.234827546874536,3.2998110489087565e+18,5.499520624365399e+18,8.796223532140388e+18,7.153703366931559e+20
IRG207_NIR,"IRG207, 0.8 $\mu$m",IRG207 infrared glass (IRG-24 / IG4-equivalent proxy),NIR,1,0.8,100.0,0.0485,162.1,152.4,full 1/e^2 intensity diameter,surface incident,,455627080169.33093,2.8028,,1.6999999999999997,1.0,electron-hole reduced effective mass,,0.7752559885427189,../input_parameters/IRG207_Keldysh_Parameter.docx,True,The 800-nm index uses an IRG-24/IG4-equivalent proxy and the 1.70 eV gap is provisional. Operation is near the short-wave absorption edge; this Re(n)-only result is diagnostic.,component_scaling,24,2811768697974.237,3.7654364408300482,5.291197573868318e+18,7.032207214158725e+18,1.2323404788027042e+19,1.0266735990968375e+21
IRG207_NIR,"IRG207, 0.8 $\mu$m",IRG207 infrared glass (IRG-24 / IG4-equivalent proxy),NIR,1,0.8,100.0,0.0485,162.1,152.4,full 1/e^2 intensity diameter,surface incident,,455627080169.33093,2.8028,,1.6999999999999997,1.0,electron-hole reduced effective mass,,0.7752559885427189,../input_parameters/IRG207_Keldysh_Parameter.docx,True,The 800-nm index uses an IRG-24/IG4-equivalent proxy and the 1.70 eV gap is provisional. Operation is near the short-wave absorption edge; this Re(n)-only result is diagnostic.,component_scaling,25,3556480306223.121,3.3480729576332346,8.488763649440218e+18,8.937178458010728e+18,1.7425942107450946e+19,1.4698534940484087e+21
IRG207_NIR,"IRG207, 0.8 $\mu$m",IRG207 infrared glass (IRG-24 / IG4-equivalent proxy),NIR,1,0.8,100.0,0.0485,162.1,152.4,full 1/e^2 intensity diameter,surface incident,,455627080169.33093,2.8028,,1.6999999999999997,1.0,electron-hole reduced effective mass,,0.7752559885427189,../input_parameters/IRG207_Keldysh_Parameter.docx,True,The 800-nm index uses an IRG-24/IG4-equivalent proxy and the 1.70 eV gap is provisional. Operation is near the short-wave absorption edge; this Re(n)-only result is diagnostic.,component_scaling,26,4498432668969.453,2.976970320912887,1.3627017109619692e+19,1.1328118858384554e+19,2.4955135968004248e+19,2.110999123889426e+21
IRG207_NIR,"IRG207, 0.8 $\mu$m",IRG207 infrared glass (IRG-24 / IG4-equivalent proxy),NIR,1,0.8,100.0,0.0485,162.1,152.4,full 1/e^2 intensity diameter,surface incident,,455627080169.33093,2.8028,,1.6999999999999997,1.0,electron-hole reduced effective mass,,0.7752559885427189,../input_parameters/IRG207_Keldysh_Parameter.docx,True,The 800-nm index uses an IRG-24/IG4-equivalent proxy and the 1.70 eV gap is provisional. Operation is near the short-wave absorption edge; this Re(n)-only result is diagnostic.,component_scaling,27,5689866029018.305,2.6470009476319847,2.189091454479088e+19,1.4342284524491203e+19,3.6233199069282083e+19,3.0527176899345074e+21
IRG207_NIR,"IRG207, 0.8 $\mu$m",IRG207 infrared glass (IRG-24 / IG4-equivalent proxy),NIR,1,0.8,100.0,0.0485,162.1,152.4,full 1/e^2 intensity diameter,surface incident,,455627080169.33093,2.8028,,1.6999999999999997,1.0,electron-hole reduced effective mass,,0.7752559885427189,../input_parameters/IRG207_Keldysh_Parameter.docx,True,The 800-nm index uses an IRG-24/IG4-equivalent proxy and the 1.70 eV gap is provisional. Operation is near the short-wave absorption edge; this Re(n)-only result is diagnostic.,component_scaling,28,7196856730011.528,2.3536055994727048,3.5201862690603094e+19,1.8149041825668073e+19,5.335090451627117e+19,4.45584664338476e+21
IRG207_NIR,"IRG207, 0.8 $\mu$m",IRG207 infrared glass (IRG-24 / IG4-equivalent proxy),NIR,1,0.8,100.0,0.0485,162.1,152.4,full 1/e^2 intensity diameter,surface incident,,455627080169.33093,2.8028,,1.6999999999999997,1.0,electron-hole reduced effective mass,,0.7752559885427189,../input_parameters/IRG207_Keldysh_Parameter.docx,True,The 800-nm index uses an IRG-24/IG4-equivalent proxy and the 1.70 eV gap is provisional. Operation is near the short-wave absorption edge; this Re(n)-only result is diagnostic.,component_scaling,29,9102981779915.227,2.0927303871292104,5.6652968144795935e+19,2.296066868917703e+19,7.961363683397296e+19,6.573797571285639e+21
IRG207_NIR,"IRG207, 0.8 $\mu$m",IRG207 infrared glass (IRG-24 / IG4-equivalent proxy),NIR,1,0.8,100.0,0.0485,162.1,152.4,full 1/e^2 intensity diameter,surface incident,,455627080169.33093,2.8028,,1.6999999999999997,1.0,electron-hole reduced effective mass,,0.7752559885427189,../input_parameters/IRG207_Keldysh_Parameter.docx,True,The 800-nm index uses an IRG-24/IG4-equivalent proxy and the 1.70 eV gap is provisional. Operation is near the short-wave absorption edge; this Re(n)-only result is diagnostic.,component_scaling,30,11513953993264.48,1.860770757086553,9.126720092306083e+19,2.9044677010265113e+19,1.2031187793332593e+20,9.808491988205443e+21
IRG207_NIR,"IRG207, 0.8 $\mu$m",IRG207 infrared glass (IRG-24 / IG4-equivalent proxy),NIR,1,0.8,100.0,0.0485,162.1,152.4,full 1/e^2 intensity diameter,surface incident,,455627080169.33093,2.8028,,1.6999999999999997,1.0,electron-hole reduced effective mass,,0.7752559885427189,../input_parameters/IRG207_Keldysh_Parameter.docx,True,The 800-nm index uses an IRG-24/IG4-equivalent proxy and the 1.70 eV gap is provisional. Operation is near the short-wave absorption edge; this Re(n)-only result is diagnostic.,component_scaling,31,14563484775012.443,1.654521686942314,1.471800078448765e+20,3.6738881139420926e+19,1.8391888898429744e+20,1.4800748241832848e+22
IRG207_NIR,"IRG207, 0.8 $\mu$m",IRG207 infrared glass (IRG-24 / IG4-equivalent proxy),NIR,1,0.8,100.0,0.0485,162.1,152.4,full 1/e^2 intensity diameter,surface incident,,455627080169.33093,2.8028,,1.6999999999999997,1.0,electron-hole reduced effective mass,,0.7752559885427189,../input_parameters/IRG207_Keldysh_Parameter.docx,True,The 800-nm index uses an IRG-24/IG4-equivalent proxy and the 1.70 eV gap is provisional. Operation is near the short-wave absorption edge; this Re(n)-only result is diagnostic.,component_scaling,32,18420699693267.164,1.4711334011119728,2.3757205936113857e+20,4.6470243005379854e+19,2.8404230236651844e+20,2.2575696380895726e+22
IRG207_NIR,"IRG207, 0.8 $\mu$m",IRG207 infrared glass (IRG-24 / IG4-equivalent proxy),NIR,1,0.8,100.0,0.0485,162.1,152.4,full 1/e^2 intensity diameter,surface incident,,455627080169.33093,2.8028,,1.6999999999999997,1.0,electron-hole reduced effective mass,,0.7752559885427189,../input_parameters/IRG207_Keldysh_Parameter.docx,True,The 800-nm index uses an IRG-24/IG4-equivalent proxy and the 1.70 eV gap is provisional. Operation is near the short-wave absorption edge; this Re(n)-only result is diagnostic.,component_scaling,33,23299518105153.72,1.3080719950349842,3.840439441670549e+20,5.877861030070407e+19,4.42822554467759e+20,3.4787937910904762e+22
IRG207_NIR,"IRG207, 0.8 $\mu$m",IRG207 infrared glass (IRG-24 / IG4-equivalent proxy),NIR,1,0.8,100.0,0.0485,162.1,152.4,full 1/e^2 intensity diameter,surface incident,,455627080169.33093,2.8028,,1.6999999999999997,1.0,electron-hole reduced effective mass,,0.7752559885427189,../input_parameters/IRG207_Keldysh_Parameter.docx,True,The 800-nm index uses an IRG-24/IG4-equivalent proxy and the 1.70 eV gap is provisional. Operation is near the short-wave absorption edge; this Re(n)-only result is diagnostic.,component_scaling,34,29470517025518.098,1.1630844238200868,6.21026762283225e+20,7.434669015389146e+19,6.953734524371166e+20,5.407986437381718e+22
IRG207_NIR,"IRG207, 0.8 $\mu$m",IRG207 infrared glass (IRG-24 / IG4-equivalent proxy),NIR,1,0.8,100.0,0.0485,162.1,152.4,full 1/e^2 intensity diameter,surface incident,,455627080169.33093,2.8028,,1.6999999999999997,1.0,electron-hole reduced effective mass,,0.7752559885427189,../input_parameters/IRG207_Keldysh_Parameter.docx,True,The 800-nm index uses an IRG-24/IG4-equivalent proxy and the 1.70 eV gap is provisional. Operation is near the short-wave absorption edge; this Re(n)-only result is diagnostic.,component_scaling,35,37275937203149.38,1.0341673715724828,1.0051819044235865e+21,9.40379351371497e+19,1.0992198395607362e+21,8.472899538464406e+22
IRG207_NIR,"IRG207, 0.8 $\mu$m",IRG207 infrared glass (IRG-24 / IG4-equivalent proxy),NIR,1,0.8,100.0,0.0485,162.1,152.4,full 1/e^2 intensity diameter,surface incident,,455627080169.33093,2.8028,,1.6999999999999997,1.0,electron-hole reduced effective mass,,0.7752559885427189,../input_parameters/IRG207_Keldysh_Parameter.docx,True,The 800-nm index uses an IRG-24/IG4-equivalent proxy and the 1.70 eV gap is provisional. Operation is near the short-wave absorption edge; this Re(n)-only result is diagnostic.,component_scaling,36,47148663634573.9,0.9195395712655293,1.6262389062456356e+21,1.1894444350648415e+20,1.7451833497521197e+21,1.3359223442994734e+23
IRG207_NIR,"IRG207, 0.8 $\mu$m",IRG207 infrared glass (IRG-24 / IG4-equivalent proxy),NIR,1,0.8,100.0,0.0485,162.1,152.4,full 1/e^2 intensity diameter,surface incident,,455627080169.33093,2.8028,,1.6999999999999997,1.0,electron-hole reduced effective mass,,0.7752559885427189,../input_parameters/IRG207_Keldysh_Parameter.docx,True,The 800-nm index uses an IRG-24/IG4-equivalent proxy and the 1.70 eV gap is provisional. Operation is near the short-wave absorption edge; this Re(n)-only result is diagnostic.,component_scaling,37,59636233165946.37,0.8176171926962891,2.6305680307202367e+21,1.5044753603458295e+20,2.78101556675482e+21,2.1170122496910326e+23
IRG207_NIR,"IRG207, 0.8 $\mu$m",IRG207 infrared glass (IRG-24 / IG4-equivalent proxy),NIR,1,0.8,100.0,0.0485,162.1,152.4,full 1/e^2 intensity diameter,surface incident,,455627080169.33093,2.8028,,1.6999999999999997,1.0,electron-hole reduced effective mass,,0.7752559885427189,../input_parameters/IRG207_Keldysh_Parameter.docx,True,The 800-nm index uses an IRG-24/IG4-equivalent proxy and the 1.70 eV gap is provisional. Operation is near the short-wave absorption edge; this Re(n)-only result is diagnostic.,component_scaling,38,75431200633546.08,0.7269919584564816,4.24601886713182e+21,1.9029436908305413e+20,4.4363132362148744e+21,3.3652999396293956e+23
IRG207_NIR,"IRG207, 0.8 $\mu$m",IRG207 infrared glass (IRG-24 / IG4-equivalent proxy),NIR,1,0.8,100.0,0.0485,162.1,152.4,full 1/e^2 intensity diameter,surface incident,,455627080169.33093,2.8028,,1.6999999999999997,1.0,electron-hole reduced effective mass,,0.7752559885427189,../input_parameters/IRG207_Keldysh_Parameter.docx,True,The 800-nm index uses an IRG-24/IG4-equivalent proxy and the 1.70 eV gap is provisional. Operation is near the short-wave absorption edge; this Re(n)-only result is diagnostic.,component_scaling,39,95409547634999.64,0.6464116855437897,6.818094030949388e+21,2.4069483461768724e+20,7.058788865567075e+21,5.352741410175897e+23
IRG207_NIR,"IRG207, 0.8 $\mu$m",IRG207 infrared glass (IRG-24 / IG4-equivalent proxy),NIR,1,0.8,100.0,0.0485,162.1,152.4,full 1/e^2 intensity diameter,surface incident,,455627080169.33093,2.8028,,1.6999999999999997,1.0,electron-hole reduced effective mass,,0.7752559885427189,../input_parameters/IRG207_Keldysh_Parameter.docx,True,The 800-nm index uses an IRG-24/IG4-equivalent proxy and the 1.70 eV gap is provisional. Operation is near the short-wave absorption edge; this Re(n)-only result is diagnostic.,component_scaling,40,120679264063932.64,0.574762983753936,1.0807378136671617e+22,3.0444412177961864e+20,1.1111822258451234e+22,8.475781776116276e+23
IRG207_NIR,"IRG207, 0.8 $\mu$m",IRG207 infrared glass (IRG-24 / IG4-equivalent proxy),NIR,1,0.8,100.0,0.0485,162.1,152.4,full 1/e^2 intensity diameter,surface incident,,455627080169.33093,2.8028,,1.6999999999999997,1.0,electron-hole reduced effective mass,,0.7752559885427189,../input_parameters/IRG207_Keldysh_Parameter.docx,True,The 800-nm index uses an IRG-24/IG4-equivalent proxy and the 1.70 eV gap is provisional. Operation is near the short-wave absorption edge; this Re(n)-only result is diagnostic.,component_scaling,41,152641796717523.66,0.5110558717944882,1.651980564401051e+22,3.850777379111082e+20,1.6904883381921617e+22,1.318877849425431e+24
IRG207_NIR,"IRG207, 0.8 $\mu$m",IRG207 infrared glass (IRG-24 / IG4-equivalent proxy),NIR,1,0.8,100.0,0.0485,162.1,152.4,full 1/e^2 intensity diameter,surface incident,,455627080169.33093,2.8028,,1.6999999999999997,1.0,electron-hole reduced effective mass,,0.7752559885427189,../input_parameters/IRG207_Keldysh_Parameter.docx,True,The 800-nm index uses an IRG-24/IG4-equivalent proxy and the 1.70 eV gap is provisional. Operation is near the short-wave absorption edge; this Re(n)-only result is diagnostic.,component_scaling,42,193069772888324.56,0.45441009855888603,2.1392828108160404e+22,4.870675867343712e+20,2.187818967267845e+22,1.912690368432467e+24
IRG207_NIR,"IRG207, 0.8 $\mu$m",IRG207 infrared glass (IRG-24 / IG4-equivalent proxy),NIR,1,0.8,100.0,0.0485,162.1,152.4,full 1/e^2 intensity diameter,surface incident,,455627080169.33093,2.8028,,1.6999999999999997,1.0,electron-hole reduced effective mass,,0.7752559885427189,../input_parameters/IRG207_Keldysh_Parameter.docx,True,The 800-nm index uses an IRG-24/IG4-equivalent proxy and the 1.70 eV gap is provisional. Operation is near the short-wave absorption edge; this Re(n)-only result is diagnostic.,component_scaling,43,244205309454865.47,0.404042980559533,2.139289588770395e+22,6.160699781915696e+20,2.187653513636574e+22,2.0491708422241437e+24
IRG207_NIR,"IRG207, 0.8 $\mu$m",IRG207 infrared glass (IRG-24 / IG4-equivalent proxy),NIR,1,0.8,100.0,0.0485,162.1,152.4,full 1/e^2 intensity diameter,surface incident,,455627080169.33093,2.8028,,1.6999999999999997,1.0,electron-hole reduced effective mass,,0.7752559885427189,../input_parameters/IRG207_Keldysh_Parameter.docx,True,The 800-nm index uses an IRG-24/IG4-equivalent proxy and the 1.70 eV gap is provisional. Operation is near the short-wave absorption edge; this Re(n)-only result is diagnostic.,component_scaling,44,308884359647748.5,0.35925858746793726,2.9621585665126532e+22,7.79239326480348e+20,3.040082499160688e+22,2.7920782175578843e+24
IRG207_NIR,"IRG207, 0.8 $\mu$m",IRG207 infrared glass (IRG-24 / IG4-equivalent proxy),NIR,1,0.8,100.0,0.0485,162.1,152.4,full 1/e^2 intensity diameter,surface incident,,455627080169.33093,2.8028,,1.6999999999999997,1.0,electron-hole reduced effective mass,,0.7752559885427189,../input_parameters/IRG207_Keldysh_Parameter.docx,True,The 800-nm index uses an IRG-24/IG4-equivalent proxy and the 1.70 eV gap is provisional. Operation is near the short-wave absorption edge; this Re(n)-only result is diagnostic.,component_scaling,45,390693993705462.06,0.3194381263367609,4.9648930415228305e+22,9.856249277789106e+20,5.0634555343007216e+22,4.181552867816057e+24
IRG207_NIR,"IRG207, 0.8 $\mu$m",IRG207 infrared glass (IRG-24 / IG4-equivalent proxy),NIR,1,0.8,100.0,0.0485,162.1,152.4,full 1/e^2 intensity diameter,surface incident,,455627080169.33093,2.8028,,1.6999999999999997,1.0,electron-hole reduced effective mass,,0.7752559885427189,../input_parameters/IRG207_Keldysh_Parameter.docx,True,The 800-nm index uses an IRG-24/IG4-equivalent proxy and the 1.70 eV gap is provisional. Operation is near the short-wave absorption edge; this Re(n)-only result is diagnostic.,component_scaling,46,494171336132383.8,0.2840313916411176,8.034463622402223e+22,1.2466728320608843e+21,8.159130905608311e+22,6.487001284812644e+24
IRG207_NIR,"IRG207, 0.8 $\mu$m",IRG207 infrared glass (IRG-24 / IG4-equivalent proxy),NIR,1,0.8,100.0,0.0485,162.1,152.4,full 1/e^2 intensity diameter,surface incident,,455627080169.33093,2.8028,,1.6999999999999997,1.0,electron-hole reduced effective mass,,0.7752559885427189,../input_parameters/IRG207_Keldysh_Parameter.docx,True,The 800-nm index uses an IRG-24/IG4-equivalent proxy and the 1.70 eV gap is provisional. Operation is near the short-wave absorption edge; this Re(n)-only result is diagnostic.,component_scaling,47,625055192527397.6,0.2525491630029825,9.789958156480962e+22,1.5768606354577922e+21,9.934776678948867e+22,8.59795189308711e+24
IRG207_NIR,"IRG207, 0.8 $\mu$m",IRG207 infrared glass (IRG-24 / IG4-equivalent proxy),NIR,1,0.8,100.0,0.0485,162.1,152.4,full 1/e^2 intensity diameter,surface incident,,455627080169.33093,2.8028,,1.6999999999999997,1.0,electron-hole reduced effective mass,,0.7752559885427189,../input_parameters/IRG207_Keldysh_Parameter.docx,True,The 800-nm index uses an IRG-24/IG4-equivalent proxy and the 1.70 eV gap is provisional. Operation is near the short-wave absorption edge; this Re(n)-only result is diagnostic.,component_scaling,48,790604321090770.1,0.22455644555689244,1.2659529359851902e+23,1.9945004010987722e+21,1.285897939996178e+23,1.1523967567930951e+25
IRG207_NIR,"IRG207, 0.8 $\mu$m",IRG207 infrared glass (IRG-24 / IG4-equivalent proxy),NIR,1,0.8,100.0,0.0485,162.1,152.4,full 1/e^2 intensity diameter,surface incident,,455627080169.33093,2.8028,,1.6999999999999997,1.0,electron-hole reduced effective mass,,0.7752559885427189,../input_parameters/IRG207_Keldysh_Parameter.docx,True,The 800-nm index uses an IRG-24/IG4-equivalent proxy and the 1.70 eV gap is provisional. Operation is near the short-wave absorption edge; this Re(n)-only result is diagnostic.,component_scaling,49,1000000000000000.0,0.19966645955801524,2.0771846048350463e+23,2.5227542374252497e+21,2.102412147209299e+23,1.7292599671525864e+25
