short,name,material,region,mat_flag,wavelength_um,tau_fs,F0_jcm2,I_lidt_wcm2,gamma_lidt_zns_reference,n0,n2_m2_W,Eg_eV,mred_over_me,transmission_factor,dataset,point_index,I_wcm2,gamma_zns_reference,Wtotal_peak_cm3_fs
ZnSe_NIR,"ZnSe, 0.8 $\mu$m",ZnSe,NIR,1,0.8,100.0,0.112,1052169752143.6095,4.752210068835855,2.52417562979068,2.3e-18,2.7,0.17,0.6705099999999999,total_comparison,0,49999999999.99999,21.799851450854156,1.3082280333394072e+16
ZnSe_NIR,"ZnSe, 0.8 $\mu$m",ZnSe,NIR,1,0.8,100.0,0.112,1052169752143.6095,4.752210068835855,2.52417562979068,2.3e-18,2.7,0.17,0.6705099999999999,total_comparison,1,61199253779.35998,19.70450244537269,1.9708782976178172e+16
ZnSe_NIR,"ZnSe, 0.8 $\mu$m",ZnSe,NIR,1,0.8,100.0,0.112,1052169752143.6095,4.752210068835855,2.52417562979068,2.3e-18,2.7,0.17,0.6705099999999999,total_comparison,2,74906973263.01015,17.81055331936609,2.9829593506787932e+16
ZnSe_NIR,"ZnSe, 0.8 $\mu$m",ZnSe,NIR,1,0.8,100.0,0.112,1052169752143.6095,4.752210068835855,2.52417562979068,2.3e-18,2.7,0.17,0.6705099999999999,total_comparison,3,91685017331.33382,16.098646003440496,4.557149805948669e+16
ZnSe_NIR,"ZnSe, 0.8 $\mu$m",ZnSe,NIR,1,0.8,100.0,0.112,1052169752143.6095,4.752210068835855,2.52417562979068,2.3e-18,2.7,0.17,0.6705099999999999,total_comparison,4,112221092868.50633,14.551283079020862,7.096900421419162e+16
ZnSe_NIR,"ZnSe, 0.8 $\mu$m",ZnSe,NIR,1,0.8,100.0,0.112,1052169752143.6095,4.752210068835855,2.52417562979068,2.3e-18,2.7,0.17,0.6705099999999999,total_comparison,5,137356942837.13632,13.152648937093696,1.1562309143479074e+17
ZnSe_NIR,"ZnSe, 0.8 $\mu$m",ZnSe,NIR,1,0.8,100.0,0.112,1052169752143.6095,4.752210068835855,2.52417562979068,2.3e-18,2.7,0.17,0.6705099999999999,total_comparison,6,168122848060.939,11.888448126738798,2.1647076216012058e+17
ZnSe_NIR,"ZnSe, 0.8 $\mu$m",ZnSe,NIR,1,0.8,100.0,0.112,1052169752143.6095,4.752210068835855,2.52417562979068,2.3e-18,2.7,0.17,0.6705099999999999,total_comparison,7,205779856891.80368,10.74575924120953,5.6829724104961805e+17
ZnSe_NIR,"ZnSe, 0.8 $\mu$m",ZnSe,NIR,1,0.8,100.0,0.112,1052169752143.6095,4.752210068835855,2.52417562979068,2.3e-18,2.7,0.17,0.6705099999999999,total_comparison,8,251871473692.03748,9.712902848129406,1.3496739130141555e+18
ZnSe_NIR,"ZnSe, 0.8 $\mu$m",ZnSe,NIR,1,0.8,100.0,0.112,1052169752143.6095,4.752210068835855,2.52417562979068,2.3e-18,2.7,0.17,0.6705099999999999,total_comparison,9,308286924765.2079,8.779322113919006,2.359660267958925e+18
ZnSe_NIR,"ZnSe, 0.8 $\mu$m",ZnSe,NIR,1,0.8,100.0,0.112,1052169752143.6095,4.752210068835855,2.52417562979068,2.3e-18,2.7,0.17,0.6705099999999999,total_comparison,10,377338594911.2883,7.935474902314228,3.4969355271479404e+18
ZnSe_NIR,"ZnSe, 0.8 $\mu$m",ZnSe,NIR,1,0.8,100.0,0.112,1052169752143.6095,4.752210068835855,2.52417562979068,2.3e-18,2.7,0.17,0.6705099999999999,total_comparison,11,461856808614.461,7.17273624411407,4.792262733422934e+18
ZnSe_NIR,"ZnSe, 0.8 $\mu$m",ZnSe,NIR,1,0.8,100.0,0.112,1052169752143.6095,4.752210068835855,2.52417562979068,2.3e-18,2.7,0.17,0.6705099999999999,total_comparison,12,565305840802.4338,6.483310181300397,6.348184043846734e+18
ZnSe_NIR,"ZnSe, 0.8 $\mu$m",ZnSe,NIR,1,0.8,100.0,0.112,1052169752143.6095,4.752210068835855,2.52417562979068,2.3e-18,2.7,0.17,0.6705099999999999,total_comparison,13,691925912284.4525,5.8601500844877465,8.319859928542845e+18
ZnSe_NIR,"ZnSe, 0.8 $\mu$m",ZnSe,NIR,1,0.8,100.0,0.112,1052169752143.6095,4.752210068835855,2.52417562979068,2.3e-18,2.7,0.17,0.6705099999999999,total_comparison,14,846906990048.2278,5.296886629267164,1.0903804741242655e+19
ZnSe_NIR,"ZnSe, 0.8 $\mu$m",ZnSe,NIR,1,0.8,100.0,0.112,1052169752143.6095,4.752210068835855,2.52417562979068,2.3e-18,2.7,0.17,0.6705099999999999,total_comparison,15,1036601516229.5078,4.787762695289707,1.4347586700777023e+19
ZnSe_NIR,"ZnSe, 0.8 $\mu$m",ZnSe,NIR,1,0.8,100.0,0.112,1052169752143.6095,4.752210068835855,2.52417562979068,2.3e-18,2.7,0.17,0.6705099999999999,total_comparison,16,1268784785195.9749,4.327574522692627,1.8967558156158902e+19
ZnSe_NIR,"ZnSe, 0.8 $\mu$m",ZnSe,NIR,1,0.8,100.0,0.112,1052169752143.6095,4.752210068835855,2.52417562979068,2.3e-18,2.7,0.17,0.6705099999999999,total_comparison,17,1552973641211.9841,3.911618524427526,2.513619304091979e+19
ZnSe_NIR,"ZnSe, 0.8 $\mu$m",ZnSe,NIR,1,0.8,100.0,0.112,1052169752143.6095,4.752210068835855,2.52417562979068,2.3e-18,2.7,0.17,0.6705099999999999,total_comparison,18,1900816559623.7793,3.535643210859004,3.3173147465228743e+19
ZnSe_NIR,"ZnSe, 0.8 $\mu$m",ZnSe,NIR,1,0.8,100.0,0.112,1052169752143.6095,4.752210068835855,2.52417562979068,2.3e-18,2.7,0.17,0.6705099999999999,total_comparison,19,2326571100408.512,3.1958057352545337,4.286439136052276e+19
ZnSe_NIR,"ZnSe, 0.8 $\mu$m",ZnSe,NIR,1,0.8,100.0,0.112,1052169752143.6095,4.752210068835855,2.52417562979068,2.3e-18,2.7,0.17,0.6705099999999999,total_comparison,20,2847688304192.5073,2.8886326160168245,5.0989771216859685e+19
ZnSe_NIR,"ZnSe, 0.8 $\mu$m",ZnSe,NIR,1,0.8,100.0,0.112,1052169752143.6095,4.752210068835855,2.52417562979068,2.3e-18,2.7,0.17,0.6705099999999999,total_comparison,21,3485527984255.8506,2.6109842342002123,5.122288892888883e+19
ZnSe_NIR,"ZnSe, 0.8 $\mu$m",ZnSe,NIR,1,0.8,100.0,0.112,1052169752143.6095,4.752210068835855,2.52417562979068,2.3e-18,2.7,0.17,0.6705099999999999,total_comparison,22,4266234233270.6973,2.3600227434399232,5.138533790961877e+19
ZnSe_NIR,"ZnSe, 0.8 $\mu$m",ZnSe,NIR,1,0.8,100.0,0.112,1052169752143.6095,4.752210068835855,2.52417562979068,2.3e-18,2.7,0.17,0.6705099999999999,total_comparison,23,5221807030482.533,2.133183064301342,7.089587397313416e+19
ZnSe_NIR,"ZnSe, 0.8 $\mu$m",ZnSe,NIR,1,0.8,100.0,0.112,1052169752143.6095,4.752210068835855,2.52417562979068,2.3e-18,2.7,0.17,0.6705099999999999,total_comparison,24,6391413872906.935,1.9281466665822833,1.0064149286618535e+20
ZnSe_NIR,"ZnSe, 0.8 $\mu$m",ZnSe,NIR,1,0.8,100.0,0.112,1052169752143.6095,4.752210068835855,2.52417562979068,2.3e-18,2.7,0.17,0.6705099999999999,total_comparison,25,7822995192339.04,1.742817871596975,1.4705357284172977e+20
ZnSe_NIR,"ZnSe, 0.8 $\mu$m",ZnSe,NIR,1,0.8,100.0,0.112,1052169752143.6095,4.752210068835855,2.52417562979068,2.3e-18,2.7,0.17,0.6705099999999999,total_comparison,26,9575229361813.4,1.575302432227182,2.209382010554564e+20
ZnSe_NIR,"ZnSe, 0.8 $\mu$m",ZnSe,NIR,1,0.8,100.0,0.112,1052169752143.6095,4.752210068835855,2.52417562979068,2.3e-18,2.7,0.17,0.6705099999999999,total_comparison,27,11719937834183.947,1.4238881718070528,3.395739219348997e+20
ZnSe_NIR,"ZnSe, 0.8 $\mu$m",ZnSe,NIR,1,0.8,100.0,0.112,1052169752143.6095,4.752210068835855,2.52417562979068,2.3e-18,2.7,0.17,0.6705099999999999,total_comparison,28,14345028995850.922,1.2870274839515015,5.274718323792705e+20
ZnSe_NIR,"ZnSe, 0.8 $\mu$m",ZnSe,NIR,1,0.8,100.0,0.112,1052169752143.6095,4.752210068835855,2.52417562979068,2.3e-18,2.7,0.17,0.6705099999999999,total_comparison,29,17558101399787.162,1.163321514458786,7.95755319358012e+20
ZnSe_NIR,"ZnSe, 0.8 $\mu$m",ZnSe,NIR,1,0.8,100.0,0.112,1052169752143.6095,4.752210068835855,2.52417562979068,2.3e-18,2.7,0.17,0.6705099999999999,total_comparison,30,21490854068986.207,1.051505863610353,9.307894349409556e+20
ZnSe_NIR,"ZnSe, 0.8 $\mu$m",ZnSe,NIR,1,0.8,100.0,0.112,1052169752143.6095,4.752210068835855,2.52417562979068,2.3e-18,2.7,0.17,0.6705099999999999,total_comparison,31,26304484642061.562,0.9504376627310502,9.428636262829127e+20
ZnSe_NIR,"ZnSe, 0.8 $\mu$m",ZnSe,NIR,1,0.8,100.0,0.112,1052169752143.6095,4.752210068835855,2.52417562979068,2.3e-18,2.7,0.17,0.6705099999999999,total_comparison,32,32196296622896.055,0.8590838929191182,1.537384809220569e+21
ZnSe_NIR,"ZnSe, 0.8 $\mu$m",ZnSe,NIR,1,0.8,100.0,0.112,1052169752143.6095,4.752210068835855,2.52417562979068,2.3e-18,2.7,0.17,0.6705099999999999,total_comparison,33,39407786555603.33,0.7765108265516091,2.497466985518677e+21
ZnSe_NIR,"ZnSe, 0.8 $\mu$m",ZnSe,NIR,1,0.8,100.0,0.112,1052169752143.6095,4.752210068835855,2.52417562979068,2.3e-18,2.7,0.17,0.6705099999999999,total_comparison,34,48234542605984.18,0.7018744836467713,3.191930358134171e+21
ZnSe_NIR,"ZnSe, 0.8 $\mu$m",ZnSe,NIR,1,0.8,100.0,0.112,1052169752143.6095,4.752210068835855,2.52417562979068,2.3e-18,2.7,0.17,0.6705099999999999,total_comparison,35,59038360277499.79,0.6344120055377984,3.711140277424326e+21
ZnSe_NIR,"ZnSe, 0.8 $\mu$m",ZnSe,NIR,1,0.8,100.0,0.112,1052169752143.6095,4.752210068835855,2.52417562979068,2.3e-18,2.7,0.17,0.6705099999999999,total_comparison,36,72262071866799.61,0.5734338576882166,6.115497076934612e+21
ZnSe_NIR,"ZnSe, 0.8 $\mu$m",ZnSe,NIR,1,0.8,100.0,0.112,1052169752143.6095,4.752210068835855,2.52417562979068,2.3e-18,2.7,0.17,0.6705099999999999,total_comparison,37,88447697495972.39,0.5183167819537703,7.162814444751994e+21
ZnSe_NIR,"ZnSe, 0.8 $\mu$m",ZnSe,NIR,1,0.8,100.0,0.112,1052169752143.6095,4.752210068835855,2.52417562979068,2.3e-18,2.7,0.17,0.6705099999999999,total_comparison,38,108258661705121.53,0.46849742625588386,1.0518986037720349e+22
ZnSe_NIR,"ZnSe, 0.8 $\mu$m",ZnSe,NIR,1,0.8,100.0,0.112,1052169752143.6095,4.752210068835855,2.52417562979068,2.3e-18,2.7,0.17,0.6705099999999999,total_comparison,39,132506986230112.27,0.4234665865554863,1.3118776221719574e+22
ZnSe_NIR,"ZnSe, 0.8 $\mu$m",ZnSe,NIR,1,0.8,100.0,0.112,1052169752143.6095,4.752210068835855,2.52417562979068,2.3e-18,2.7,0.17,0.6705099999999999,total_comparison,40,162186573556696.0,0.3827640022743945,1.9442797526499946e+22
ZnSe_NIR,"ZnSe, 0.8 $\mu$m",ZnSe,NIR,1,0.8,100.0,0.112,1052169752143.6095,4.752210068835855,2.52417562979068,2.3e-18,2.7,0.17,0.6705099999999999,total_comparison,41,198513945494021.47,0.34597365196820773,2.322410575582003e+22
ZnSe_NIR,"ZnSe, 0.8 $\mu$m",ZnSe,NIR,1,0.8,100.0,0.112,1052169752143.6095,4.752210068835855,2.52417562979068,2.3e-18,2.7,0.17,0.6705099999999999,total_comparison,42,242978106580613.12,0.31271950116774566,3.192998196040829e+22
ZnSe_NIR,"ZnSe, 0.8 $\mu$m",ZnSe,NIR,1,0.8,100.0,0.112,1052169752143.6095,4.752210068835855,2.52417562979068,2.3e-18,2.7,0.17,0.6705099999999999,total_comparison,43,297401576149106.44,0.2826616589276866,4.517781080423087e+22
ZnSe_NIR,"ZnSe, 0.8 $\mu$m",ZnSe,NIR,1,0.8,100.0,0.112,1052169752143.6095,4.752210068835855,2.52417562979068,2.3e-18,2.7,0.17,0.6705099999999999,total_comparison,44,364015090662616.4,0.25549290379845546,6.001350167096737e+22
ZnSe_NIR,"ZnSe, 0.8 $\mu$m",ZnSe,NIR,1,0.8,100.0,0.112,1052169752143.6095,4.752210068835855,2.52417562979068,2.3e-18,2.7,0.17,0.6705099999999999,total_comparison,45,445549038259562.0,0.23093554371329394,7.881856427083907e+22
ZnSe_NIR,"ZnSe, 0.8 $\mu$m",ZnSe,NIR,1,0.8,100.0,0.112,1052169752143.6095,4.752210068835855,2.52417562979068,2.3e-18,2.7,0.17,0.6705099999999999,total_comparison,46,545345373271936.4,0.20873857769538914,1.0240706414206706e+23
ZnSe_NIR,"ZnSe, 0.8 $\mu$m",ZnSe,NIR,1,0.8,100.0,0.112,1052169752143.6095,4.752210068835855,2.52417562979068,2.3e-18,2.7,0.17,0.6705099999999999,total_comparison,47,667494597925378.0,0.1886751303748569,1.2781380952145419e+23
ZnSe_NIR,"ZnSe, 0.8 $\mu$m",ZnSe,NIR,1,0.8,100.0,0.112,1052169752143.6095,4.752210068835855,2.52417562979068,2.3e-18,2.7,0.17,0.6705099999999999,total_comparison,48,817003425895741.2,0.17054013309373764,1.7087723861405798e+23
ZnSe_NIR,"ZnSe, 0.8 $\mu$m",ZnSe,NIR,1,0.8,100.0,0.112,1052169752143.6095,4.752210068835855,2.52417562979068,2.3e-18,2.7,0.17,0.6705099999999999,total_comparison,49,1000000000000000.0,0.1541482278975837,2.2521308794605036e+23
ZnS_NIR,"ZnS, 0.8 $\mu$m",ZnS,NIR,2,0.8,100.0,0.17,1597043373789.4075,3.857271254545739,2.31318550949987,6.8e-19,3.6,0.34,0.61749,total_comparison,0,49999999999.99999,21.799851450854156,8603355224800.268
ZnS_NIR,"ZnS, 0.8 $\mu$m",ZnS,NIR,2,0.8,100.0,0.17,1597043373789.4075,3.857271254545739,2.31318550949987,6.8e-19,3.6,0.34,0.61749,total_comparison,1,61199253779.35998,19.70450244537269,15775156801480.033
ZnS_NIR,"ZnS, 0.8 $\mu$m",ZnS,NIR,2,0.8,100.0,0.17,1597043373789.4075,3.857271254545739,2.31318550949987,6.8e-19,3.6,0.34,0.61749,total_comparison,2,74906973263.01015,17.81055331936609,28925082233230.29
ZnS_NIR,"ZnS, 0.8 $\mu$m",ZnS,NIR,2,0.8,100.0,0.17,1597043373789.4075,3.857271254545739,2.31318550949987,6.8e-19,3.6,0.34,0.61749,total_comparison,3,91685017331.33382,16.098646003440496,53035882308437.15
ZnS_NIR,"ZnS, 0.8 $\mu$m",ZnS,NIR,2,0.8,100.0,0.17,1597043373789.4075,3.857271254545739,2.31318550949987,6.8e-19,3.6,0.34,0.61749,total_comparison,4,112221092868.50633,14.551283079020862,97244084526233.16
ZnS_NIR,"ZnS, 0.8 $\mu$m",ZnS,NIR,2,0.8,100.0,0.17,1597043373789.4075,3.857271254545739,2.31318550949987,6.8e-19,3.6,0.34,0.61749,total_comparison,5,137356942837.13632,13.152648937093696,178298751422138.44
ZnS_NIR,"ZnS, 0.8 $\mu$m",ZnS,NIR,2,0.8,100.0,0.17,1597043373789.4075,3.857271254545739,2.31318550949987,6.8e-19,3.6,0.34,0.61749,total_comparison,6,168122848060.939,11.888448126738798,326912154615562.94
ZnS_NIR,"ZnS, 0.8 $\mu$m",ZnS,NIR,2,0.8,100.0,0.17,1597043373789.4075,3.857271254545739,2.31318550949987,6.8e-19,3.6,0.34,0.61749,total_comparison,7,205779856891.80368,10.74575924120953,599404861558061.6
ZnS_NIR,"ZnS, 0.8 $\mu$m",ZnS,NIR,2,0.8,100.0,0.17,1597043373789.4075,3.857271254545739,2.31318550949987,6.8e-19,3.6,0.34,0.61749,total_comparison,8,251871473692.03748,9.712902848129406,1099102665367353.6
ZnS_NIR,"ZnS, 0.8 $\mu$m",ZnS,NIR,2,0.8,100.0,0.17,1597043373789.4075,3.857271254545739,2.31318550949987,6.8e-19,3.6,0.34,0.61749,total_comparison,9,308286924765.2079,8.779322113919006,2015759146193191.0
ZnS_NIR,"ZnS, 0.8 $\mu$m",ZnS,NIR,2,0.8,100.0,0.17,1597043373789.4075,3.857271254545739,2.31318550949987,6.8e-19,3.6,0.34,0.61749,total_comparison,10,377338594911.2883,7.935474902314228,3698671961349150.0
ZnS_NIR,"ZnS, 0.8 $\mu$m",ZnS,NIR,2,0.8,100.0,0.17,1597043373789.4075,3.857271254545739,2.31318550949987,6.8e-19,3.6,0.34,0.61749,total_comparison,11,461856808614.461,7.17273624411407,6794296330371870.0
ZnS_NIR,"ZnS, 0.8 $\mu$m",ZnS,NIR,2,0.8,100.0,0.17,1597043373789.4075,3.857271254545739,2.31318550949987,6.8e-19,3.6,0.34,0.61749,total_comparison,12,565305840802.4338,6.483310181300397,1.2513584954969908e+16
ZnS_NIR,"ZnS, 0.8 $\mu$m",ZnS,NIR,2,0.8,100.0,0.17,1597043373789.4075,3.857271254545739,2.31318550949987,6.8e-19,3.6,0.34,0.61749,total_comparison,13,691925912284.4525,5.8601500844877465,2.3186071617659532e+16
ZnS_NIR,"ZnS, 0.8 $\mu$m",ZnS,NIR,2,0.8,100.0,0.17,1597043373789.4075,3.857271254545739,2.31318550949987,6.8e-19,3.6,0.34,0.61749,total_comparison,14,846906990048.2278,5.296886629267164,4.3612374696767656e+16
ZnS_NIR,"ZnS, 0.8 $\mu$m",ZnS,NIR,2,0.8,100.0,0.17,1597043373789.4075,3.857271254545739,2.31318550949987,6.8e-19,3.6,0.34,0.61749,total_comparison,15,1036601516229.5078,4.787762695289707,8.553373773668235e+16
ZnS_NIR,"ZnS, 0.8 $\mu$m",ZnS,NIR,2,0.8,100.0,0.17,1597043373789.4075,3.857271254545739,2.31318550949987,6.8e-19,3.6,0.34,0.61749,total_comparison,16,1268784785195.9749,4.327574522692627,2.0745325798619136e+17
ZnS_NIR,"ZnS, 0.8 $\mu$m",ZnS,NIR,2,0.8,100.0,0.17,1597043373789.4075,3.857271254545739,2.31318550949987,6.8e-19,3.6,0.34,0.61749,total_comparison,17,1552973641211.9841,3.911618524427526,3.7023303032204867e+18
ZnS_NIR,"ZnS, 0.8 $\mu$m",ZnS,NIR,2,0.8,100.0,0.17,1597043373789.4075,3.857271254545739,2.31318550949987,6.8e-19,3.6,0.34,0.61749,total_comparison,18,1900816559623.7793,3.535643210859004,1.0791192334236867e+19
ZnS_NIR,"ZnS, 0.8 $\mu$m",ZnS,NIR,2,0.8,100.0,0.17,1597043373789.4075,3.857271254545739,2.31318550949987,6.8e-19,3.6,0.34,0.61749,total_comparison,19,2326571100408.512,3.1958057352545337,1.6803224113255168e+19
ZnS_NIR,"ZnS, 0.8 $\mu$m",ZnS,NIR,2,0.8,100.0,0.17,1597043373789.4075,3.857271254545739,2.31318550949987,6.8e-19,3.6,0.34,0.61749,total_comparison,20,2847688304192.5073,2.8886326160168245,2.258828661189695e+19
ZnS_NIR,"ZnS, 0.8 $\mu$m",ZnS,NIR,2,0.8,100.0,0.17,1597043373789.4075,3.857271254545739,2.31318550949987,6.8e-19,3.6,0.34,0.61749,total_comparison,21,3485527984255.8506,2.6109842342002123,2.9166489292169515e+19
ZnS_NIR,"ZnS, 0.8 $\mu$m",ZnS,NIR,2,0.8,100.0,0.17,1597043373789.4075,3.857271254545739,2.31318550949987,6.8e-19,3.6,0.34,0.61749,total_comparison,22,4266234233270.6973,2.3600227434399232,3.7634342215696515e+19
ZnS_NIR,"ZnS, 0.8 $\mu$m",ZnS,NIR,2,0.8,100.0,0.17,1597043373789.4075,3.857271254545739,2.31318550949987,6.8e-19,3.6,0.34,0.61749,total_comparison,23,5221807030482.533,2.133183064301342,4.9262007867858756e+19
ZnS_NIR,"ZnS, 0.8 $\mu$m",ZnS,NIR,2,0.8,100.0,0.17,1597043373789.4075,3.857271254545739,2.31318550949987,6.8e-19,3.6,0.34,0.61749,total_comparison,24,6391413872906.935,1.9281466665822833,6.59211288246835e+19
ZnS_NIR,"ZnS, 0.8 $\mu$m",ZnS,NIR,2,0.8,100.0,0.17,1597043373789.4075,3.857271254545739,2.31318550949987,6.8e-19,3.6,0.34,0.61749,total_comparison,25,7822995192339.04,1.742817871596975,9.058213290525249e+19
ZnS_NIR,"ZnS, 0.8 $\mu$m",ZnS,NIR,2,0.8,100.0,0.17,1597043373789.4075,3.857271254545739,2.31318550949987,6.8e-19,3.6,0.34,0.61749,total_comparison,26,9575229361813.4,1.575302432227182,1.278237030247565e+20
ZnS_NIR,"ZnS, 0.8 $\mu$m",ZnS,NIR,2,0.8,100.0,0.17,1597043373789.4075,3.857271254545739,2.31318550949987,6.8e-19,3.6,0.34,0.61749,total_comparison,27,11719937834183.947,1.4238881718070528,1.8327724476643292e+20
ZnS_NIR,"ZnS, 0.8 $\mu$m",ZnS,NIR,2,0.8,100.0,0.17,1597043373789.4075,3.857271254545739,2.31318550949987,6.8e-19,3.6,0.34,0.61749,total_comparison,28,14345028995850.922,1.2870274839515015,2.5411352774776973e+20
ZnS_NIR,"ZnS, 0.8 $\mu$m",ZnS,NIR,2,0.8,100.0,0.17,1597043373789.4075,3.857271254545739,2.31318550949987,6.8e-19,3.6,0.34,0.61749,total_comparison,29,17558101399787.162,1.163321514458786,2.7455000785543224e+20
ZnS_NIR,"ZnS, 0.8 $\mu$m",ZnS,NIR,2,0.8,100.0,0.17,1597043373789.4075,3.857271254545739,2.31318550949987,6.8e-19,3.6,0.34,0.61749,total_comparison,30,21490854068986.207,1.051505863610353,2.8377969982796752e+20
ZnS_NIR,"ZnS, 0.8 $\mu$m",ZnS,NIR,2,0.8,100.0,0.17,1597043373789.4075,3.857271254545739,2.31318550949987,6.8e-19,3.6,0.34,0.61749,total_comparison,31,26304484642061.562,0.9504376627310502,4.355250346065224e+20
ZnS_NIR,"ZnS, 0.8 $\mu$m",ZnS,NIR,2,0.8,100.0,0.17,1597043373789.4075,3.857271254545739,2.31318550949987,6.8e-19,3.6,0.34,0.61749,total_comparison,32,32196296622896.055,0.8590838929191182,7.023512335996863e+20
ZnS_NIR,"ZnS, 0.8 $\mu$m",ZnS,NIR,2,0.8,100.0,0.17,1597043373789.4075,3.857271254545739,2.31318550949987,6.8e-19,3.6,0.34,0.61749,total_comparison,33,39407786555603.33,0.7765108265516091,1.1679109849516178e+21
ZnS_NIR,"ZnS, 0.8 $\mu$m",ZnS,NIR,2,0.8,100.0,0.17,1597043373789.4075,3.857271254545739,2.31318550949987,6.8e-19,3.6,0.34,0.61749,total_comparison,34,48234542605984.18,0.7018744836467713,1.7820607456628147e+21
ZnS_NIR,"ZnS, 0.8 $\mu$m",ZnS,NIR,2,0.8,100.0,0.17,1597043373789.4075,3.857271254545739,2.31318550949987,6.8e-19,3.6,0.34,0.61749,total_comparison,35,59038360277499.79,0.6344120055377984,1.8059500511216982e+21
ZnS_NIR,"ZnS, 0.8 $\mu$m",ZnS,NIR,2,0.8,100.0,0.17,1597043373789.4075,3.857271254545739,2.31318550949987,6.8e-19,3.6,0.34,0.61749,total_comparison,36,72262071866799.61,0.5734338576882166,2.7314564147160563e+21
ZnS_NIR,"ZnS, 0.8 $\mu$m",ZnS,NIR,2,0.8,100.0,0.17,1597043373789.4075,3.857271254545739,2.31318550949987,6.8e-19,3.6,0.34,0.61749,total_comparison,37,88447697495972.39,0.5183167819537703,4.714450835847297e+21
ZnS_NIR,"ZnS, 0.8 $\mu$m",ZnS,NIR,2,0.8,100.0,0.17,1597043373789.4075,3.857271254545739,2.31318550949987,6.8e-19,3.6,0.34,0.61749,total_comparison,38,108258661705121.53,0.46849742625588386,5.231084026673227e+21
ZnS_NIR,"ZnS, 0.8 $\mu$m",ZnS,NIR,2,0.8,100.0,0.17,1597043373789.4075,3.857271254545739,2.31318550949987,6.8e-19,3.6,0.34,0.61749,total_comparison,39,132506986230112.27,0.4234665865554863,8.161110662643583e+21
ZnS_NIR,"ZnS, 0.8 $\mu$m",ZnS,NIR,2,0.8,100.0,0.17,1597043373789.4075,3.857271254545739,2.31318550949987,6.8e-19,3.6,0.34,0.61749,total_comparison,40,162186573556696.0,0.3827640022743945,1.100898139227489e+22
ZnS_NIR,"ZnS, 0.8 $\mu$m",ZnS,NIR,2,0.8,100.0,0.17,1597043373789.4075,3.857271254545739,2.31318550949987,6.8e-19,3.6,0.34,0.61749,total_comparison,41,198513945494021.47,0.34597365196820773,1.5639514807745286e+22
ZnS_NIR,"ZnS, 0.8 $\mu$m",ZnS,NIR,2,0.8,100.0,0.17,1597043373789.4075,3.857271254545739,2.31318550949987,6.8e-19,3.6,0.34,0.61749,total_comparison,42,242978106580613.12,0.31271950116774566,1.95050544926511e+22
ZnS_NIR,"ZnS, 0.8 $\mu$m",ZnS,NIR,2,0.8,100.0,0.17,1597043373789.4075,3.857271254545739,2.31318550949987,6.8e-19,3.6,0.34,0.61749,total_comparison,43,297401576149106.44,0.2826616589276866,3.0992893191812008e+22
ZnS_NIR,"ZnS, 0.8 $\mu$m",ZnS,NIR,2,0.8,100.0,0.17,1597043373789.4075,3.857271254545739,2.31318550949987,6.8e-19,3.6,0.34,0.61749,total_comparison,44,364015090662616.4,0.25549290379845546,3.997391945207041e+22
ZnS_NIR,"ZnS, 0.8 $\mu$m",ZnS,NIR,2,0.8,100.0,0.17,1597043373789.4075,3.857271254545739,2.31318550949987,6.8e-19,3.6,0.34,0.61749,total_comparison,45,445549038259562.0,0.23093554371329394,5.117335491413638e+22
ZnS_NIR,"ZnS, 0.8 $\mu$m",ZnS,NIR,2,0.8,100.0,0.17,1597043373789.4075,3.857271254545739,2.31318550949987,6.8e-19,3.6,0.34,0.61749,total_comparison,46,545345373271936.4,0.20873857769538914,6.778120617166804e+22
ZnS_NIR,"ZnS, 0.8 $\mu$m",ZnS,NIR,2,0.8,100.0,0.17,1597043373789.4075,3.857271254545739,2.31318550949987,6.8e-19,3.6,0.34,0.61749,total_comparison,47,667494597925378.0,0.1886751303748569,9.241897183370305e+22
ZnS_NIR,"ZnS, 0.8 $\mu$m",ZnS,NIR,2,0.8,100.0,0.17,1597043373789.4075,3.857271254545739,2.31318550949987,6.8e-19,3.6,0.34,0.61749,total_comparison,48,817003425895741.2,0.17054013309373764,1.2887402223914481e+23
ZnS_NIR,"ZnS, 0.8 $\mu$m",ZnS,NIR,2,0.8,100.0,0.17,1597043373789.4075,3.857271254545739,2.31318550949987,6.8e-19,3.6,0.34,0.61749,total_comparison,49,1000000000000000.0,0.1541482278975837,1.7879444575305275e+23
ZnSe_LWIR,"ZnSe, 9.2 $\mu$m",ZnSe,LWIR,1,9.2,2000.0,0.83,389866470660.35535,0.6636264384813124,2.4111508122363725,6.5e-19,2.7,0.17,0.6894100000000001,total_comparison,0,49999999999.99999,1.8530904625204159,63955148.2018941
ZnSe_LWIR,"ZnSe, 9.2 $\mu$m",ZnSe,LWIR,1,9.2,2000.0,0.83,389866470660.35535,0.6636264384813124,2.4111508122363725,6.5e-19,2.7,0.17,0.6894100000000001,total_comparison,1,61199253779.35998,1.6749758883700854,532885229.6170673
ZnSe_LWIR,"ZnSe, 9.2 $\mu$m",ZnSe,LWIR,1,9.2,2000.0,0.83,389866470660.35535,0.6636264384813124,2.4111508122363725,6.5e-19,2.7,0.17,0.6894100000000001,total_comparison,2,74906973263.01015,1.5139812563739035,2915267780.115238
ZnSe_LWIR,"ZnSe, 9.2 $\mu$m",ZnSe,LWIR,1,9.2,2000.0,0.83,389866470660.35535,0.6636264384813124,2.4111508122363725,6.5e-19,2.7,0.17,0.6894100000000001,total_comparison,3,91685017331.33382,1.3684610390911225,31650631307.155937
ZnSe_LWIR,"ZnSe, 9.2 $\mu$m",ZnSe,LWIR,1,9.2,2000.0,0.83,389866470660.35535,0.6636264384813124,2.4111508122363725,6.5e-19,2.7,0.17,0.6894100000000001,total_comparison,4,112221092868.50633,1.2369278731994175,140287942010.08664
ZnSe_LWIR,"ZnSe, 9.2 $\mu$m",ZnSe,LWIR,1,9.2,2000.0,0.83,389866470660.35535,0.6636264384813124,2.4111508122363725,6.5e-19,2.7,0.17,0.6894100000000001,total_comparison,5,137356942837.13632,1.1180373571422952,905236240061.3243
ZnSe_LWIR,"ZnSe, 9.2 $\mu$m",ZnSe,LWIR,1,9.2,2000.0,0.83,389866470660.35535,0.6636264384813124,2.4111508122363725,6.5e-19,2.7,0.17,0.6894100000000001,total_comparison,6,168122848060.939,1.0105743099898594,5475548029291.528
ZnSe_LWIR,"ZnSe, 9.2 $\mu$m",ZnSe,LWIR,1,9.2,2000.0,0.83,389866470660.35535,0.6636264384813124,2.4111508122363725,6.5e-19,2.7,0.17,0.6894100000000001,total_comparison,7,205779856891.80368,0.9134403510646757,1.6358197600094774e+18
ZnSe_LWIR,"ZnSe, 9.2 $\mu$m",ZnSe,LWIR,1,9.2,2000.0,0.83,389866470660.35535,0.6636264384813124,2.4111508122363725,6.5e-19,2.7,0.17,0.6894100000000001,total_comparison,8,251871473692.03748,0.8256426733839398,2.2592868465367383e+18
ZnSe_LWIR,"ZnSe, 9.2 $\mu$m",ZnSe,LWIR,1,9.2,2000.0,0.83,389866470660.35535,0.6636264384813124,2.4111508122363725,6.5e-19,2.7,0.17,0.6894100000000001,total_comparison,9,308286924765.2079,0.7462838961712487,2.765857973759878e+18
ZnSe_LWIR,"ZnSe, 9.2 $\mu$m",ZnSe,LWIR,1,9.2,2000.0,0.83,389866470660.35535,0.6636264384813124,2.4111508122363725,6.5e-19,2.7,0.17,0.6894100000000001,total_comparison,10,377338594911.2883,0.6745528927203974,3.3863601735332403e+18
ZnSe_LWIR,"ZnSe, 9.2 $\mu$m",ZnSe,LWIR,1,9.2,2000.0,0.83,389866470660.35535,0.6636264384813124,2.4111508122363725,6.5e-19,2.7,0.17,0.6894100000000001,total_comparison,11,461856808614.461,0.6097164998627318,4.147323668659439e+18
ZnSe_LWIR,"ZnSe, 9.2 $\mu$m",ZnSe,LWIR,1,9.2,2000.0,0.83,389866470660.35535,0.6636264384813124,2.4111508122363725,6.5e-19,2.7,0.17,0.6894100000000001,total_comparison,12,565305840802.4338,0.5511120243004471,5.080264861573789e+18
ZnSe_LWIR,"ZnSe, 9.2 $\mu$m",ZnSe,LWIR,1,9.2,2000.0,0.83,389866470660.35535,0.6636264384813124,2.4111508122363725,6.5e-19,2.7,0.17,0.6894100000000001,total_comparison,13,691925912284.4525,0.49814046921301214,6.232470219346755e+18
ZnSe_LWIR,"ZnSe, 9.2 $\mu$m",ZnSe,LWIR,1,9.2,2000.0,0.83,389866470660.35535,0.6636264384813124,2.4111508122363725,6.5e-19,2.7,0.17,0.6894100000000001,total_comparison,14,846906990048.2278,0.4502604119058023,7.655542494644656e+18
ZnSe_LWIR,"ZnSe, 9.2 $\mu$m",ZnSe,LWIR,1,9.2,2000.0,0.83,389866470660.35535,0.6636264384813124,2.4111508122363725,6.5e-19,2.7,0.17,0.6894100000000001,total_comparison,15,1036601516229.5078,0.40698246992434295,9.451499315715518e+18
ZnSe_LWIR,"ZnSe, 9.2 $\mu$m",ZnSe,LWIR,1,9.2,2000.0,0.83,389866470660.35535,0.6636264384813124,2.4111508122363725,6.5e-19,2.7,0.17,0.6894100000000001,total_comparison,16,1268784785195.9749,0.36786429907226886,1.1731264948466627e+19
ZnSe_LWIR,"ZnSe, 9.2 $\mu$m",ZnSe,LWIR,1,9.2,2000.0,0.83,389866470660.35535,0.6636264384813124,2.4111508122363725,6.5e-19,2.7,0.17,0.6894100000000001,total_comparison,17,1552973641211.9841,0.33250607220769934,1.4639614074898326e+19
ZnSe_LWIR,"ZnSe, 9.2 $\mu$m",ZnSe,LWIR,1,9.2,2000.0,0.83,389866470660.35535,0.6636264384813124,2.4111508122363725,6.5e-19,2.7,0.17,0.6894100000000001,total_comparison,18,1900816559623.7793,0.30054639260677923,1.863120702682123e+19
ZnSe_LWIR,"ZnSe, 9.2 $\mu$m",ZnSe,LWIR,1,9.2,2000.0,0.83,389866470660.35535,0.6636264384813124,2.4111508122363725,6.5e-19,2.7,0.17,0.6894100000000001,total_comparison,19,2326571100408.512,0.27165860012482707,2.402401942303955e+19
ZnSe_LWIR,"ZnSe, 9.2 $\mu$m",ZnSe,LWIR,1,9.2,2000.0,0.83,389866470660.35535,0.6636264384813124,2.4111508122363725,6.5e-19,2.7,0.17,0.6894100000000001,total_comparison,20,2847688304192.5073,0.2455474324003451,3.1145281404656243e+19
ZnSe_LWIR,"ZnSe, 9.2 $\mu$m",ZnSe,LWIR,1,9.2,2000.0,0.83,389866470660.35535,0.6636264384813124,2.4111508122363725,6.5e-19,2.7,0.17,0.6894100000000001,total_comparison,21,3485527984255.8506,0.22194600697602498,4.128933735723172e+19
ZnSe_LWIR,"ZnSe, 9.2 $\mu$m",ZnSe,LWIR,1,9.2,2000.0,0.83,389866470660.35535,0.6636264384813124,2.4111508122363725,6.5e-19,2.7,0.17,0.6894100000000001,total_comparison,22,4266234233270.6973,0.20061309349098488,5.646620501554936e+19
ZnSe_LWIR,"ZnSe, 9.2 $\mu$m",ZnSe,LWIR,1,9.2,2000.0,0.83,389866470660.35535,0.6636264384813124,2.4111508122363725,6.5e-19,2.7,0.17,0.6894100000000001,total_comparison,23,5221807030482.533,0.1813306480632925,7.652822100352724e+19
ZnSe_LWIR,"ZnSe, 9.2 $\mu$m",ZnSe,LWIR,1,9.2,2000.0,0.83,389866470660.35535,0.6636264384813124,2.4111508122363725,6.5e-19,2.7,0.17,0.6894100000000001,total_comparison,24,6391413872906.935,0.1639015846616773,1.0754218610400898e+20
ZnSe_LWIR,"ZnSe, 9.2 $\mu$m",ZnSe,LWIR,1,9.2,2000.0,0.83,389866470660.35535,0.6636264384813124,2.4111508122363725,6.5e-19,2.7,0.17,0.6894100000000001,total_comparison,25,7822995192339.04,0.14814776068760524,1.5042079318040727e+20
ZnSe_LWIR,"ZnSe, 9.2 $\mu$m",ZnSe,LWIR,1,9.2,2000.0,0.83,389866470660.35535,0.6636264384813124,2.4111508122363725,6.5e-19,2.7,0.17,0.6894100000000001,total_comparison,26,9575229361813.4,0.1339081561783315,2.116398859681766e+20
ZnSe_LWIR,"ZnSe, 9.2 $\mu$m",ZnSe,LWIR,1,9.2,2000.0,0.83,389866470660.35535,0.6636264384813124,2.4111508122363725,6.5e-19,2.7,0.17,0.6894100000000001,total_comparison,27,11719937834183.947,0.12103722802055589,2.97863020753598e+20
ZnSe_LWIR,"ZnSe, 9.2 $\mu$m",ZnSe,LWIR,1,9.2,2000.0,0.83,389866470660.35535,0.6636264384813124,2.4111508122363725,6.5e-19,2.7,0.17,0.6894100000000001,total_comparison,28,14345028995850.922,0.1094034223530788,4.2371061502910045e+20
ZnSe_LWIR,"ZnSe, 9.2 $\mu$m",ZnSe,LWIR,1,9.2,2000.0,0.83,389866470660.35535,0.6636264384813124,2.4111508122363725,6.5e-19,2.7,0.17,0.6894100000000001,total_comparison,29,17558101399787.162,0.09888782995371817,5.942749997016965e+20
ZnSe_LWIR,"ZnSe, 9.2 $\mu$m",ZnSe,LWIR,1,9.2,2000.0,0.83,389866470660.35535,0.6636264384813124,2.4111508122363725,6.5e-19,2.7,0.17,0.6894100000000001,total_comparison,30,21490854068986.207,0.0893829708671841,8.348609881478471e+20
ZnSe_LWIR,"ZnSe, 9.2 $\mu$m",ZnSe,LWIR,1,9.2,2000.0,0.83,389866470660.35535,0.6636264384813124,2.4111508122363725,6.5e-19,2.7,0.17,0.6894100000000001,total_comparison,31,26304484642061.562,0.08079169585158325,1.171774147549329e+21
ZnSe_LWIR,"ZnSe, 9.2 $\mu$m",ZnSe,LWIR,1,9.2,2000.0,0.83,389866470660.35535,0.6636264384813124,2.4111508122363725,6.5e-19,2.7,0.17,0.6894100000000001,total_comparison,32,32196296622896.055,0.07302619341522865,1.6291627865256642e+21
ZnSe_LWIR,"ZnSe, 9.2 $\mu$m",ZnSe,LWIR,1,9.2,2000.0,0.83,389866470660.35535,0.6636264384813124,2.4111508122363725,6.5e-19,2.7,0.17,0.6894100000000001,total_comparison,33,39407786555603.33,0.06600709229467026,2.2485757160898796e+21
ZnSe_LWIR,"ZnSe, 9.2 $\mu$m",ZnSe,LWIR,1,9.2,2000.0,0.83,389866470660.35535,0.6636264384813124,2.4111508122363725,6.5e-19,2.7,0.17,0.6894100000000001,total_comparison,34,48234542605984.18,0.05966265020036695,3.1113584890101865e+21
ZnSe_LWIR,"ZnSe, 9.2 $\mu$m",ZnSe,LWIR,1,9.2,2000.0,0.83,389866470660.35535,0.6636264384813124,2.4111508122363725,6.5e-19,2.7,0.17,0.6894100000000001,total_comparison,35,59038360277499.79,0.05392802053816199,4.259763180081113e+21
ZnSe_LWIR,"ZnSe, 9.2 $\mu$m",ZnSe,LWIR,1,9.2,2000.0,0.83,389866470660.35535,0.6636264384813124,2.4111508122363725,6.5e-19,2.7,0.17,0.6894100000000001,total_comparison,36,72262071866799.61,0.048744589611719034,5.758672577050631e+21
ZnSe_LWIR,"ZnSe, 9.2 $\mu$m",ZnSe,LWIR,1,9.2,2000.0,0.83,389866470660.35535,0.6636264384813124,2.4111508122363725,6.5e-19,2.7,0.17,0.6894100000000001,total_comparison,37,88447697495972.39,0.04405937753145433,7.872113019952859e+21
ZnSe_LWIR,"ZnSe, 9.2 $\mu$m",ZnSe,LWIR,1,9.2,2000.0,0.83,389866470660.35535,0.6636264384813124,2.4111508122363725,6.5e-19,2.7,0.17,0.6894100000000001,total_comparison,38,108258661705121.53,0.03982449670665641,1.0608962684265888e+22
ZnSe_LWIR,"ZnSe, 9.2 $\mu$m",ZnSe,LWIR,1,9.2,2000.0,0.83,389866470660.35535,0.6636264384813124,2.4111508122363725,6.5e-19,2.7,0.17,0.6894100000000001,total_comparison,39,132506986230112.27,0.03599666238603204,1.4252974324065543e+22
ZnSe_LWIR,"ZnSe, 9.2 $\mu$m",ZnSe,LWIR,1,9.2,2000.0,0.83,389866470660.35535,0.6636264384813124,2.4111508122363725,6.5e-19,2.7,0.17,0.6894100000000001,total_comparison,40,162186573556696.0,0.03253675024391195,1.9039623519818983e+22
ZnSe_LWIR,"ZnSe, 9.2 $\mu$m",ZnSe,LWIR,1,9.2,2000.0,0.83,389866470660.35535,0.6636264384813124,2.4111508122363725,6.5e-19,2.7,0.17,0.6894100000000001,total_comparison,41,198513945494021.47,0.02940939649020054,2.5344558506190754e+22
ZnSe_LWIR,"ZnSe, 9.2 $\mu$m",ZnSe,LWIR,1,9.2,2000.0,0.83,389866470660.35535,0.6636264384813124,2.4111508122363725,6.5e-19,2.7,0.17,0.6894100000000001,total_comparison,42,242978106580613.12,0.02658263641679016,3.3665208244051577e+22
ZnSe_LWIR,"ZnSe, 9.2 $\mu$m",ZnSe,LWIR,1,9.2,2000.0,0.83,389866470660.35535,0.6636264384813124,2.4111508122363725,6.5e-19,2.7,0.17,0.6894100000000001,total_comparison,43,297401576149106.44,0.024027577686020034,4.42476202512496e+22
ZnSe_LWIR,"ZnSe, 9.2 $\mu$m",ZnSe,LWIR,1,9.2,2000.0,0.83,389866470660.35535,0.6636264384813124,2.4111508122363725,6.5e-19,2.7,0.17,0.6894100000000001,total_comparison,44,364015090662616.4,0.02171810502185845,5.8502842893335804e+22
ZnSe_LWIR,"ZnSe, 9.2 $\mu$m",ZnSe,LWIR,1,9.2,2000.0,0.83,389866470660.35535,0.6636264384813124,2.4111508122363725,6.5e-19,2.7,0.17,0.6894100000000001,total_comparison,45,445549038259562.0,0.019630613285454474,7.704751044046106e+22
ZnSe_LWIR,"ZnSe, 9.2 $\mu$m",ZnSe,LWIR,1,9.2,2000.0,0.83,389866470660.35535,0.6636264384813124,2.4111508122363725,6.5e-19,2.7,0.17,0.6894100000000001,total_comparison,46,545345373271936.4,0.01774376620682186,9.99097502115023e+22
ZnSe_LWIR,"ZnSe, 9.2 $\mu$m",ZnSe,LWIR,1,9.2,2000.0,0.83,389866470660.35535,0.6636264384813124,2.4111508122363725,6.5e-19,2.7,0.17,0.6894100000000001,total_comparison,47,667494597925378.0,0.01603827830665076,1.2670826183063583e+23
ZnSe_LWIR,"ZnSe, 9.2 $\mu$m",ZnSe,LWIR,1,9.2,2000.0,0.83,389866470660.35535,0.6636264384813124,2.4111508122363725,6.5e-19,2.7,0.17,0.6894100000000001,total_comparison,48,817003425895741.2,0.014496717779266569,1.5973272807217257e+23
ZnSe_LWIR,"ZnSe, 9.2 $\mu$m",ZnSe,LWIR,1,9.2,2000.0,0.83,389866470660.35535,0.6636264384813124,2.4111508122363725,6.5e-19,2.7,0.17,0.6894100000000001,total_comparison,49,1000000000000000.0,0.013103328322003017,1.9888674991573825e+23
ZnS_LWIR,"ZnS, 9.2 $\mu$m",ZnS,LWIR,2,9.2,2000.0,1.19,558965180826.2925,0.5542289984017957,2.2105091503791647,4e-19,3.6,0.34,0.73307,total_comparison,0,49999999999.99999,1.8530904625204159,0.0031602169515235444
ZnS_LWIR,"ZnS, 9.2 $\mu$m",ZnS,LWIR,2,9.2,2000.0,1.19,558965180826.2925,0.5542289984017957,2.2105091503791647,4e-19,3.6,0.34,0.73307,total_comparison,1,61199253779.35998,1.6749758883700854,0.5341464127380628
ZnS_LWIR,"ZnS, 9.2 $\mu$m",ZnS,LWIR,2,9.2,2000.0,1.19,558965180826.2925,0.5542289984017957,2.2105091503791647,4e-19,3.6,0.34,0.73307,total_comparison,2,74906973263.01015,1.5139812563739035,17.714674545590775
ZnS_LWIR,"ZnS, 9.2 $\mu$m",ZnS,LWIR,2,9.2,2000.0,1.19,558965180826.2925,0.5542289984017957,2.2105091503791647,4e-19,3.6,0.34,0.73307,total_comparison,3,91685017331.33382,1.3684610390911225,528.6284689541926
ZnS_LWIR,"ZnS, 9.2 $\mu$m",ZnS,LWIR,2,9.2,2000.0,1.19,558965180826.2925,0.5542289984017957,2.2105091503791647,4e-19,3.6,0.34,0.73307,total_comparison,4,112221092868.50633,1.2369278731994175,12967.397182881938
ZnS_LWIR,"ZnS, 9.2 $\mu$m",ZnS,LWIR,2,9.2,2000.0,1.19,558965180826.2925,0.5542289984017957,2.2105091503791647,4e-19,3.6,0.34,0.73307,total_comparison,5,137356942837.13632,1.1180373571422952,132903.54533935135
ZnS_LWIR,"ZnS, 9.2 $\mu$m",ZnS,LWIR,2,9.2,2000.0,1.19,558965180826.2925,0.5542289984017957,2.2105091503791647,4e-19,3.6,0.34,0.73307,total_comparison,6,168122848060.939,1.0105743099898594,4828284.598923134
ZnS_LWIR,"ZnS, 9.2 $\mu$m",ZnS,LWIR,2,9.2,2000.0,1.19,558965180826.2925,0.5542289984017957,2.2105091503791647,4e-19,3.6,0.34,0.73307,total_comparison,7,205779856891.80368,0.9134403510646757,64450547.61613981
ZnS_LWIR,"ZnS, 9.2 $\mu$m",ZnS,LWIR,2,9.2,2000.0,1.19,558965180826.2925,0.5542289984017957,2.2105091503791647,4e-19,3.6,0.34,0.73307,total_comparison,8,251871473692.03748,0.8256426733839398,825614130.9820397
ZnS_LWIR,"ZnS, 9.2 $\mu$m",ZnS,LWIR,2,9.2,2000.0,1.19,558965180826.2925,0.5542289984017957,2.2105091503791647,4e-19,3.6,0.34,0.73307,total_comparison,9,308286924765.2079,0.7462838961712487,5786433390.930231
ZnS_LWIR,"ZnS, 9.2 $\mu$m",ZnS,LWIR,2,9.2,2000.0,1.19,558965180826.2925,0.5542289984017957,2.2105091503791647,4e-19,3.6,0.34,0.73307,total_comparison,10,377338594911.2883,0.6745528927203974,61597962109.06425
ZnS_LWIR,"ZnS, 9.2 $\mu$m",ZnS,LWIR,2,9.2,2000.0,1.19,558965180826.2925,0.5542289984017957,2.2105091503791647,4e-19,3.6,0.34,0.73307,total_comparison,11,461856808614.461,0.6097164998627318,421091012599.40576
ZnS_LWIR,"ZnS, 9.2 $\mu$m",ZnS,LWIR,2,9.2,2000.0,1.19,558965180826.2925,0.5542289984017957,2.2105091503791647,4e-19,3.6,0.34,0.73307,total_comparison,12,565305840802.4338,0.5511120243004471,3340797838470.9443
ZnS_LWIR,"ZnS, 9.2 $\mu$m",ZnS,LWIR,2,9.2,2000.0,1.19,558965180826.2925,0.5542289984017957,2.2105091503791647,4e-19,3.6,0.34,0.73307,total_comparison,13,691925912284.4525,0.49814046921301214,2.3563278159358336e+18
ZnS_LWIR,"ZnS, 9.2 $\mu$m",ZnS,LWIR,2,9.2,2000.0,1.19,558965180826.2925,0.5542289984017957,2.2105091503791647,4e-19,3.6,0.34,0.73307,total_comparison,14,846906990048.2278,0.4502604119058023,6.697665239075169e+18
ZnS_LWIR,"ZnS, 9.2 $\mu$m",ZnS,LWIR,2,9.2,2000.0,1.19,558965180826.2925,0.5542289984017957,2.2105091503791647,4e-19,3.6,0.34,0.73307,total_comparison,15,1036601516229.5078,0.40698246992434295,8.282331273675161e+18
ZnS_LWIR,"ZnS, 9.2 $\mu$m",ZnS,LWIR,2,9.2,2000.0,1.19,558965180826.2925,0.5542289984017957,2.2105091503791647,4e-19,3.6,0.34,0.73307,total_comparison,16,1268784785195.9749,0.36786429907226886,1.0138264551379362e+19
ZnS_LWIR,"ZnS, 9.2 $\mu$m",ZnS,LWIR,2,9.2,2000.0,1.19,558965180826.2925,0.5542289984017957,2.2105091503791647,4e-19,3.6,0.34,0.73307,total_comparison,17,1552973641211.9841,0.33250607220769934,1.2412799984407886e+19
ZnS_LWIR,"ZnS, 9.2 $\mu$m",ZnS,LWIR,2,9.2,2000.0,1.19,558965180826.2925,0.5542289984017957,2.2105091503791647,4e-19,3.6,0.34,0.73307,total_comparison,18,1900816559623.7793,0.30054639260677923,1.5198648515909835e+19
ZnS_LWIR,"ZnS, 9.2 $\mu$m",ZnS,LWIR,2,9.2,2000.0,1.19,558965180826.2925,0.5542289984017957,2.2105091503791647,4e-19,3.6,0.34,0.73307,total_comparison,19,2326571100408.512,0.27165860012482707,1.862538721419929e+19
ZnS_LWIR,"ZnS, 9.2 $\mu$m",ZnS,LWIR,2,9.2,2000.0,1.19,558965180826.2925,0.5542289984017957,2.2105091503791647,4e-19,3.6,0.34,0.73307,total_comparison,20,2847688304192.5073,0.2455474324003451,2.2855382946191786e+19
ZnS_LWIR,"ZnS, 9.2 $\mu$m",ZnS,LWIR,2,9.2,2000.0,1.19,558965180826.2925,0.5542289984017957,2.2105091503791647,4e-19,3.6,0.34,0.73307,total_comparison,21,3485527984255.8506,0.22194600697602498,2.811934841149511e+19
ZnS_LWIR,"ZnS, 9.2 $\mu$m",ZnS,LWIR,2,9.2,2000.0,1.19,558965180826.2925,0.5542289984017957,2.2105091503791647,4e-19,3.6,0.34,0.73307,total_comparison,22,4266234233270.6973,0.20061309349098488,3.4777069069842248e+19
ZnS_LWIR,"ZnS, 9.2 $\mu$m",ZnS,LWIR,2,9.2,2000.0,1.19,558965180826.2925,0.5542289984017957,2.2105091503791647,4e-19,3.6,0.34,0.73307,total_comparison,23,5221807030482.533,0.1813306480632925,4.347837429741664e+19
ZnS_LWIR,"ZnS, 9.2 $\mu$m",ZnS,LWIR,2,9.2,2000.0,1.19,558965180826.2925,0.5542289984017957,2.2105091503791647,4e-19,3.6,0.34,0.73307,total_comparison,24,6391413872906.935,0.1639015846616773,5.462966875400897e+19
ZnS_LWIR,"ZnS, 9.2 $\mu$m",ZnS,LWIR,2,9.2,2000.0,1.19,558965180826.2925,0.5542289984017957,2.2105091503791647,4e-19,3.6,0.34,0.73307,total_comparison,25,7822995192339.04,0.14814776068760524,7.024749268726402e+19
ZnS_LWIR,"ZnS, 9.2 $\mu$m",ZnS,LWIR,2,9.2,2000.0,1.19,558965180826.2925,0.5542289984017957,2.2105091503791647,4e-19,3.6,0.34,0.73307,total_comparison,26,9575229361813.4,0.1339081561783315,9.153687117615715e+19
ZnS_LWIR,"ZnS, 9.2 $\mu$m",ZnS,LWIR,2,9.2,2000.0,1.19,558965180826.2925,0.5542289984017957,2.2105091503791647,4e-19,3.6,0.34,0.73307,total_comparison,27,11719937834183.947,0.12103722802055589,1.2101662903847598e+20
ZnS_LWIR,"ZnS, 9.2 $\mu$m",ZnS,LWIR,2,9.2,2000.0,1.19,558965180826.2925,0.5542289984017957,2.2105091503791647,4e-19,3.6,0.34,0.73307,total_comparison,28,14345028995850.922,0.1094034223530788,1.6454740464213226e+20
ZnS_LWIR,"ZnS, 9.2 $\mu$m",ZnS,LWIR,2,9.2,2000.0,1.19,558965180826.2925,0.5542289984017957,2.2105091503791647,4e-19,3.6,0.34,0.73307,total_comparison,29,17558101399787.162,0.09888782995371817,2.2827812069467423e+20
ZnS_LWIR,"ZnS, 9.2 $\mu$m",ZnS,LWIR,2,9.2,2000.0,1.19,558965180826.2925,0.5542289984017957,2.2105091503791647,4e-19,3.6,0.34,0.73307,total_comparison,30,21490854068986.207,0.0893829708671841,3.23462399843052e+20
ZnS_LWIR,"ZnS, 9.2 $\mu$m",ZnS,LWIR,2,9.2,2000.0,1.19,558965180826.2925,0.5542289984017957,2.2105091503791647,4e-19,3.6,0.34,0.73307,total_comparison,31,26304484642061.562,0.08079169585158325,4.5664943583576156e+20
ZnS_LWIR,"ZnS, 9.2 $\mu$m",ZnS,LWIR,2,9.2,2000.0,1.19,558965180826.2925,0.5542289984017957,2.2105091503791647,4e-19,3.6,0.34,0.73307,total_comparison,32,32196296622896.055,0.07302619341522865,6.65647619630597e+20
ZnS_LWIR,"ZnS, 9.2 $\mu$m",ZnS,LWIR,2,9.2,2000.0,1.19,558965180826.2925,0.5542289984017957,2.2105091503791647,4e-19,3.6,0.34,0.73307,total_comparison,33,39407786555603.33,0.06600709229467026,9.588852752023287e+20
ZnS_LWIR,"ZnS, 9.2 $\mu$m",ZnS,LWIR,2,9.2,2000.0,1.19,558965180826.2925,0.5542289984017957,2.2105091503791647,4e-19,3.6,0.34,0.73307,total_comparison,34,48234542605984.18,0.05966265020036695,1.3776244340731627e+21
ZnS_LWIR,"ZnS, 9.2 $\mu$m",ZnS,LWIR,2,9.2,2000.0,1.19,558965180826.2925,0.5542289984017957,2.2105091503791647,4e-19,3.6,0.34,0.73307,total_comparison,35,59038360277499.79,0.05392802053816199,1.992439440992824e+21
ZnS_LWIR,"ZnS, 9.2 $\mu$m",ZnS,LWIR,2,9.2,2000.0,1.19,558965180826.2925,0.5542289984017957,2.2105091503791647,4e-19,3.6,0.34,0.73307,total_comparison,36,72262071866799.61,0.048744589611719034,2.8437435427508023e+21
ZnS_LWIR,"ZnS, 9.2 $\mu$m",ZnS,LWIR,2,9.2,2000.0,1.19,558965180826.2925,0.5542289984017957,2.2105091503791647,4e-19,3.6,0.34,0.73307,total_comparison,37,88447697495972.39,0.04405937753145433,4.036245919960608e+21
ZnS_LWIR,"ZnS, 9.2 $\mu$m",ZnS,LWIR,2,9.2,2000.0,1.19,558965180826.2925,0.5542289984017957,2.2105091503791647,4e-19,3.6,0.34,0.73307,total_comparison,38,108258661705121.53,0.03982449670665641,5.737448664569177e+21
ZnS_LWIR,"ZnS, 9.2 $\mu$m",ZnS,LWIR,2,9.2,2000.0,1.19,558965180826.2925,0.5542289984017957,2.2105091503791647,4e-19,3.6,0.34,0.73307,total_comparison,39,132506986230112.27,0.03599666238603204,8.05976200445447e+21
ZnS_LWIR,"ZnS, 9.2 $\mu$m",ZnS,LWIR,2,9.2,2000.0,1.19,558965180826.2925,0.5542289984017957,2.2105091503791647,4e-19,3.6,0.34,0.73307,total_comparison,40,162186573556696.0,0.03253675024391195,1.1287862353895438e+22
ZnS_LWIR,"ZnS, 9.2 $\mu$m",ZnS,LWIR,2,9.2,2000.0,1.19,558965180826.2925,0.5542289984017957,2.2105091503791647,4e-19,3.6,0.34,0.73307,total_comparison,41,198513945494021.47,0.02940939649020054,1.564264470534309e+22
ZnS_LWIR,"ZnS, 9.2 $\mu$m",ZnS,LWIR,2,9.2,2000.0,1.19,558965180826.2925,0.5542289984017957,2.2105091503791647,4e-19,3.6,0.34,0.73307,total_comparison,42,242978106580613.12,0.02658263641679016,2.1481108992678884e+22
ZnS_LWIR,"ZnS, 9.2 $\mu$m",ZnS,LWIR,2,9.2,2000.0,1.19,558965180826.2925,0.5542289984017957,2.2105091503791647,4e-19,3.6,0.34,0.73307,total_comparison,43,297401576149106.44,0.024027577686020034,2.94853299077597e+22
ZnS_LWIR,"ZnS, 9.2 $\mu$m",ZnS,LWIR,2,9.2,2000.0,1.19,558965180826.2925,0.5542289984017957,2.2105091503791647,4e-19,3.6,0.34,0.73307,total_comparison,44,364015090662616.4,0.02171810502185845,4.000714363126601e+22
ZnS_LWIR,"ZnS, 9.2 $\mu$m",ZnS,LWIR,2,9.2,2000.0,1.19,558965180826.2925,0.5542289984017957,2.2105091503791647,4e-19,3.6,0.34,0.73307,total_comparison,45,445549038259562.0,0.019630613285454474,5.446237977701668e+22
ZnS_LWIR,"ZnS, 9.2 $\mu$m",ZnS,LWIR,2,9.2,2000.0,1.19,558965180826.2925,0.5542289984017957,2.2105091503791647,4e-19,3.6,0.34,0.73307,total_comparison,46,545345373271936.4,0.01774376620682186,7.334615547041042e+22
ZnS_LWIR,"ZnS, 9.2 $\mu$m",ZnS,LWIR,2,9.2,2000.0,1.19,558965180826.2925,0.5542289984017957,2.2105091503791647,4e-19,3.6,0.34,0.73307,total_comparison,47,667494597925378.0,0.01603827830665076,9.85716637159681e+22
ZnS_LWIR,"ZnS, 9.2 $\mu$m",ZnS,LWIR,2,9.2,2000.0,1.19,558965180826.2925,0.5542289984017957,2.2105091503791647,4e-19,3.6,0.34,0.73307,total_comparison,48,817003425895741.2,0.014496717779266569,1.3101366746673877e+23
ZnS_LWIR,"ZnS, 9.2 $\mu$m",ZnS,LWIR,2,9.2,2000.0,1.19,558965180826.2925,0.5542289984017957,2.2105091503791647,4e-19,3.6,0.34,0.73307,total_comparison,49,1000000000000000.0,0.013103328322003017,1.7430961221829824e+23
