short,name,material,region,mat_flag,wavelength_um,tau_fs,F0_jcm2,I_lidt_wcm2,gamma_lidt_zns_reference,n0,n2_m2_W,Eg_eV,mred_over_me,transmission_factor,dataset,point_index,I_wcm2,gamma_zns_reference,Wpi_peak_cm3_fs,Wav_peak_cm3_fs,Wtotal_peak_cm3_fs,ne_max_cm3
ZnSe_NIR,"ZnSe, 0.8 $\mu$m",ZnSe,NIR,1,0.8,100.0,0.112,1052169752143.6095,4.745015509347765,2.52417562979068,2.3e-18,2.7,0.17,0.6705099999999999,component_scaling,0,10000000000.0,48.672151314954476,130441661582532.16,3670634334.955435,130443366795682.88,9819714749142330.0
ZnSe_NIR,"ZnSe, 0.8 $\mu$m",ZnSe,NIR,1,0.8,100.0,0.112,1052169752143.6095,4.745015509347765,2.52417562979068,2.3e-18,2.7,0.17,0.6705099999999999,component_scaling,1,12648552168.552958,43.27729764348627,208692718678100.7,11884293983.900715,208698239479938.28,1.5710857085329438e+16
ZnSe_NIR,"ZnSe, 0.8 $\mu$m",ZnSe,NIR,1,0.8,100.0,0.112,1052169752143.6095,4.745015509347765,2.52417562979068,2.3e-18,2.7,0.17,0.6705099999999999,component_scaling,2,15998587196.060574,38.480413146386816,333887896577651.5,38478853329.57735,333905771071698.2,2.51370820127044e+16
ZnSe_NIR,"ZnSe, 0.8 $\mu$m",ZnSe,NIR,1,0.8,100.0,0.112,1052169752143.6095,4.745015509347765,2.52417562979068,2.3e-18,2.7,0.17,0.6705099999999999,component_scaling,3,20235896477.251556,34.215218522071645,534191601787506.75,124595090934.3366,534249475147132.75,4.022134660498022e+16
ZnSe_NIR,"ZnSe, 0.8 $\mu$m",ZnSe,NIR,1,0.8,100.0,0.112,1052169752143.6095,4.745015509347765,2.52417562979068,2.3e-18,2.7,0.17,0.6705099999999999,component_scaling,4,25595479226.99533,30.422780910891493,854667450520899.9,403493436105.8873,854854840662605.2,6.436512257304095e+16
ZnSe_NIR,"ZnSe, 0.8 $\mu$m",ZnSe,NIR,1,0.8,100.0,0.112,1052169752143.6095,4.745015509347765,2.52417562979068,2.3e-18,2.7,0.17,0.6705099999999999,component_scaling,5,32374575428.1764,27.0506996106148,1367419857375919.5,1307017994866.9294,1368026672841886.0,1.0302627137039259e+17
ZnSe_NIR,"ZnSe, 0.8 $\mu$m",ZnSe,NIR,1,0.8,100.0,0.112,1052169752143.6095,4.745015509347765,2.52417562979068,2.3e-18,2.7,0.17,0.6705099999999999,component_scaling,6,40949150623.80419,24.052382047748612,2187823384501204.2,4235860034864.202,2189788757660396.0,1.6498779364876803e+17
ZnSe_NIR,"ZnSe, 0.8 $\mu$m",ZnSe,NIR,1,0.8,100.0,0.112,1052169752143.6095,4.745015509347765,2.52417562979068,2.3e-18,2.7,0.17,0.6705099999999999,component_scaling,7,51794746792.31202,21.386400000680474,3500495494319677.5,13741302146378.182,3506863218545286.0,2.6446653055404666e+17
ZnSe_NIR,"ZnSe, 0.8 $\mu$m",ZnSe,NIR,1,0.8,100.0,0.112,1052169752143.6095,4.745015509347765,2.52417562979068,2.3e-18,2.7,0.17,0.6705099999999999,component_scaling,8,65512855685.954956,19.01591717947612,5600890349727929.0,44665069859212.11,5621535608897225.0,4.247467458490649e+17
ZnSe_NIR,"ZnSe, 0.8 $\mu$m",ZnSe,NIR,1,0.8,100.0,0.112,1052169752143.6095,4.745015509347765,2.52417562979068,2.3e-18,2.7,0.17,0.6705099999999999,component_scaling,9,82864277285.4686,16.9081802531136,8961765270882979.0,145771376473647.25,9028790741306550.0,6.848567177468922e+17
ZnSe_NIR,"ZnSe, 0.8 $\mu$m",ZnSe,NIR,1,0.8,100.0,0.112,1052169752143.6095,4.745015509347765,2.52417562979068,2.3e-18,2.7,0.17,0.6705099999999999,component_scaling,10,104811313415.46873,15.034066291598,1.433976352048356e+16,479677327429295.1,1.4557947246099136e+16,1.113253862657535e+18
ZnSe_NIR,"ZnSe, 0.8 $\mu$m",ZnSe,NIR,1,0.8,100.0,0.112,1052169752143.6095,4.745015509347765,2.52417562979068,2.3e-18,2.7,0.17,0.6705099999999999,component_scaling,11,132571136559.0111,13.367680369893243,2.2945838239968e+16,1605021442116535.8,2.367272191422046e+16,1.840817192577989e+18
ZnSe_NIR,"ZnSe, 0.8 $\mu$m",ZnSe,NIR,1,0.8,100.0,0.112,1052169752143.6095,4.745015509347765,2.52417562979068,2.3e-18,2.7,0.17,0.6705099999999999,component_scaling,12,167683293681.101,11.885997773702469,3.671811829188208e+16,5570921042476187.0,3.923086989563265e+16,3.160356486332627e+18
ZnSe_NIR,"ZnSe, 0.8 $\mu$m",ZnSe,NIR,1,0.8,100.0,0.112,1052169752143.6095,4.745015509347765,2.52417562979068,2.3e-18,2.7,0.17,0.6705099999999999,component_scaling,13,212095088792.01926,10.568545863397864,5.875856824292191e+16,2.104438367102472e+16,6.831432066616315e+16,5.936884157633477e+18
ZnSe_NIR,"ZnSe, 0.8 $\mu$m",ZnSe,NIR,1,0.8,100.0,0.112,1052169752143.6095,4.745015509347765,2.52417562979068,2.3e-18,2.7,0.17,0.6705099999999999,component_scaling,14,268269579527.97272,9.397121200364447,9.403151449337029e+16,9.994650768659738e+16,1.4605983625818762e+17,1.4357794101970862e+19
ZnSe_NIR,"ZnSe, 0.8 $\mu$m",ZnSe,NIR,1,0.8,100.0,0.112,1052169752143.6095,4.745015509347765,2.52417562979068,2.3e-18,2.7,0.17,0.6705099999999999,component_scaling,15,339322177189.53296,8.355538027248334,1.5048018551769734e+17,6.97238490290117e+17,7.433778203058692e+17,5.658041620863486e+19
ZnSe_NIR,"ZnSe, 0.8 $\mu$m",ZnSe,NIR,1,0.8,100.0,0.112,1052169752143.6095,4.745015509347765,2.52417562979068,2.3e-18,2.7,0.17,0.6705099999999999,component_scaling,16,429193426012.8778,7.4294046268218175,2.4080870749783914e+17,2.220703015954618e+18,2.370282178809258e+18,1.5193580772817735e+20
ZnSe_NIR,"ZnSe, 0.8 $\mu$m",ZnSe,NIR,1,0.8,100.0,0.112,1052169752143.6095,4.745015509347765,2.52417562979068,2.3e-18,2.7,0.17,0.6705099999999999,component_scaling,17,542867543932.3859,6.605924469380784,3.853182515085101e+17,3.854291725871527e+18,4.1904628132742753e+18,2.7634573420766786e+20
ZnSe_NIR,"ZnSe, 0.8 $\mu$m",ZnSe,NIR,1,0.8,100.0,0.112,1052169752143.6095,4.745015509347765,2.52417562979068,2.3e-18,2.7,0.17,0.6705099999999999,component_scaling,18,686648845004.2998,5.873719401097089,6.163981972742538e+17,5.487876321627287e+18,6.086947412560549e+18,4.333309537106052e+20
ZnSe_NIR,"ZnSe, 0.8 $\mu$m",ZnSe,NIR,1,0.8,100.0,0.112,1052169752143.6095,4.745015509347765,2.52417562979068,2.3e-18,2.7,0.17,0.6705099999999999,component_scaling,19,868511373751.352,5.2226724302917,9.855731153463062e+17,7.24667792166007e+18,8.228973123762559e+18,6.340862391824541e+20
ZnSe_NIR,"ZnSe, 0.8 $\mu$m",ZnSe,NIR,1,0.8,100.0,0.112,1052169752143.6095,4.745015509347765,2.52417562979068,2.3e-18,2.7,0.17,0.6705099999999999,component_scaling,20,1098541141987.5573,4.643787939382049,1.574372887785704e+18,9.3076026068704e+18,1.0881190481030898e+19,8.942937394688997e+20
ZnSe_NIR,"ZnSe, 0.8 $\mu$m",ZnSe,NIR,1,0.8,100.0,0.112,1052169752143.6095,4.745015509347765,2.52417562979068,2.3e-18,2.7,0.17,0.6705099999999999,component_scaling,21,1389495494373.136,4.129067391030253,2.510771712524106e+18,1.1841739753339005e+19,1.435251146586311e+19,1.2355923070869292e+21
ZnSe_NIR,"ZnSe, 0.8 $\mu$m",ZnSe,NIR,1,0.8,100.0,0.112,1052169752143.6095,4.745015509347765,2.52417562979068,2.3e-18,2.7,0.17,0.6705099999999999,component_scaling,22,1757510624854.7966,3.671398811104644,3.991267249203311e+18,1.5014504657451563e+19,1.900577190665487e+19,1.6881182035113272e+21
ZnSe_NIR,"ZnSe, 0.8 $\mu$m",ZnSe,NIR,1,0.8,100.0,0.112,1052169752143.6095,4.745015509347765,2.52417562979068,2.3e-18,2.7,0.17,0.6705099999999999,component_scaling,23,2222996482526.191,3.2644585214235105,6.30750019133192e+18,1.901227002929557e+19,2.5319770220627493e+19,2.293831056024858e+21
ZnSe_NIR,"ZnSe, 0.8 $\mu$m",ZnSe,NIR,1,0.8,100.0,0.112,1052169752143.6095,4.745015509347765,2.52417562979068,2.3e-18,2.7,0.17,0.6705099999999999,component_scaling,24,2811768697974.237,2.9026237645068473,9.855775623171932e+18,2.4060786692518478e+19,3.3916562315690406e+19,3.110102752140098e+21
ZnSe_NIR,"ZnSe, 0.8 $\mu$m",ZnSe,NIR,1,0.8,100.0,0.112,1052169752143.6095,4.745015509347765,2.52417562979068,2.3e-18,2.7,0.17,0.6705099999999999,component_scaling,25,3556480306223.121,2.580895013059014,1.5045206309254701e+19,3.044173176913147e+19,4.548693807838618e+19,4.209984045746528e+21
ZnSe_NIR,"ZnSe, 0.8 $\mu$m",ZnSe,NIR,1,0.8,100.0,0.112,1052169752143.6095,4.745015509347765,2.52417562979068,2.3e-18,2.7,0.17,0.6705099999999999,component_scaling,26,4498432668969.453,2.294826890719872,2.172776628455446e+19,3.850976737436646e+19,6.023753365892092e+19,5.663554686943241e+21
ZnSe_NIR,"ZnSe, 0.8 $\mu$m",ZnSe,NIR,1,0.8,100.0,0.112,1052169752143.6095,4.745015509347765,2.52417562979068,2.3e-18,2.7,0.17,0.6705099999999999,component_scaling,27,5689866029018.305,2.0404667496060718,2.5834610908525707e+19,4.871265460480467e+19,7.430936262188515e+19,7.407960732789635e+21
ZnSe_NIR,"ZnSe, 0.8 $\mu$m",ZnSe,NIR,1,0.8,100.0,0.112,1052169752143.6095,4.745015509347765,2.52417562979068,2.3e-18,2.7,0.17,0.6705099999999999,component_scaling,28,7196856730011.528,1.8143000559584275,2.5820463548544705e+19,6.161581173815892e+19,7.504604705913933e+19,8.452172989149528e+21
ZnSe_NIR,"ZnSe, 0.8 $\mu$m",ZnSe,NIR,1,0.8,100.0,0.112,1052169752143.6095,4.745015509347765,2.52417562979068,2.3e-18,2.7,0.17,0.6705099999999999,component_scaling,29,9102981779915.227,1.6132018292805987,2.583512735614155e+19,7.793705017983499e+19,9.588321913791454e+19,1.0446921343471626e+22
ZnSe_NIR,"ZnSe, 0.8 $\mu$m",ZnSe,NIR,1,0.8,100.0,0.112,1052169752143.6095,4.745015509347765,2.52417562979068,2.3e-18,2.7,0.17,0.6705099999999999,component_scaling,30,11513953993264.48,1.4343934639959586,3.4592260753225638e+19,9.858096809054793e+19,1.3317322884377358e+20,1.3552131333475594e+22
ZnSe_NIR,"ZnSe, 0.8 $\mu$m",ZnSe,NIR,1,0.8,100.0,0.112,1052169752143.6095,4.745015509347765,2.52417562979068,2.3e-18,2.7,0.17,0.6705099999999999,component_scaling,31,14563484775012.443,1.2754043370207764,6.626687589454878e+19,1.2469219709740463e+20,1.9095907299195342e+20,1.8260349874984857e+22
ZnSe_NIR,"ZnSe, 0.8 $\mu$m",ZnSe,NIR,1,0.8,100.0,0.112,1052169752143.6095,4.745015509347765,2.52417562979068,2.3e-18,2.7,0.17,0.6705099999999999,component_scaling,32,18420699693267.164,1.134037670779563,1.2603219222544151e+20,1.577187354861126e+20,2.837509277115541e+20,2.555685549045007e+22
ZnSe_NIR,"ZnSe, 0.8 $\mu$m",ZnSe,NIR,1,0.8,100.0,0.112,1052169752143.6095,4.745015509347765,2.52417562979068,2.3e-18,2.7,0.17,0.6705099999999999,component_scaling,33,23299518105153.72,1.0083401799865346,2.372816557159486e+20,1.9949216478033143e+20,4.3677382049628e+20,3.7188897369556404e+22
ZnSe_NIR,"ZnSe, 0.8 $\mu$m",ZnSe,NIR,1,0.8,100.0,0.112,1052169752143.6095,4.745015509347765,2.52417562979068,2.3e-18,2.7,0.17,0.6705099999999999,component_scaling,34,29470517025518.098,0.8965750827980348,4.356249422327894e+20,2.523292077651072e+20,6.879541499978967e+20,5.6033007700876255e+22
ZnSe_NIR,"ZnSe, 0.8 $\mu$m",ZnSe,NIR,1,0.8,100.0,0.112,1052169752143.6095,4.745015509347765,2.52417562979068,2.3e-18,2.7,0.17,0.6705099999999999,component_scaling,35,37275937203149.38,0.7971981034267992,7.153627465594384e+20,3.191601950984954e+20,1.0345229416579337e+21,8.48419502795792e+22
ZnSe_NIR,"ZnSe, 0.8 $\mu$m",ZnSe,NIR,1,0.8,100.0,0.112,1052169752143.6095,4.745015509347765,2.52417562979068,2.3e-18,2.7,0.17,0.6705099999999999,component_scaling,36,47148663634573.9,0.7088361346424413,7.500393265283544e+20,4.0369151807706654e+20,1.0907721510208897e+21,1.0122123082477452e+23
ZnSe_NIR,"ZnSe, 0.8 $\mu$m",ZnSe,NIR,1,0.8,100.0,0.112,1052169752143.6095,4.745015509347765,2.52417562979068,2.3e-18,2.7,0.17,0.6705099999999999,component_scaling,37,59636233165946.37,0.6302682653345942,1.0280912619956253e+21,5.106114369200497e+20,1.538702698915675e+21,1.3847710793102816e+23
ZnSe_NIR,"ZnSe, 0.8 $\mu$m",ZnSe,NIR,1,0.8,100.0,0.112,1052169752143.6095,4.745015509347765,2.52417562979068,2.3e-18,2.7,0.17,0.6705099999999999,component_scaling,38,75431200633546.08,0.560408910993593,1.949011735773659e+21,6.4584963282946e+20,2.594861368603119e+21,2.100539305729466e+23
ZnSe_NIR,"ZnSe, 0.8 $\mu$m",ZnSe,NIR,1,0.8,100.0,0.112,1052169752143.6095,4.745015509347765,2.52417562979068,2.3e-18,2.7,0.17,0.6705099999999999,component_scaling,39,95409547634999.64,0.49829281401991316,2.7717563581936026e+21,8.169063234950467e+20,3.5512631930306445e+21,3.0191549127264645e+23
ZnSe_NIR,"ZnSe, 0.8 $\mu$m",ZnSe,NIR,1,0.8,100.0,0.112,1052169752143.6095,4.745015509347765,2.52417562979068,2.3e-18,2.7,0.17,0.6705099999999999,component_scaling,40,120679264063932.64,0.4430617066093075,3.4332957373571793e+21,1.0332682482493526e+21,4.466563985606532e+21,3.953484192315883e+23
ZnSe_NIR,"ZnSe, 0.8 $\mu$m",ZnSe,NIR,1,0.8,100.0,0.112,1052169752143.6095,4.745015509347765,2.52417562979068,2.3e-18,2.7,0.17,0.6705099999999999,component_scaling,41,152641796717523.66,0.3939524519326229,6.188520443184577e+21,1.3069347576303722e+21,7.495455200814949e+21,6.061861132325505e+23
ZnSe_NIR,"ZnSe, 0.8 $\mu$m",ZnSe,NIR,1,0.8,100.0,0.112,1052169752143.6095,4.745015509347765,2.52417562979068,2.3e-18,2.7,0.17,0.6705099999999999,component_scaling,42,193069772888324.56,0.35028649975516957,7.104645814244677e+21,1.653083255162571e+21,8.757729069407249e+21,7.880918457254325e+23
ZnSe_NIR,"ZnSe, 0.8 $\mu$m",ZnSe,NIR,1,0.8,100.0,0.112,1052169752143.6095,4.745015509347765,2.52417562979068,2.3e-18,2.7,0.17,0.6705099999999999,component_scaling,43,244205309454865.47,0.31146051080223564,1.1979041125194514e+22,2.0909109883678166e+21,1.4058299883415438e+22,1.1878336289488157e+24
ZnSe_NIR,"ZnSe, 0.8 $\mu$m",ZnSe,NIR,1,0.8,100.0,0.112,1052169752143.6095,4.745015509347765,2.52417562979068,2.3e-18,2.7,0.17,0.6705099999999999,component_scaling,44,308884359647748.5,0.27693802032619746,1.6123229927011223e+22,2.644699675659682e+21,1.8767929602670904e+22,1.5931683911529458e+24
ZnSe_NIR,"ZnSe, 0.8 $\mu$m",ZnSe,NIR,1,0.8,100.0,0.112,1052169752143.6095,4.745015509347765,2.52417562979068,2.3e-18,2.7,0.17,0.6705099999999999,component_scaling,45,390693993705462.06,0.24624202568938594,2.080424060428643e+22,3.345162184776016e+21,2.414940278906245e+22,2.1871489349425254e+24
ZnSe_NIR,"ZnSe, 0.8 $\mu$m",ZnSe,NIR,1,0.8,100.0,0.112,1052169752143.6095,4.745015509347765,2.52417562979068,2.3e-18,2.7,0.17,0.6705099999999999,component_scaling,46,494171336132383.8,0.21894839554421525,2.9723101498245183e+22,4.2311458427349615e+21,3.364590437128685e+22,3.056380811174546e+24
ZnSe_NIR,"ZnSe, 0.8 $\mu$m",ZnSe,NIR,1,0.8,100.0,0.112,1052169752143.6095,4.745015509347765,2.52417562979068,2.3e-18,2.7,0.17,0.6705099999999999,component_scaling,47,625055192527397.6,0.19468000954417297,4.230766551899683e+22,5.351786893813291e+21,4.735576369442569e+22,4.260725132115793e+24
ZnSe_NIR,"ZnSe, 0.8 $\mu$m",ZnSe,NIR,1,0.8,100.0,0.112,1052169752143.6095,4.745015509347765,2.52417562979068,2.3e-18,2.7,0.17,0.6705099999999999,component_scaling,48,790604321090770.1,0.17310154761314772,5.760528622409188e+22,6.769235573008147e+21,6.393733392018943e+22,5.905996367837978e+24
ZnSe_NIR,"ZnSe, 0.8 $\mu$m",ZnSe,NIR,1,0.8,100.0,0.112,1052169752143.6095,4.745015509347765,2.52417562979068,2.3e-18,2.7,0.17,0.6705099999999999,component_scaling,49,1000000000000000.0,0.15391485677561553,8.289857598883985e+22,8.562102929218627e+21,9.146067891805848e+22,8.209848465223036e+24
ZnS_NIR,"ZnS, 0.8 $\mu$m",ZnS,NIR,2,0.8,100.0,0.17,1597043373789.4075,3.8514315784580773,2.31318550949987,6.8e-19,3.6,0.34,0.61749,component_scaling,0,10000000000.0,48.672151314954476,8686955901.772352,2.2762247648858556,8686955902.725672,533987509605.63184
ZnS_NIR,"ZnS, 0.8 $\mu$m",ZnS,NIR,2,0.8,100.0,0.17,1597043373789.4075,3.8514315784580773,2.31318550949987,6.8e-19,3.6,0.34,0.61749,component_scaling,1,12648552168.552958,43.27729764348627,17578729424.790085,11.7895227912848,17578729429.727734,1080566027074.025
ZnS_NIR,"ZnS, 0.8 $\mu$m",ZnS,NIR,2,0.8,100.0,0.17,1597043373789.4075,3.8514315784580773,2.31318550949987,6.8e-19,3.6,0.34,0.61749,component_scaling,2,15998587196.060574,38.480413146386816,35571866935.152985,61.06271047990645,35571866960.72706,2186607973532.0552
ZnS_NIR,"ZnS, 0.8 $\mu$m",ZnS,NIR,2,0.8,100.0,0.17,1597043373789.4075,3.8514315784580773,2.31318550949987,6.8e-19,3.6,0.34,0.61749,component_scaling,3,20235896477.251556,34.215218522071645,71982175207.5033,316.2673583998985,71982175339.96138,4424760742423.708
ZnS_NIR,"ZnS, 0.8 $\mu$m",ZnS,NIR,2,0.8,100.0,0.17,1597043373789.4075,3.8514315784580773,2.31318550949987,6.8e-19,3.6,0.34,0.61749,component_scaling,4,25595479226.99533,30.422780910891493,145660625425.86578,1638.063336796653,145660626111.9146,8953806481215.025
ZnS_NIR,"ZnS, 0.8 $\mu$m",ZnS,NIR,2,0.8,100.0,0.17,1597043373789.4075,3.8514315784580773,2.31318550949987,6.8e-19,3.6,0.34,0.61749,component_scaling,5,32374575428.1764,27.0506996106148,294752824332.5702,8484.075173560734,294752827885.8485,18118590596945.71
ZnS_NIR,"ZnS, 0.8 $\mu$m",ZnS,NIR,2,0.8,100.0,0.17,1597043373789.4075,3.8514315784580773,2.31318550949987,6.8e-19,3.6,0.34,0.61749,component_scaling,6,40949150623.80419,24.052382047748612,596447200215.8629,43941.52841537138,596447218619.3593,36663979016233.54
ZnS_NIR,"ZnS, 0.8 $\mu$m",ZnS,NIR,2,0.8,100.0,0.17,1597043373789.4075,3.8514315784580773,2.31318550949987,6.8e-19,3.6,0.34,0.61749,component_scaling,7,51794746792.31202,21.386400000680474,1206934711270.7131,227584.0407792565,1206934806587.0957,74191280156319.45
ZnS_NIR,"ZnS, 0.8 $\mu$m",ZnS,NIR,2,0.8,100.0,0.17,1597043373789.4075,3.8514315784580773,2.31318550949987,6.8e-19,3.6,0.34,0.61749,component_scaling,8,65512855685.954956,19.01591717947612,2442264421183.8467,1178700.3105533423,2442264914845.9863,150128705391220.06
ZnS_NIR,"ZnS, 0.8 $\mu$m",ZnS,NIR,2,0.8,100.0,0.17,1597043373789.4075,3.8514315784580773,2.31318550949987,6.8e-19,3.6,0.34,0.61749,component_scaling,9,82864277285.4686,16.9081802531136,4941945312095.831,6104620.431860733,4941947868831.486,303788742341307.7
ZnS_NIR,"ZnS, 0.8 $\mu$m",ZnS,NIR,2,0.8,100.0,0.17,1597043373789.4075,3.8514315784580773,2.31318550949987,6.8e-19,3.6,0.34,0.61749,component_scaling,10,104811313415.46873,15.034066291598,9999966120746.127,31615942.519940395,9999979362146.906,614718307429704.4
ZnS_NIR,"ZnS, 0.8 $\mu$m",ZnS,NIR,2,0.8,100.0,0.17,1597043373789.4075,3.8514315784580773,2.31318550949987,6.8e-19,3.6,0.34,0.61749,component_scaling,11,132571136559.0111,13.367680369893243,20234532136197.277,163736050.255943,20234600712195.12,1243875455009520.2
ZnS_NIR,"ZnS, 0.8 $\mu$m",ZnS,NIR,2,0.8,100.0,0.17,1597043373789.4075,3.8514315784580773,2.31318550949987,6.8e-19,3.6,0.34,0.61749,component_scaling,12,167683293681.101,11.885997773702469,40943048350525.08,847954026.2117331,40943403489365.11,2516950607497560.0
ZnS_NIR,"ZnS, 0.8 $\mu$m",ZnS,NIR,2,0.8,100.0,0.17,1597043373789.4075,3.8514315784580773,2.31318550949987,6.8e-19,3.6,0.34,0.61749,component_scaling,13,212095088792.01926,10.568545863397864,82844064931153.75,4391334097.042573,82845904068970.8,5093021115116943.0
ZnS_NIR,"ZnS, 0.8 $\mu$m",ZnS,NIR,2,0.8,100.0,0.17,1597043373789.4075,3.8514315784580773,2.31318550949987,6.8e-19,3.6,0.34,0.61749,component_scaling,14,268269579527.97272,9.397121200364447,167620963293998.88,22741601175.83095,167630487212779.94,1.0305981475039206e+16
ZnS_NIR,"ZnS, 0.8 $\mu$m",ZnS,NIR,2,0.8,100.0,0.17,1597043373789.4075,3.8514315784580773,2.31318550949987,6.8e-19,3.6,0.34,0.61749,component_scaling,15,339322177189.53296,8.355538027248334,339140977564346.0,117780967016.49498,339190295742312.3,2.085693123578156e+16
ZnS_NIR,"ZnS, 0.8 $\mu$m",ZnS,NIR,2,0.8,100.0,0.17,1597043373789.4075,3.8514315784580773,2.31318550949987,6.8e-19,3.6,0.34,0.61749,component_scaling,16,429193426012.8778,7.4294046268218175,686140502514354.2,610157538692.928,686395894814461.6,4.2223074108787384e+16
ZnS_NIR,"ZnS, 0.8 $\mu$m",ZnS,NIR,2,0.8,100.0,0.17,1597043373789.4075,3.8514315784580773,2.31318550949987,6.8e-19,3.6,0.34,0.61749,component_scaling,17,542867543932.3859,6.605924469380784,1388101862376623.5,3163310145313.295,1389424605816566.2,8.55510795807722e+16
ZnS_NIR,"ZnS, 0.8 $\mu$m",ZnS,NIR,2,0.8,100.0,0.17,1597043373789.4075,3.8514315784580773,2.31318550949987,6.8e-19,3.6,0.34,0.61749,component_scaling,18,686648845004.2998,5.873719401097089,2808006748572224.5,16434299193269.555,2814861145554247.5,1.737380433930673e+17
ZnS_NIR,"ZnS, 0.8 $\mu$m",ZnS,NIR,2,0.8,100.0,0.17,1597043373789.4075,3.8514315784580773,2.31318550949987,6.8e-19,3.6,0.34,0.61749,component_scaling,19,868511373751.352,5.2226724302917,5679817510664124.0,85856348131042.88,5715389698092599.0,3.549523706851938e+17
ZnS_NIR,"ZnS, 0.8 $\mu$m",ZnS,NIR,2,0.8,100.0,0.17,1597043373789.4075,3.8514315784580773,2.31318550949987,6.8e-19,3.6,0.34,0.61749,component_scaling,20,1098541141987.5573,4.643787939382049,1.1487301801488758e+16,455203223256668.6,1.167265666543439e+16,7.367987749263771e+17
ZnS_NIR,"ZnS, 0.8 $\mu$m",ZnS,NIR,2,0.8,100.0,0.17,1597043373789.4075,3.8514315784580773,2.31318550949987,6.8e-19,3.6,0.34,0.61749,component_scaling,21,1389495494373.136,4.129067391030253,2.3229136990470804e+16,2515104961155389.5,2.423142615145472e+16,1.5981563185505874e+18
ZnS_NIR,"ZnS, 0.8 $\mu$m",ZnS,NIR,2,0.8,100.0,0.17,1597043373789.4075,3.8514315784580773,2.31318550949987,6.8e-19,3.6,0.34,0.61749,component_scaling,22,1757510624854.7966,3.671398811104644,4.696321857490802e+16,1.5802820712762374e+16,5.302506245020772e+16,3.9820503267109473e+18
ZnS_NIR,"ZnS, 0.8 $\mu$m",ZnS,NIR,2,0.8,100.0,0.17,1597043373789.4075,3.8514315784580773,2.31318550949987,6.8e-19,3.6,0.34,0.61749,component_scaling,23,2222996482526.191,3.2644585214235105,9.492105663413386e+16,2.0033574075551936e+17,2.0867836631480403e+17,2.051053466597281e+19
ZnS_NIR,"ZnS, 0.8 $\mu$m",ZnS,NIR,2,0.8,100.0,0.17,1597043373789.4075,3.8514315784580773,2.31318550949987,6.8e-19,3.6,0.34,0.61749,component_scaling,24,2811768697974.237,2.9026237645068473,1.9178087921514342e+17,1.1748266643279792e+19,1.180056895874292e+19,5.591261423827532e+20
ZnS_NIR,"ZnS, 0.8 $\mu$m",ZnS,NIR,2,0.8,100.0,0.17,1597043373789.4075,3.8514315784580773,2.31318550949987,6.8e-19,3.6,0.34,0.61749,component_scaling,25,3556480306223.121,2.580895013059014,3.8728040802532326e+17,2.3942407015973765e+19,2.4259599382003487e+19,1.337453607851569e+21
ZnS_NIR,"ZnS, 0.8 $\mu$m",ZnS,NIR,2,0.8,100.0,0.17,1597043373789.4075,3.8514315784580773,2.31318550949987,6.8e-19,3.6,0.34,0.61749,component_scaling,26,4498432668969.453,2.294826890719872,7.816740488024547e+17,3.3471881878746292e+19,3.4240673813099176e+19,2.233745126195227e+21
ZnS_NIR,"ZnS, 0.8 $\mu$m",ZnS,NIR,2,0.8,100.0,0.17,1597043373789.4075,3.8514315784580773,2.31318550949987,6.8e-19,3.6,0.34,0.61749,component_scaling,27,5689866029018.305,2.0404667496060718,1.576000083637271e+18,4.314962259734381e+19,4.472562268098109e+19,3.328887096725687e+21
ZnS_NIR,"ZnS, 0.8 $\mu$m",ZnS,NIR,2,0.8,100.0,0.17,1597043373789.4075,3.8514315784580773,2.31318550949987,6.8e-19,3.6,0.34,0.61749,component_scaling,28,7196856730011.528,1.8143000559584275,3.172910173800835e+18,5.479319294753878e+19,5.796610312133962e+19,4.7128190224266685e+21
ZnS_NIR,"ZnS, 0.8 $\mu$m",ZnS,NIR,2,0.8,100.0,0.17,1597043373789.4075,3.8514315784580773,2.31318550949987,6.8e-19,3.6,0.34,0.61749,component_scaling,29,9102981779915.227,1.6132018292805987,6.373187595442065e+18,6.938487009023542e+19,7.575805768567749e+19,6.508932503735061e+21
ZnS_NIR,"ZnS, 0.8 $\mu$m",ZnS,NIR,2,0.8,100.0,0.17,1597043373789.4075,3.8514315784580773,2.31318550949987,6.8e-19,3.6,0.34,0.61749,component_scaling,30,11513953993264.48,1.4343934639959586,1.2754618772700262e+19,8.78009101761637e+19,1.0055552894886394e+20,8.904958722151364e+21
ZnS_NIR,"ZnS, 0.8 $\mu$m",ZnS,NIR,2,0.8,100.0,0.17,1597043373789.4075,3.8514315784580773,2.31318550949987,6.8e-19,3.6,0.34,0.61749,component_scaling,31,14563484775012.443,1.2754043370207764,2.5331871215439536e+19,1.1107767892637052e+20,1.3640955014181007e+20,1.2203289497943365e+22
ZnS_NIR,"ZnS, 0.8 $\mu$m",ZnS,NIR,2,0.8,100.0,0.17,1597043373789.4075,3.8514315784580773,2.31318550949987,6.8e-19,3.6,0.34,0.61749,component_scaling,32,18420699693267.164,1.134037670779563,4.950360709269744e+19,1.4051079219055508e+20,1.9001439928325253e+20,1.6899805365411185e+22
ZnS_NIR,"ZnS, 0.8 $\mu$m",ZnS,NIR,2,0.8,100.0,0.17,1597043373789.4075,3.8514315784580773,2.31318550949987,6.8e-19,3.6,0.34,0.61749,component_scaling,33,23299518105153.72,1.0083401799865346,9.282194009841408e+19,1.7773432939087285e+20,2.7055626948928694e+20,2.375359621026066e+22
ZnS_NIR,"ZnS, 0.8 $\mu$m",ZnS,NIR,2,0.8,100.0,0.17,1597043373789.4075,3.8514315784580773,2.31318550949987,6.8e-19,3.6,0.34,0.61749,component_scaling,34,29470517025518.098,0.8965750827980348,1.4820407270874697e+20,2.2481332341628463e+20,3.730173961250316e+20,3.3339648451942132e+22
ZnS_NIR,"ZnS, 0.8 $\mu$m",ZnS,NIR,2,0.8,100.0,0.17,1597043373789.4075,3.8514315784580773,2.31318550949987,6.8e-19,3.6,0.34,0.61749,component_scaling,35,37275937203149.38,0.7971981034267992,1.515093358510651e+20,2.843582066504098e+20,3.8947420356054155e+20,3.974142391372093e+22
ZnS_NIR,"ZnS, 0.8 $\mu$m",ZnS,NIR,2,0.8,100.0,0.17,1597043373789.4075,3.8514315784580773,2.31318550949987,6.8e-19,3.6,0.34,0.61749,component_scaling,36,47148663634573.9,0.7088361346424413,1.6483247350983885e+20,3.5967427186252526e+20,5.2450674537236405e+20,5.1537755571296475e+22
ZnS_NIR,"ZnS, 0.8 $\mu$m",ZnS,NIR,2,0.8,100.0,0.17,1597043373789.4075,3.8514315784580773,2.31318550949987,6.8e-19,3.6,0.34,0.61749,component_scaling,37,59636233165946.37,0.6302682653345942,3.5914582349706527e+20,4.549379422444915e+20,8.140837657415569e+20,7.237657957704434e+22
ZnS_NIR,"ZnS, 0.8 $\mu$m",ZnS,NIR,2,0.8,100.0,0.17,1597043373789.4075,3.8514315784580773,2.31318550949987,6.8e-19,3.6,0.34,0.61749,component_scaling,38,75431200633546.08,0.560408910993593,7.651385339097884e+20,5.7543210103739607e+20,1.3405706349471846e+21,1.0904678433911748e+23
ZnS_NIR,"ZnS, 0.8 $\mu$m",ZnS,NIR,2,0.8,100.0,0.17,1597043373789.4075,3.8514315784580773,2.31318550949987,6.8e-19,3.6,0.34,0.61749,component_scaling,39,95409547634999.64,0.49829281401991316,1.3896254577820204e+21,7.278391429381418e+20,2.1174646007201622e+21,1.6993168455188943e+23
ZnS_NIR,"ZnS, 0.8 $\mu$m",ZnS,NIR,2,0.8,100.0,0.17,1597043373789.4075,3.8514315784580773,2.31318550949987,6.8e-19,3.6,0.34,0.61749,component_scaling,40,120679264063932.64,0.4430617066093075,1.4099588751377008e+21,9.206113758708399e+20,2.1559622631783627e+21,2.0658988990143886e+23
ZnS_NIR,"ZnS, 0.8 $\mu$m",ZnS,NIR,2,0.8,100.0,0.17,1597043373789.4075,3.8514315784580773,2.31318550949987,6.8e-19,3.6,0.34,0.61749,component_scaling,41,152641796717523.66,0.3939524519326229,2.633629242279018e+21,1.1644404530588815e+21,3.7980696953378995e+21,3.0783515699155954e+23
ZnS_NIR,"ZnS, 0.8 $\mu$m",ZnS,NIR,2,0.8,100.0,0.17,1597043373789.4075,3.8514315784580773,2.31318550949987,6.8e-19,3.6,0.34,0.61749,component_scaling,42,193069772888324.56,0.35028649975516957,4.456520732834298e+21,1.4728487965890925e+21,5.895126181248062e+21,4.8472178802369376e+23
ZnS_NIR,"ZnS, 0.8 $\mu$m",ZnS,NIR,2,0.8,100.0,0.17,1597043373789.4075,3.8514315784580773,2.31318550949987,6.8e-19,3.6,0.34,0.61749,component_scaling,43,244205309454865.47,0.31146051080223564,5.552503864375727e+21,1.8629405578888935e+21,7.415444422264621e+21,6.271814660087994e+23
ZnS_NIR,"ZnS, 0.8 $\mu$m",ZnS,NIR,2,0.8,100.0,0.17,1597043373789.4075,3.8514315784580773,2.31318550949987,6.8e-19,3.6,0.34,0.61749,component_scaling,44,308884359647748.5,0.27693802032619746,9.750935569262514e+21,2.3563501657621395e+21,1.2052232845434475e+22,9.86107385731095e+23
ZnS_NIR,"ZnS, 0.8 $\mu$m",ZnS,NIR,2,0.8,100.0,0.17,1597043373789.4075,3.8514315784580773,2.31318550949987,6.8e-19,3.6,0.34,0.61749,component_scaling,45,390693993705462.06,0.24624202568938594,1.35816819065666e+22,2.9804418323158045e+21,1.6562123738882404e+22,1.3387902887028618e+24
ZnS_NIR,"ZnS, 0.8 $\mu$m",ZnS,NIR,2,0.8,100.0,0.17,1597043373789.4075,3.8514315784580773,2.31318550949987,6.8e-19,3.6,0.34,0.61749,component_scaling,46,494171336132383.8,0.21894839554421525,1.7637406126516675e+22,3.769827423900845e+21,2.0984726197933487e+22,1.8775985592607706e+24
ZnS_NIR,"ZnS, 0.8 $\mu$m",ZnS,NIR,2,0.8,100.0,0.17,1597043373789.4075,3.8514315784580773,2.31318550949987,6.8e-19,3.6,0.34,0.61749,component_scaling,47,625055192527397.6,0.19468000954417297,2.8543573206093047e+22,4.768285900226795e+21,3.307645163073236e+22,2.733912220475965e+24
ZnS_NIR,"ZnS, 0.8 $\mu$m",ZnS,NIR,2,0.8,100.0,0.17,1597043373789.4075,3.8514315784580773,2.31318550949987,6.8e-19,3.6,0.34,0.61749,component_scaling,48,790604321090770.1,0.17310154761314772,4.268080639603974e+22,6.031191306328713e+21,4.859239862144077e+22,4.008703534895646e+24
ZnS_NIR,"ZnS, 0.8 $\mu$m",ZnS,NIR,2,0.8,100.0,0.17,1597043373789.4075,3.8514315784580773,2.31318550949987,6.8e-19,3.6,0.34,0.61749,component_scaling,49,1000000000000000.0,0.15391485677561553,6.030856309283788e+22,7.628583793073875e+21,6.77485235458383e+22,5.628454904372911e+24
ZnSe_LWIR,"ZnSe, 9.2 $\mu$m",ZnSe,LWIR,1,9.2,2000.0,0.83,389866470660.35535,0.6626217480698271,2.4111508122363725,6.5e-19,2.7,0.17,0.6894100000000001,component_scaling,0,10000000000.0,4.1373630272402,5.471795913412918e-08,5.592037158970532e-30,5.471795913412918e-08,2.6019057685004474e-05
ZnSe_LWIR,"ZnSe, 9.2 $\mu$m",ZnSe,LWIR,1,9.2,2000.0,0.83,389866470660.35535,0.6626217480698271,2.4111508122363725,6.5e-19,2.7,0.17,0.6894100000000001,component_scaling,1,12648552168.552958,3.678774953471502,4.898667151182906e-06,6.262156686857272e-26,4.898667151182906e-06,0.0024564988612039637
ZnSe_LWIR,"ZnSe, 9.2 $\mu$m",ZnSe,LWIR,1,9.2,2000.0,0.83,389866470660.35535,0.6626217480698271,2.4111508122363725,6.5e-19,2.7,0.17,0.6894100000000001,component_scaling,2,15998587196.060574,3.2710170872572917,2.9695260788251335e-05,3.39044626798492e-24,2.9695260788251335e-05,0.017039169772701757
ZnSe_LWIR,"ZnSe, 9.2 $\mu$m",ZnSe,LWIR,1,9.2,2000.0,0.83,389866470660.35535,0.6626217480698271,2.4111508122363725,6.5e-19,2.7,0.17,0.6894100000000001,component_scaling,3,20235896477.251556,2.9084553745350656,0.003832702568672404,5.439839289307067e-20,0.003832702568672404,1.8038264761758138
ZnSe_LWIR,"ZnSe, 9.2 $\mu$m",ZnSe,LWIR,1,9.2,2000.0,0.83,389866470660.35535,0.6626217480698271,2.4111508122363725,6.5e-19,2.7,0.17,0.6894100000000001,component_scaling,4,25595479226.99533,2.5860802435473595,0.449020061561209,9.841265384314914e-16,0.4490200615612093,215.84353685221197
ZnSe_LWIR,"ZnSe, 9.2 $\mu$m",ZnSe,LWIR,1,9.2,2000.0,0.83,389866470660.35535,0.6626217480698271,2.4111508122363725,6.5e-19,2.7,0.17,0.6894100000000001,component_scaling,5,32374575428.1764,2.2994373868070976,3.9890328159323665,1.6517932347360118e-13,3.9890328159324224,2610.3973105452396
ZnSe_LWIR,"ZnSe, 9.2 $\mu$m",ZnSe,LWIR,1,9.2,2000.0,0.83,389866470660.35535,0.6626217480698271,2.4111508122363725,6.5e-19,2.7,0.17,0.6894100000000001,component_scaling,6,40949150623.80419,2.0445662152360136,486.10449244175527,1.8142111994486263e-09,486.1044924423251,231810.40273523598
ZnSe_LWIR,"ZnSe, 9.2 $\mu$m",ZnSe,LWIR,1,9.2,2000.0,0.83,389866470660.35535,0.6626217480698271,2.4111508122363725,6.5e-19,2.7,0.17,0.6894100000000001,component_scaling,7,51794746792.31202,1.8179451340873602,6076.911069774268,4.328931319376151e-07,6076.911069921343,3329057.314318631
ZnSe_LWIR,"ZnSe, 9.2 $\mu$m",ZnSe,LWIR,1,9.2,2000.0,0.83,389866470660.35535,0.6626217480698271,2.4111508122363725,6.5e-19,2.7,0.17,0.6894100000000001,component_scaling,8,65512855685.954956,1.6164428845217942,186707.59269088035,0.0005016890026075493,186707.59300154747,99039634.67307335
ZnSe_LWIR,"ZnSe, 9.2 $\mu$m",ZnSe,LWIR,1,9.2,2000.0,0.83,389866470660.35535,0.6626217480698271,2.4111508122363725,6.5e-19,2.7,0.17,0.6894100000000001,component_scaling,9,82864277285.4686,1.4372752785154035,4834301.265771393,0.40151706522636127,4834301.492289744,2476386320.6572065
ZnSe_LWIR,"ZnSe, 9.2 $\mu$m",ZnSe,LWIR,1,9.2,2000.0,0.83,389866470660.35535,0.6626217480698271,2.4111508122363725,6.5e-19,2.7,0.17,0.6894100000000001,component_scaling,10,104811313415.46873,1.2779667292993566,60427330.98698914,95.17930536102286,60427393.92529396,34279818492.89441
ZnSe_LWIR,"ZnSe, 9.2 $\mu$m",ZnSe,LWIR,1,9.2,2000.0,0.83,389866470660.35535,0.6626217480698271,2.4111508122363725,6.5e-19,2.7,0.17,0.6894100000000001,component_scaling,11,132571136559.0111,1.136316045791218,914486683.6124997,28333.64044861899,914496133.757904,528443906877.63385
ZnSe_LWIR,"ZnSe, 9.2 $\mu$m",ZnSe,LWIR,1,9.2,2000.0,0.83,389866470660.35535,0.6626217480698271,2.4111508122363725,6.5e-19,2.7,0.17,0.6894100000000001,component_scaling,12,167683293681.101,1.0103660183943097,11506408122.521881,5038730.207619223,11509478222.786379,6331046978370.0
ZnSe_LWIR,"ZnSe, 9.2 $\mu$m",ZnSe,LWIR,1,9.2,2000.0,0.83,389866470660.35535,0.6626217480698271,2.4111508122363725,6.5e-19,2.7,0.17,0.6894100000000001,component_scaling,13,212095088792.01926,0.8983763759273146,125252784997.18723,1006877086.8922356,125757676101.64417,79723616737547.16
ZnSe_LWIR,"ZnSe, 9.2 $\mu$m",ZnSe,LWIR,1,9.2,2000.0,0.83,389866470660.35535,0.6626217480698271,2.4111508122363725,6.5e-19,2.7,0.17,0.6894100000000001,component_scaling,14,268269579527.97272,0.798799740025818,824168308984.6146,54161072308.56485,855884940300.0076,565568422489073.9
ZnSe_LWIR,"ZnSe, 9.2 $\mu$m",ZnSe,LWIR,1,9.2,2000.0,0.83,389866470660.35535,0.6626217480698271,2.4111508122363725,6.5e-19,2.7,0.17,0.6894100000000001,component_scaling,15,339322177189.53296,0.7102602447740011,6272950880005.495,1.0164003636280774e+18,1.0164003638560566e+18,4.857717987025426e+20
ZnSe_LWIR,"ZnSe, 9.2 $\mu$m",ZnSe,LWIR,1,9.2,2000.0,0.83,389866470660.35535,0.6626217480698271,2.4111508122363725,6.5e-19,2.7,0.17,0.6894100000000001,component_scaling,16,429193426012.8778,0.6315345261505956,34569451515555.273,3.8303698201340636e+18,3.8304023652138225e+18,3.92228987557608e+21
ZnSe_LWIR,"ZnSe, 9.2 $\mu$m",ZnSe,LWIR,1,9.2,2000.0,0.83,389866470660.35535,0.6626217480698271,2.4111508122363725,6.5e-19,2.7,0.17,0.6894100000000001,component_scaling,17,542867543932.3859,0.5615348186173134,166199254155316.88,4.865953016096492e+18,4.866061800959196e+18,6.726065134929944e+21
ZnSe_LWIR,"ZnSe, 9.2 $\mu$m",ZnSe,LWIR,1,9.2,2000.0,0.83,389866470660.35535,0.6626217480698271,2.4111508122363725,6.5e-19,2.7,0.17,0.6894100000000001,component_scaling,18,686648845004.2998,0.4992939252926728,742734408861018.8,6.154743622997548e+18,6.155219728930353e+18,9.833060664260057e+21
ZnSe_LWIR,"ZnSe, 9.2 $\mu$m",ZnSe,LWIR,1,9.2,2000.0,0.83,389866470660.35535,0.6626217480698271,2.4111508122363725,6.5e-19,2.7,0.17,0.6894100000000001,component_scaling,19,868511373751.352,0.4439518540417698,2641323599513567.0,7.784863566006705e+18,7.787504889606218e+18,1.3553879822971481e+22
ZnSe_LWIR,"ZnSe, 9.2 $\mu$m",ZnSe,LWIR,1,9.2,2000.0,0.83,389866470660.35535,0.6626217480698271,2.4111508122363725,6.5e-19,2.7,0.17,0.6894100000000001,component_scaling,20,1098541141987.5573,0.3947439348307593,9970683254700698.0,9.84672699395702e+18,9.856697677211722e+18,1.8137145321784196e+22
ZnSe_LWIR,"ZnSe, 9.2 $\mu$m",ZnSe,LWIR,1,9.2,2000.0,0.83,389866470660.35535,0.6626217480698271,2.4111508122363725,6.5e-19,2.7,0.17,0.6894100000000001,component_scaling,21,1389495494373.136,0.35099025416168206,2.962077740061109e+16,1.2454684935739998e+19,1.2484305713140607e+19,2.3856517895226724e+22
ZnSe_LWIR,"ZnSe, 9.2 $\mu$m",ZnSe,LWIR,1,9.2,2000.0,0.83,389866470660.35535,0.6626217480698271,2.4111508122363725,6.5e-19,2.7,0.17,0.6894100000000001,component_scaling,22,1757510624854.7966,0.3120862606015711,8.467328518511498e+16,1.5753373792270445e+19,1.5827709672091808e+19,3.105319018133718e+22
ZnSe_LWIR,"ZnSe, 9.2 $\mu$m",ZnSe,LWIR,1,9.2,2000.0,0.83,389866470660.35535,0.6626217480698271,2.4111508122363725,6.5e-19,2.7,0.17,0.6894100000000001,component_scaling,23,2222996482526.191,0.27749441160097355,2.3550721599850192e+17,1.9925737411630047e+19,2.015839293071595e+19,4.018476230011889e+22
ZnSe_LWIR,"ZnSe, 9.2 $\mu$m",ZnSe,LWIR,1,9.2,2000.0,0.83,389866470660.35535,0.6626217480698271,2.4111508122363725,6.5e-19,2.7,0.17,0.6894100000000001,component_scaling,24,2811768697974.237,0.24673674618466224,5.3938598288189184e+17,2.520317318738569e+19,2.5742559170267582e+19,5.184536055847454e+22
ZnSe_LWIR,"ZnSe, 9.2 $\mu$m",ZnSe,LWIR,1,9.2,2000.0,0.83,389866470660.35535,0.6626217480698271,2.4111508122363725,6.5e-19,2.7,0.17,0.6894100000000001,component_scaling,25,3556480306223.121,0.2193882808902704,1.2706972691831032e+18,3.1878365285671133e+19,3.303716851418017e+19,6.690859568987555e+22
ZnSe_LWIR,"ZnSe, 9.2 $\mu$m",ZnSe,LWIR,1,9.2,2000.0,0.83,389866470660.35535,0.6626217480698271,2.4111508122363725,6.5e-19,2.7,0.17,0.6894100000000001,component_scaling,26,4498432668969.453,0.19507113770547058,2.745427298188655e+18,4.032151678366041e+19,4.28953602349957e+19,8.663590058117668e+22
ZnSe_LWIR,"ZnSe, 9.2 $\mu$m",ZnSe,LWIR,1,9.2,2000.0,0.83,389866470660.35535,0.6626217480698271,2.4111508122363725,6.5e-19,2.7,0.17,0.6894100000000001,component_scaling,27,5689866029018.305,0.17344932286852305,5.871056102925047e+18,5.100088096602305e+19,5.6871937068948095e+19,1.1297455903272767e+23
ZnSe_LWIR,"ZnSe, 9.2 $\mu$m",ZnSe,LWIR,1,9.2,2000.0,0.83,389866470660.35535,0.6626217480698271,2.4111508122363725,6.5e-19,2.7,0.17,0.6894100000000001,component_scaling,28,7196856730011.528,0.1542240843900377,1.1449338129003573e+19,6.45087304369507e+19,7.592218778088846e+19,1.4861111724399043e+23
ZnSe_LWIR,"ZnSe, 9.2 $\mu$m",ZnSe,LWIR,1,9.2,2000.0,0.83,389866470660.35535,0.6626217480698271,2.4111508122363725,6.5e-19,2.7,0.17,0.6894100000000001,component_scaling,29,9102981779915.227,0.13712978415012247,2.158236551162087e+19,8.159420428735986e+19,1.0317656979898073e+20,1.9769708971895042e+23
ZnSe_LWIR,"ZnSe, 9.2 $\mu$m",ZnSe,LWIR,1,9.2,2000.0,0.83,389866470660.35535,0.6626217480698271,2.4111508122363725,6.5e-19,2.7,0.17,0.6894100000000001,component_scaling,30,11513953993264.48,0.12193022753503141,3.884044388958867e+19,1.0320485500295271e+20,1.4204529889254138e+20,2.6645854131339563e+23
ZnSe_LWIR,"ZnSe, 9.2 $\mu$m",ZnSe,LWIR,1,9.2,2000.0,0.83,389866470660.35535,0.6626217480698271,2.4111508122363725,6.5e-19,2.7,0.17,0.6894100000000001,component_scaling,31,14563484775012.443,0.10841539989933144,6.831661939851123e+19,1.3053919928740236e+20,1.9878321069321873e+20,3.643450990380081e+23
ZnSe_LWIR,"ZnSe, 9.2 $\mu$m",ZnSe,LWIR,1,9.2,2000.0,0.83,389866470660.35535,0.6626217480698271,2.4111508122363725,6.5e-19,2.7,0.17,0.6894100000000001,component_scaling,32,18420699693267.164,0.09639856476077663,1.1533491665235676e+20,1.651131872449841e+20,2.8044810389734087e+20,5.0429489369391384e+23
ZnSe_LWIR,"ZnSe, 9.2 $\mu$m",ZnSe,LWIR,1,9.2,2000.0,0.83,389866470660.35535,0.6626217480698271,2.4111508122363725,6.5e-19,2.7,0.17,0.6894100000000001,component_scaling,33,23299518105153.72,0.08571368363319529,1.9061846384627073e+20,2.0884427627335454e+20,3.987667333786873e+20,7.060703901068962e+23
ZnSe_LWIR,"ZnSe, 9.2 $\mu$m",ZnSe,LWIR,1,9.2,2000.0,0.83,389866470660.35535,0.6626217480698271,2.4111508122363725,6.5e-19,2.7,0.17,0.6894100000000001,component_scaling,34,29470517025518.098,0.07621312184681844,3.087332567426882e+20,2.641577723645348e+20,5.721954380234875e+20,9.987279004603116e+23
ZnSe_LWIR,"ZnSe, 9.2 $\mu$m",ZnSe,LWIR,1,9.2,2000.0,0.83,389866470660.35535,0.6626217480698271,2.4111508122363725,6.5e-19,2.7,0.17,0.6894100000000001,component_scaling,35,37275937203149.38,0.06776560865701141,4.900729075677144e+20,3.341213364544366e+20,8.24194244022151e+20,1.423114655662106e+24
ZnSe_LWIR,"ZnSe, 9.2 $\mu$m",ZnSe,LWIR,1,9.2,2000.0,0.83,389866470660.35535,0.6626217480698271,2.4111508122363725,6.5e-19,2.7,0.17,0.6894100000000001,component_scaling,36,47148663634573.9,0.06025442345591204,7.638557699004976e+20,4.226151154809766e+20,1.1857660816543457e+21,2.033766333712992e+24
ZnSe_LWIR,"ZnSe, 9.2 $\mu$m",ZnSe,LWIR,1,9.2,2000.0,0.83,389866470660.35535,0.6626217480698271,2.4111508122363725,6.5e-19,2.7,0.17,0.6894100000000001,component_scaling,37,59636233165946.37,0.053575783025579325,1.1660372498940288e+21,5.345469335404515e+20,1.69880272082196e+21,2.912731722490288e+24
ZnSe_LWIR,"ZnSe, 9.2 $\mu$m",ZnSe,LWIR,1,9.2,2000.0,0.83,389866470660.35535,0.6626217480698271,2.4111508122363725,6.5e-19,2.7,0.17,0.6894100000000001,component_scaling,38,75431200633546.08,0.04763740754907712,1.7616043810110185e+21,6.76124477544145e+20,2.4377288585551633e+21,4.174682019640197e+24
ZnSe_LWIR,"ZnSe, 9.2 $\mu$m",ZnSe,LWIR,1,9.2,2000.0,0.83,389866470660.35535,0.6626217480698271,2.4111508122363725,6.5e-19,2.7,0.17,0.6894100000000001,component_scaling,39,95409547634999.64,0.04235724556584446,2.6303128068036483e+21,8.55199572666197e+20,3.485512379469845e+21,5.968937827044893e+24
ZnSe_LWIR,"ZnSe, 9.2 $\mu$m",ZnSe,LWIR,1,9.2,2000.0,0.83,389866470660.35535,0.6626217480698271,2.4111508122363725,6.5e-19,2.7,0.17,0.6894100000000001,component_scaling,40,120679264063932.64,0.03766234025386244,3.8601767636485307e+21,1.0817036409398204e+21,4.940076425671889e+21,8.505484606954745e+24
ZnSe_LWIR,"ZnSe, 9.2 $\mu$m",ZnSe,LWIR,1,9.2,2000.0,0.83,389866470660.35535,0.6626217480698271,2.4111508122363725,6.5e-19,2.7,0.17,0.6894100000000001,component_scaling,41,152641796717523.66,0.0334878213738595,5.611118240053636e+21,1.3681984933344555e+21,6.977034961244479e+21,1.2083135097108214e+25
ZnSe_LWIR,"ZnSe, 9.2 $\mu$m",ZnSe,LWIR,1,9.2,2000.0,0.83,389866470660.35535,0.6626217480698271,2.4111508122363725,6.5e-19,2.7,0.17,0.6894100000000001,component_scaling,42,193069772888324.56,0.029776008947094503,8.087639755757458e+21,1.7305730019878526e+21,9.815326646345765e+21,1.7090659694500834e+25
ZnSe_LWIR,"ZnSe, 9.2 $\mu$m",ZnSe,LWIR,1,9.2,2000.0,0.83,389866470660.35535,0.6626217480698271,2.4111508122363725,6.5e-19,2.7,0.17,0.6894100000000001,component_scaling,43,244205309454865.47,0.026475616282089172,1.157804629878077e+22,2.188924289713411e+21,1.3766970588494182e+22,2.4083543741456936e+25
ZnSe_LWIR,"ZnSe, 9.2 $\mu$m",ZnSe,LWIR,1,9.2,2000.0,0.83,389866470660.35535,0.6626217480698271,2.4111508122363725,6.5e-19,2.7,0.17,0.6894100000000001,component_scaling,44,308884359647748.5,0.0235410413384103,1.63727081162765e+22,2.7686723071453676e+21,1.9141380423421866e+22,3.377724936606999e+25
ZnSe_LWIR,"ZnSe, 9.2 $\mu$m",ZnSe,LWIR,1,9.2,2000.0,0.83,389866470660.35535,0.6626217480698271,2.4111508122363725,6.5e-19,2.7,0.17,0.6894100000000001,component_scaling,45,390693993705462.06,0.02093173663616085,2.300815171131553e+22,3.5019696114556606e+21,2.650817347116235e+22,4.712377129551712e+25
ZnSe_LWIR,"ZnSe, 9.2 $\mu$m",ZnSe,LWIR,1,9.2,2000.0,0.83,389866470660.35535,0.6626217480698271,2.4111508122363725,6.5e-19,2.7,0.17,0.6894100000000001,component_scaling,46,494171336132383.8,0.01861164900512363,3.2244180137563287e+22,4.4294845323184434e+21,3.6673664669881733e+22,6.556555889775827e+25
ZnSe_LWIR,"ZnSe, 9.2 $\mu$m",ZnSe,LWIR,1,9.2,2000.0,0.83,389866470660.35535,0.6626217480698271,2.4111508122363725,6.5e-19,2.7,0.17,0.6894100000000001,component_scaling,47,625055192527397.6,0.01654872143248275,4.4667714933155755e+22,5.602656618682846e+21,5.02703715518386e+22,9.074507017188636e+25
ZnSe_LWIR,"ZnSe, 9.2 $\mu$m",ZnSe,LWIR,1,9.2,2000.0,0.83,389866470660.35535,0.6626217480698271,2.4111508122363725,6.5e-19,2.7,0.17,0.6894100000000001,component_scaling,48,790604321090770.1,0.014714450126075475,6.199633607438334e+22,7.086549452389863e+21,6.90828855267732e+22,1.2517187676400632e+26
ZnSe_LWIR,"ZnSe, 9.2 $\mu$m",ZnSe,LWIR,1,9.2,2000.0,0.83,389866470660.35535,0.6626217480698271,2.4111508122363725,6.5e-19,2.7,0.17,0.6894100000000001,component_scaling,49,1000000000000000.0,0.013083490673048303,8.52783922269598e+22,8.963459044358366e+21,9.424185127131817e+22,1.719632361540984e+26
ZnS_LWIR,"ZnS, 9.2 $\mu$m",ZnS,LWIR,2,9.2,2000.0,1.19,558965180826.2925,0.5533899291179745,2.2105091503791647,4e-19,3.6,0.34,0.73307,component_scaling,0,10000000000.0,4.1373630272402,1.2062645486976508e-26,3.8442484865176795e-68,1.2062645486976508e-26,4.908820397399438e-24
ZnS_LWIR,"ZnS, 9.2 $\mu$m",ZnS,LWIR,2,9.2,2000.0,1.19,558965180826.2925,0.5533899291179745,2.2105091503791647,4e-19,3.6,0.34,0.73307,component_scaling,1,12648552168.552958,3.678774953471502,7.719180231627676e-24,1.994042321613901e-62,7.719180231627676e-24,3.1417163357704658e-21
ZnS_LWIR,"ZnS, 9.2 $\mu$m",ZnS,LWIR,2,9.2,2000.0,1.19,558965180826.2925,0.5533899291179745,2.2105091503791647,4e-19,3.6,0.34,0.73307,component_scaling,2,15998587196.060574,3.2710170872572917,4.832283165054989e-21,9.916659867081188e-57,4.832283165054989e-21,1.9702652642087772e-18
ZnS_LWIR,"ZnS, 9.2 $\mu$m",ZnS,LWIR,2,9.2,2000.0,1.19,558965180826.2925,0.5533899291179745,2.2105091503791647,4e-19,3.6,0.34,0.73307,component_scaling,3,20235896477.251556,2.9084553745350656,2.9427577012187595e-18,4.6732594440740783e-51,2.9427577012187595e-18,1.2028597602841022e-15
ZnS_LWIR,"ZnS, 9.2 $\mu$m",ZnS,LWIR,2,9.2,2000.0,1.19,558965180826.2925,0.5533899291179745,2.2105091503791647,4e-19,3.6,0.34,0.73307,component_scaling,4,25595479226.99533,2.5860802435473595,1.6897779525762682e-15,1.974722270766482e-45,1.6897779525762682e-15,6.955730568540802e-13
ZnS_LWIR,"ZnS, 9.2 $\mu$m",ZnS,LWIR,2,9.2,2000.0,1.19,558965180826.2925,0.5533899291179745,2.2105091503791647,4e-19,3.6,0.34,0.73307,component_scaling,5,32374575428.1764,2.2994373868070976,6.405817836247062e-13,4.202019021399838e-40,6.405817836247062e-13,2.8645627692832e-10
ZnS_LWIR,"ZnS, 9.2 $\mu$m",ZnS,LWIR,2,9.2,2000.0,1.19,558965180826.2925,0.5533899291179745,2.2105091503791647,4e-19,3.6,0.34,0.73307,component_scaling,6,40949150623.80419,2.0445662152360136,2.087932680630107e-11,4.8483317522388565e-37,2.087932680630107e-11,8.700882087538647e-09
ZnS_LWIR,"ZnS, 9.2 $\mu$m",ZnS,LWIR,2,9.2,2000.0,1.19,558965180826.2925,0.5533899291179745,2.2105091503791647,4e-19,3.6,0.34,0.73307,component_scaling,7,51794746792.31202,1.8179451340873602,1.2395671507305022e-08,2.1431880322913934e-31,1.2395671507305022e-08,5.092854007805987e-06
ZnS_LWIR,"ZnS, 9.2 $\mu$m",ZnS,LWIR,2,9.2,2000.0,1.19,558965180826.2925,0.5533899291179745,2.2105091503791647,4e-19,3.6,0.34,0.73307,component_scaling,8,65512855685.954956,1.6164428845217942,6.409704134654552e-07,1.0930364917626411e-27,6.409704134654552e-07,0.00033490249102399494
ZnS_LWIR,"ZnS, 9.2 $\mu$m",ZnS,LWIR,2,9.2,2000.0,1.19,558965180826.2925,0.5533899291179745,2.2105091503791647,4e-19,3.6,0.34,0.73307,component_scaling,9,82864277285.4686,1.4372752785154035,0.0002531150607920423,1.4492062703802765e-22,0.0002531150607920423,0.10476132554499536
ZnS_LWIR,"ZnS, 9.2 $\mu$m",ZnS,LWIR,2,9.2,2000.0,1.19,558965180826.2925,0.5533899291179745,2.2105091503791647,4e-19,3.6,0.34,0.73307,component_scaling,10,104811313415.46873,1.2779667292993566,0.012679674801429971,4.764947730957626e-19,0.012679674801429971,5.475577044591675
ZnS_LWIR,"ZnS, 9.2 $\mu$m",ZnS,LWIR,2,9.2,2000.0,1.19,558965180826.2925,0.5533899291179745,2.2105091503791647,4e-19,3.6,0.34,0.73307,component_scaling,11,132571136559.0111,1.136316045791218,0.7769246689746958,3.119886291661422e-15,0.7769246689746968,397.2630947887522
ZnS_LWIR,"ZnS, 9.2 $\mu$m",ZnS,LWIR,2,9.2,2000.0,1.19,558965180826.2925,0.5533899291179745,2.2105091503791647,4e-19,3.6,0.34,0.73307,component_scaling,12,167683293681.101,1.0103660183943097,56.4923069757337,1.953456860184691e-11,56.492306975740036,27904.77901884583
ZnS_LWIR,"ZnS, 9.2 $\mu$m",ZnS,LWIR,2,9.2,2000.0,1.19,558965180826.2925,0.5533899291179745,2.2105091503791647,4e-19,3.6,0.34,0.73307,component_scaling,13,212095088792.01926,0.8983763759273146,4616.167449396837,1.305357732587753e-07,4616.16744943916,2018087.373956769
ZnS_LWIR,"ZnS, 9.2 $\mu$m",ZnS,LWIR,2,9.2,2000.0,1.19,558965180826.2925,0.5533899291179745,2.2105091503791647,4e-19,3.6,0.34,0.73307,component_scaling,14,268269579527.97272,0.798799740025818,105569.0305215286,0.00012645683845128355,105569.03061473012,56113514.07444325
ZnS_LWIR,"ZnS, 9.2 $\mu$m",ZnS,LWIR,2,9.2,2000.0,1.19,558965180826.2925,0.5533899291179745,2.2105091503791647,4e-19,3.6,0.34,0.73307,component_scaling,15,339322177189.53296,0.7102602447740011,4229945.812603104,0.1967622963557007,4229945.919622825,1979702263.35282
ZnS_LWIR,"ZnS, 9.2 $\mu$m",ZnS,LWIR,2,9.2,2000.0,1.19,558965180826.2925,0.5533899291179745,2.2105091503791647,4e-19,3.6,0.34,0.73307,component_scaling,16,429193426012.8778,0.6315345261505956,73742868.52975738,104.02223526664201,73742944.60726078,40788483393.08185
ZnS_LWIR,"ZnS, 9.2 $\mu$m",ZnS,LWIR,2,9.2,2000.0,1.19,558965180826.2925,0.5533899291179745,2.2105091503791647,4e-19,3.6,0.34,0.73307,component_scaling,17,542867543932.3859,0.5615348186173134,1955704477.1320078,77695.45561212489,1955729931.788454,983995757093.4154
ZnS_LWIR,"ZnS, 9.2 $\mu$m",ZnS,LWIR,2,9.2,2000.0,1.19,558965180826.2925,0.5533899291179745,2.2105091503791647,4e-19,3.6,0.34,0.73307,component_scaling,18,686648845004.2998,0.4992939252926728,26338223796.22667,19348187.121319916,26344645180.49373,13942701820928.145
ZnS_LWIR,"ZnS, 9.2 $\mu$m",ZnS,LWIR,2,9.2,2000.0,1.19,558965180826.2925,0.5533899291179745,2.2105091503791647,4e-19,3.6,0.34,0.73307,component_scaling,19,868511373751.352,0.4439518540417698,211661675051.47025,2223707598.1782155,213220566846.96896,136153978878206.64
ZnS_LWIR,"ZnS, 9.2 $\mu$m",ZnS,LWIR,2,9.2,2000.0,1.19,558965180826.2925,0.5533899291179745,2.2105091503791647,4e-19,3.6,0.34,0.73307,component_scaling,20,1098541141987.5573,0.3947439348307593,1920922142014.7031,315272059330.25305,2121217614133.41,1697045602330152.8
ZnS_LWIR,"ZnS, 9.2 $\mu$m",ZnS,LWIR,2,9.2,2000.0,1.19,558965180826.2925,0.5533899291179745,2.2105091503791647,4e-19,3.6,0.34,0.73307,component_scaling,21,1389495494373.136,0.35099025416168206,16856828571295.268,9.207452132933555e+18,9.207455199446559e+18,6.555310612945696e+21
ZnS_LWIR,"ZnS, 9.2 $\mu$m",ZnS,LWIR,2,9.2,2000.0,1.19,558965180826.2925,0.5533899291179745,2.2105091503791647,4e-19,3.6,0.34,0.73307,component_scaling,22,1757510624854.7966,0.3120862606015711,96251068837237.22,1.4029928399406e+19,1.4030024650474838e+19,1.68522407289718e+22
ZnS_LWIR,"ZnS, 9.2 $\mu$m",ZnS,LWIR,2,9.2,2000.0,1.19,558965180826.2925,0.5533899291179745,2.2105091503791647,4e-19,3.6,0.34,0.73307,component_scaling,23,2222996482526.191,0.27749441160097355,580068543561001.5,1.7746001691600476e+19,1.7746581760144038e+19,2.643839141753731e+22
ZnS_LWIR,"ZnS, 9.2 $\mu$m",ZnS,LWIR,2,9.2,2000.0,1.19,558965180826.2925,0.5533899291179745,2.2105091503791647,4e-19,3.6,0.34,0.73307,component_scaling,24,2811768697974.237,0.24673674618466224,2753034836969588.5,2.2446134338671956e+19,2.2448887373508927e+19,3.748790566727453e+22
ZnS_LWIR,"ZnS, 9.2 $\mu$m",ZnS,LWIR,2,9.2,2000.0,1.19,558965180826.2925,0.5533899291179745,2.2105091503791647,4e-19,3.6,0.34,0.73307,component_scaling,25,3556480306223.121,0.2193882808902704,1.1268126561860034e+16,2.839111385998579e+19,2.8402381986547646e+19,5.089297345815464e+22
ZnS_LWIR,"ZnS, 9.2 $\mu$m",ZnS,LWIR,2,9.2,2000.0,1.19,558965180826.2925,0.5533899291179745,2.2105091503791647,4e-19,3.6,0.34,0.73307,component_scaling,26,4498432668969.453,0.19507113770547058,3.984593480293274e+16,3.591065029869971e+19,3.5946301261376225e+19,6.74953364840203e+22
ZnS_LWIR,"ZnS, 9.2 $\mu$m",ZnS,LWIR,2,9.2,2000.0,1.19,558965180826.2925,0.5533899291179745,2.2105091503791647,4e-19,3.6,0.34,0.73307,component_scaling,27,5689866029018.305,0.17344932286852305,1.2387480451209883e+17,4.542177443458647e+19,4.553494930632017e+19,8.827836363150072e+22
ZnS_LWIR,"ZnS, 9.2 $\mu$m",ZnS,LWIR,2,9.2,2000.0,1.19,558965180826.2925,0.5533899291179745,2.2105091503791647,4e-19,3.6,0.34,0.73307,component_scaling,28,7196856730011.528,0.1542240843900377,3.760850677051513e+17,5.745196904035604e+19,5.776742965723377e+19,1.1450088586365914e+23
ZnS_LWIR,"ZnS, 9.2 $\mu$m",ZnS,LWIR,2,9.2,2000.0,1.19,558965180826.2925,0.5533899291179745,2.2105091503791647,4e-19,3.6,0.34,0.73307,component_scaling,29,9102981779915.227,0.13712978415012247,9.902522415704269e+17,7.26684232330225e+19,7.363360892371953e+19,1.4784860397909947e+23
ZnS_LWIR,"ZnS, 9.2 $\mu$m",ZnS,LWIR,2,9.2,2000.0,1.19,558965180826.2925,0.5533899291179745,2.2105091503791647,4e-19,3.6,0.34,0.73307,component_scaling,30,11513953993264.48,0.12193022753503141,2.491755077651056e+18,9.191503456668454e+19,9.44067896443356e+19,1.9069362611105336e+23
ZnS_LWIR,"ZnS, 9.2 $\mu$m",ZnS,LWIR,2,9.2,2000.0,1.19,558965180826.2925,0.5533899291179745,2.2105091503791647,4e-19,3.6,0.34,0.73307,component_scaling,31,14563484775012.443,0.10841539989933144,5.909872603433139e+18,1.162592112293802e+20,1.2216908383281334e+20,2.4647815516739137e+23
ZnS_LWIR,"ZnS, 9.2 $\mu$m",ZnS,LWIR,2,9.2,2000.0,1.19,558965180826.2925,0.5533899291179745,2.2105091503791647,4e-19,3.6,0.34,0.73307,component_scaling,32,18420699693267.164,0.09639856476077663,1.3436234575418995e+19,1.4705107001831904e+20,1.60487304593738e+20,3.204720154065558e+23
ZnS_LWIR,"ZnS, 9.2 $\mu$m",ZnS,LWIR,2,9.2,2000.0,1.19,558965180826.2925,0.5533899291179745,2.2105091503791647,4e-19,3.6,0.34,0.73307,component_scaling,33,23299518105153.72,0.08571368363319529,2.706933219451173e+19,1.859983131976333e+20,2.1297501728682544e+20,4.2033969067148836e+23
ZnS_LWIR,"ZnS, 9.2 $\mu$m",ZnS,LWIR,2,9.2,2000.0,1.19,558965180826.2925,0.5533899291179745,2.2105091503791647,4e-19,3.6,0.34,0.73307,component_scaling,34,29470517025518.098,0.07621312184681844,5.533369181275602e+19,2.352609368799462e+20,2.9020227930734952e+20,5.589685493206592e+23
ZnS_LWIR,"ZnS, 9.2 $\mu$m",ZnS,LWIR,2,9.2,2000.0,1.19,558965180826.2925,0.5533899291179745,2.2105091503791647,4e-19,3.6,0.34,0.73307,component_scaling,35,37275937203149.38,0.06776560865701141,1.0421001698722167e+20,2.9757102341241556e+20,4.0066234685253694e+20,7.544051458797722e+23
ZnS_LWIR,"ZnS, 9.2 $\mu$m",ZnS,LWIR,2,9.2,2000.0,1.19,558965180826.2925,0.5533899291179745,2.2105091503791647,4e-19,3.6,0.34,0.73307,component_scaling,36,47148663634573.9,0.06025442345591204,1.909403891422505e+20,3.76384261403716e+20,5.667299549299309e+20,1.0366433622130936e+24
ZnS_LWIR,"ZnS, 9.2 $\mu$m",ZnS,LWIR,2,9.2,2000.0,1.19,558965180826.2925,0.5533899291179745,2.2105091503791647,4e-19,3.6,0.34,0.73307,component_scaling,37,59636233165946.37,0.053575783025579325,3.362293979721577e+20,4.7607159661700684e+20,8.123009945891646e+20,1.4489650084960108e+24
ZnS_LWIR,"ZnS, 9.2 $\mu$m",ZnS,LWIR,2,9.2,2000.0,1.19,558965180826.2925,0.5533899291179745,2.2105091503791647,4e-19,3.6,0.34,0.73307,component_scaling,38,75431200633546.08,0.04763740754907712,5.861836954239235e+20,6.021616426031613e+20,1.1880104060743223e+21,2.0587639018178714e+24
ZnS_LWIR,"ZnS, 9.2 $\mu$m",ZnS,LWIR,2,9.2,2000.0,1.19,558965180826.2925,0.5533899291179745,2.2105091503791647,4e-19,3.6,0.34,0.73307,component_scaling,39,95409547634999.64,0.04235724556584446,9.701722848464815e+20,7.6164729505299e+20,1.7305493653890565e+21,2.955477028242644e+24
ZnS_LWIR,"ZnS, 9.2 $\mu$m",ZnS,LWIR,2,9.2,2000.0,1.19,558965180826.2925,0.5533899291179745,2.2105091503791647,4e-19,3.6,0.34,0.73307,component_scaling,40,120679264063932.64,0.03766234025386244,1.587059363060053e+21,9.633735545616108e+20,2.548826280170775e+21,4.2869372141065597e+24
ZnS_LWIR,"ZnS, 9.2 $\mu$m",ZnS,LWIR,2,9.2,2000.0,1.19,558965180826.2925,0.5533899291179745,2.2105091503791647,4e-19,3.6,0.34,0.73307,component_scaling,41,152641796717523.66,0.0334878213738595,2.530778641827409e+21,1.2185280662738268e+21,3.747274544339344e+21,6.256044954011695e+24
ZnS_LWIR,"ZnS, 9.2 $\mu$m",ZnS,LWIR,2,9.2,2000.0,1.19,558965180826.2925,0.5533899291179745,2.2105091503791647,4e-19,3.6,0.34,0.73307,component_scaling,42,193069772888324.56,0.029776008947094503,3.9258897722800656e+21,1.5412615815146937e+21,5.458600035470665e+21,9.147465742341972e+24
ZnS_LWIR,"ZnS, 9.2 $\mu$m",ZnS,LWIR,2,9.2,2000.0,1.19,558965180826.2925,0.5533899291179745,2.2105091503791647,4e-19,3.6,0.34,0.73307,component_scaling,43,244205309454865.47,0.026475616282089172,6.029731997276629e+21,1.9494727519196697e+21,7.9792047491963e+21,1.3369758547373085e+25
ZnS_LWIR,"ZnS, 9.2 $\mu$m",ZnS,LWIR,2,9.2,2000.0,1.19,558965180826.2925,0.5533899291179745,2.2105091503791647,4e-19,3.6,0.34,0.73307,component_scaling,44,308884359647748.5,0.0235410413384103,9.184011153733356e+21,2.4658007803841143e+21,1.1645699668565555e+22,1.9477434877838193e+25
ZnS_LWIR,"ZnS, 9.2 $\mu$m",ZnS,LWIR,2,9.2,2000.0,1.19,558965180826.2925,0.5533899291179745,2.2105091503791647,4e-19,3.6,0.34,0.73307,component_scaling,45,390693993705462.06,0.02093173663616085,1.3686619797423454e+22,3.1188809807954575e+21,1.6800299357682409e+22,2.8257013393930704e+25
ZnS_LWIR,"ZnS, 9.2 $\mu$m",ZnS,LWIR,2,9.2,2000.0,1.19,558965180826.2925,0.5533899291179745,2.2105091503791647,4e-19,3.6,0.34,0.73307,component_scaling,46,494171336132383.8,0.01861164900512363,2.0184219930555526e+22,3.9449328793103436e+21,2.412257376596518e+22,4.082953666487744e+25
ZnS_LWIR,"ZnS, 9.2 $\mu$m",ZnS,LWIR,2,9.2,2000.0,1.19,558965180826.2925,0.5533899291179745,2.2105091503791647,4e-19,3.6,0.34,0.73307,component_scaling,47,625055192527397.6,0.01654872143248275,2.9282914224301014e+22,4.989768932539941e+21,3.4256053958837757e+22,5.862104402535173e+25
ZnS_LWIR,"ZnS, 9.2 $\mu$m",ZnS,LWIR,2,9.2,2000.0,1.19,558965180826.2925,0.5533899291179745,2.2105091503791647,4e-19,3.6,0.34,0.73307,component_scaling,48,790604321090770.1,0.014714450126075475,4.220452631994642e+22,6.311335265225786e+21,4.851586158517221e+22,8.376198295715642e+25
ZnS_LWIR,"ZnS, 9.2 $\mu$m",ZnS,LWIR,2,9.2,2000.0,1.19,558965180826.2925,0.5533899291179745,2.2105091503791647,4e-19,3.6,0.34,0.73307,component_scaling,49,1000000000000000.0,0.013083490673048303,6.038820556909538e+22,7.982925335543741e+21,6.837113090463913e+22,1.189338314415727e+26
