short,name,material,region,mat_flag,wavelength_um,tau_fs,F0_jcm2,beam_diameter_a_um,beam_diameter_b_um,beam_diameter_definition,fluence_basis,reference_I0_wcm2,I0_wcm2,n0,n2_m2_per_w,Eg_eV,mred_over_me,reduced_mass_definition,kappa_recorded_not_used,transmission_factor,reference_file,diagnostic_only,parameter_status,dataset,point_index,I_wcm2,gamma_ge_reference,Wpi_peak_cm3_fs,Wav_peak_cm3_fs,Wtotal_peak_cm3_fs,ne_max_cm3
Ge_NIR,"Ge, 0.8 $\mu$m",Germanium (Ge),NIR,1,0.8,100.0,0.0485,162.1,152.4,full 1/e^2 intensity diameter,surface incident,,455627080169.33093,4.699,,0.66,1.0,electron-hole reduced effective mass,0.259,0.5787195082694603,../input_parameters/Ge_Keldysh_Parameter.docx,True,"At 800 nm, hnu is about 1.550 eV and exceeds both the indirect and direct gaps. Ge is absorbing; this Re(n)-only zero-D result is diagnostic and omits one-photon absorption, kappa, reflection, and propagation.",component_scaling,0,10000000000.0,50.94004125722558,1.1525450667530168e+18,9128626615408602.0,1.1616698924876687e+18,1.2355931709822267e+20
Ge_NIR,"Ge, 0.8 $\mu$m",Germanium (Ge),NIR,1,0.8,100.0,0.0485,162.1,152.4,full 1/e^2 intensity diameter,surface incident,,455627080169.33093,4.699,,0.66,1.0,electron-hole reduced effective mass,0.259,0.5787195082694603,../input_parameters/Ge_Keldysh_Parameter.docx,True,"At 800 nm, hnu is about 1.550 eV and exceeds both the indirect and direct gaps. Ge is absorbing; this Re(n)-only zero-D result is diagnostic and omits one-photon absorption, kappa, reflection, and propagation.",component_scaling,1,12648552168.552958,45.29381315395191,1.4578817505544568e+18,1.165942703444521e+16,1.4695405116762621e+18,1.5632214305730245e+20
Ge_NIR,"Ge, 0.8 $\mu$m",Germanium (Ge),NIR,1,0.8,100.0,0.0485,162.1,152.4,full 1/e^2 intensity diameter,surface incident,,455627080169.33093,4.699,,0.66,1.0,electron-hole reduced effective mass,0.259,0.5787195082694603,../input_parameters/Ge_Keldysh_Parameter.docx,True,"At 800 nm, hnu is about 1.550 eV and exceeds both the indirect and direct gaps. Ge is absorbing; this Re(n)-only zero-D result is diagnostic and omits one-photon absorption, kappa, reflection, and propagation.",component_scaling,2,15998587196.060574,40.27341673450465,1.8441358898488658e+18,1.4840732385614402e+16,1.85897662223448e+18,1.9776663326380537e+20
Ge_NIR,"Ge, 0.8 $\mu$m",Germanium (Ge),NIR,1,0.8,100.0,0.0485,162.1,152.4,full 1/e^2 intensity diameter,surface incident,,455627080169.33093,4.699,,0.66,1.0,electron-hole reduced effective mass,0.259,0.5787195082694603,../input_parameters/Ge_Keldysh_Parameter.docx,True,"At 800 nm, hnu is about 1.550 eV and exceeds both the indirect and direct gaps. Ge is absorbing; this Re(n)-only zero-D result is diagnostic and omits one-photon absorption, kappa, reflection, and propagation.",component_scaling,3,20235896477.251556,35.80948439819234,2.3327673399285284e+18,1.8846475589708696e+16,2.351613815518237e+18,2.5019417095113664e+20
Ge_NIR,"Ge, 0.8 $\mu$m",Germanium (Ge),NIR,1,0.8,100.0,0.0485,162.1,152.4,full 1/e^2 intensity diameter,surface incident,,455627080169.33093,4.699,,0.66,1.0,electron-hole reduced effective mass,0.259,0.5787195082694603,../input_parameters/Ge_Keldysh_Parameter.docx,True,"At 800 nm, hnu is about 1.550 eV and exceeds both the indirect and direct gaps. Ge is absorbing; this Re(n)-only zero-D result is diagnostic and omits one-photon absorption, kappa, reflection, and propagation.",component_scaling,4,25595479226.99533,31.840337295388718,2.9509367600654925e+18,2.3897780158218596e+16,2.974834540223711e+18,3.165169865354972e+20
Ge_NIR,"Ge, 0.8 $\mu$m",Germanium (Ge),NIR,1,0.8,100.0,0.0485,162.1,152.4,full 1/e^2 intensity diameter,surface incident,,455627080169.33093,4.699,,0.66,1.0,electron-hole reduced effective mass,0.259,0.5787195082694603,../input_parameters/Ge_Keldysh_Parameter.docx,True,"At 800 nm, hnu is about 1.550 eV and exceeds both the indirect and direct gaps. Ge is absorbing; this Re(n)-only zero-D result is diagnostic and omits one-photon absorption, kappa, reflection, and propagation.",component_scaling,5,32374575428.1764,28.31113310124338,3.7330257144080205e+18,3.0274608137660348e+16,3.7633003225456814e+18,4.004207053814814e+20
Ge_NIR,"Ge, 0.8 $\mu$m",Germanium (Ge),NIR,1,0.8,100.0,0.0485,162.1,152.4,full 1/e^2 intensity diameter,surface incident,,455627080169.33093,4.699,,0.66,1.0,electron-hole reduced effective mass,0.259,0.5787195082694603,../input_parameters/Ge_Keldysh_Parameter.docx,True,"At 800 nm, hnu is about 1.550 eV and exceeds both the indirect and direct gaps. Ge is absorbing; this Re(n)-only zero-D result is diagnostic and omits one-photon absorption, kappa, reflection, and propagation.",component_scaling,6,40949150623.80419,25.173108250721928,4.72256549172813e+18,3.8330527332900536e+16,4.76089601906103e+18,5.0657041148921656e+20
Ge_NIR,"Ge, 0.8 $\mu$m",Germanium (Ge),NIR,1,0.8,100.0,0.0485,162.1,152.4,full 1/e^2 intensity diameter,surface incident,,455627080169.33093,4.699,,0.66,1.0,electron-hole reduced effective mass,0.259,0.5787195082694603,../input_parameters/Ge_Keldysh_Parameter.docx,True,"At 800 nm, hnu is about 1.550 eV and exceeds both the indirect and direct gaps. Ge is absorbing; this Re(n)-only zero-D result is diagnostic and omits one-photon absorption, kappa, reflection, and propagation.",component_scaling,7,51794746792.31202,22.382904164818953,5.97468654718864e+18,4.851227286410337e+16,6.023198820052743e+18,6.408720266892214e+20
Ge_NIR,"Ge, 0.8 $\mu$m",Germanium (Ge),NIR,1,0.8,100.0,0.0485,162.1,152.4,full 1/e^2 intensity diameter,surface incident,,455627080169.33093,4.699,,0.66,1.0,electron-hole reduced effective mass,0.259,0.5787195082694603,../input_parameters/Ge_Keldysh_Parameter.docx,True,"At 800 nm, hnu is about 1.550 eV and exceeds both the indirect and direct gaps. Ge is absorbing; this Re(n)-only zero-D result is diagnostic and omits one-photon absorption, kappa, reflection, and propagation.",component_scaling,8,65512855685.954956,19.901968158306474,7.559232283136844e+18,6.138449944966421e+16,7.620616782586507e+18,8.108040865808606e+20
Ge_NIR,"Ge, 0.8 $\mu$m",Germanium (Ge),NIR,1,0.8,100.0,0.0485,162.1,152.4,full 1/e^2 intensity diameter,surface incident,,455627080169.33093,4.699,,0.66,1.0,electron-hole reduced effective mass,0.259,0.5787195082694603,../input_parameters/Ge_Keldysh_Parameter.docx,True,"At 800 nm, hnu is about 1.550 eV and exceeds both the indirect and direct gaps. Ge is absorbing; this Re(n)-only zero-D result is diagnostic and omits one-photon absorption, kappa, reflection, and propagation.",component_scaling,9,82864277285.4686,17.696020751266424,9.564722415733627e+18,7.766108537208472e+16,9.642383501105711e+18,1.0258392776431387e+21
Ge_NIR,"Ge, 0.8 $\mu$m",Germanium (Ge),NIR,1,0.8,100.0,0.0485,162.1,152.4,full 1/e^2 intensity diameter,surface incident,,455627080169.33093,4.699,,0.66,1.0,electron-hole reduced effective mass,0.259,0.5787195082694603,../input_parameters/Ge_Keldysh_Parameter.docx,True,"At 800 nm, hnu is about 1.550 eV and exceeds both the indirect and direct gaps. Ge is absorbing; this Re(n)-only zero-D result is diagnostic and omits one-photon absorption, kappa, reflection, and propagation.",component_scaling,10,104811313415.46873,15.734582024167981,1.2103405751677751e+19,9.82447182244504e+16,1.22016504699022e+19,1.297980605126393e+21
Ge_NIR,"Ge, 0.8 $\mu$m",Germanium (Ge),NIR,1,0.8,100.0,0.0485,162.1,152.4,full 1/e^2 intensity diameter,surface incident,,455627080169.33093,4.699,,0.66,1.0,electron-hole reduced effective mass,0.259,0.5787195082694603,../input_parameters/Ge_Keldysh_Parameter.docx,True,"At 800 nm, hnu is about 1.550 eV and exceeds both the indirect and direct gaps. Ge is absorbing; this Re(n)-only zero-D result is diagnostic and omits one-photon absorption, kappa, reflection, and propagation.",component_scaling,11,132571136559.0111,13.990550472063171,1.5317714477662585e+19,1.2427695483796077e+17,1.5441991432500546e+19,1.6424443604890382e+21
Ge_NIR,"Ge, 0.8 $\mu$m",Germanium (Ge),NIR,1,0.8,100.0,0.0485,162.1,152.4,full 1/e^2 intensity diameter,surface incident,,455627080169.33093,4.699,,0.66,1.0,electron-hole reduced effective mass,0.259,0.5787195082694603,../input_parameters/Ge_Keldysh_Parameter.docx,True,"At 800 nm, hnu is about 1.550 eV and exceeds both the indirect and direct gaps. Ge is absorbing; this Re(n)-only zero-D result is diagnostic and omits one-photon absorption, kappa, reflection, and propagation.",component_scaling,12,167683293681.101,12.439828538864361,1.9388528617267773e+19,1.572015302016261e+17,1.95457301474694e+19,2.0785315723004747e+21
Ge_NIR,"Ge, 0.8 $\mu$m",Germanium (Ge),NIR,1,0.8,100.0,0.0485,162.1,152.4,full 1/e^2 intensity diameter,surface incident,,455627080169.33093,4.699,,0.66,1.0,electron-hole reduced effective mass,0.259,0.5787195082694603,../input_parameters/Ge_Keldysh_Parameter.docx,True,"At 800 nm, hnu is about 1.550 eV and exceeds both the indirect and direct gaps. Ge is absorbing; this Re(n)-only zero-D result is diagnostic and omits one-photon absorption, kappa, reflection, and propagation.",component_scaling,13,212095088792.01926,11.060989657651659,2.454597066090275e+19,1.9884442577887686e+17,2.474481508668163e+19,2.63074798714449e+21
Ge_NIR,"Ge, 0.8 $\mu$m",Germanium (Ge),NIR,1,0.8,100.0,0.0485,162.1,152.4,full 1/e^2 intensity diameter,surface incident,,455627080169.33093,4.699,,0.66,1.0,electron-hole reduced effective mass,0.259,0.5787195082694603,../input_parameters/Ge_Keldysh_Parameter.docx,True,"At 800 nm, hnu is about 1.550 eV and exceeds both the indirect and direct gaps. Ge is absorbing; this Re(n)-only zero-D result is diagnostic and omits one-photon absorption, kappa, reflection, and propagation.",component_scaling,14,268269579527.97272,9.83498219645445,3.1082544498232066e+19,2.5151513715632573e+17,3.133405963538839e+19,3.330223640230686e+21
Ge_NIR,"Ge, 0.8 $\mu$m",Germanium (Ge),NIR,1,0.8,100.0,0.0485,162.1,152.4,full 1/e^2 intensity diameter,surface incident,,455627080169.33093,4.699,,0.66,1.0,electron-hole reduced effective mass,0.259,0.5787195082694603,../input_parameters/Ge_Keldysh_Parameter.docx,True,"At 800 nm, hnu is about 1.550 eV and exceeds both the indirect and direct gaps. Ge is absorbing; this Re(n)-only zero-D result is diagnostic and omits one-photon absorption, kappa, reflection, and propagation.",component_scaling,15,339322177189.53296,8.744866218879721,3.937156048127149e+19,3.1813475761093805e+17,3.968969523888243e+19,4.216555462663422e+21
Ge_NIR,"Ge, 0.8 $\mu$m",Germanium (Ge),NIR,1,0.8,100.0,0.0485,162.1,152.4,full 1/e^2 intensity diameter,surface incident,,455627080169.33093,4.699,,0.66,1.0,electron-hole reduced effective mass,0.259,0.5787195082694603,../input_parameters/Ge_Keldysh_Parameter.docx,True,"At 800 nm, hnu is about 1.550 eV and exceeds both the indirect and direct gaps. Ge is absorbing; this Re(n)-only zero-D result is diagnostic and omits one-photon absorption, kappa, reflection, and propagation.",component_scaling,16,429193426012.8778,7.775579422367681,4.988980971691109e+19,4.023979805329229e+17,5.029220769744402e+19,5.340188692070686e+21
Ge_NIR,"Ge, 0.8 $\mu$m",Germanium (Ge),NIR,1,0.8,100.0,0.0485,162.1,152.4,full 1/e^2 intensity diameter,surface incident,,455627080169.33093,4.699,,0.66,1.0,electron-hole reduced effective mass,0.259,0.5787195082694603,../input_parameters/Ge_Keldysh_Parameter.docx,True,"At 800 nm, hnu is about 1.550 eV and exceeds both the indirect and direct gaps. Ge is absorbing; this Re(n)-only zero-D result is diagnostic and omits one-photon absorption, kappa, reflection, and propagation.",component_scaling,17,542867543932.3859,6.913729020007011,6.324788213318944e+19,5.089780053520773e+17,6.375686013854152e+19,6.765496641390011e+21
Ge_NIR,"Ge, 0.8 $\mu$m",Germanium (Ge),NIR,1,0.8,100.0,0.0485,162.1,152.4,full 1/e^2 intensity diameter,surface incident,,455627080169.33093,4.699,,0.66,1.0,electron-hole reduced effective mass,0.259,0.5787195082694603,../input_parameters/Ge_Keldysh_Parameter.docx,True,"At 800 nm, hnu is about 1.550 eV and exceeds both the indirect and direct gaps. Ge is absorbing; this Re(n)-only zero-D result is diagnostic and omits one-photon absorption, kappa, reflection, and propagation.",component_scaling,18,686648845004.2998,6.147406690308363,8.023004376306908e+19,6.437857110174874e+17,8.087382947408655e+19,8.57480699019452e+21
Ge_NIR,"Ge, 0.8 $\mu$m",Germanium (Ge),NIR,1,0.8,100.0,0.0485,162.1,152.4,full 1/e^2 intensity diameter,surface incident,,455627080169.33093,4.699,,0.66,1.0,electron-hole reduced effective mass,0.259,0.5787195082694603,../input_parameters/Ge_Keldysh_Parameter.docx,True,"At 800 nm, hnu is about 1.550 eV and exceeds both the indirect and direct gaps. Ge is absorbing; this Re(n)-only zero-D result is diagnostic and omits one-photon absorption, kappa, reflection, and propagation.",component_scaling,19,868511373751.352,5.466024038068198,1.0184726805690563e+20,8.142974706120161e+17,1.0266156552751764e+20,1.0873691043719058e+22
Ge_NIR,"Ge, 0.8 $\mu$m",Germanium (Ge),NIR,1,0.8,100.0,0.0485,162.1,152.4,full 1/e^2 intensity diameter,surface incident,,455627080169.33093,4.699,,0.66,1.0,electron-hole reduced effective mass,0.259,0.5787195082694603,../input_parameters/Ge_Keldysh_Parameter.docx,True,"At 800 nm, hnu is about 1.550 eV and exceeds both the indirect and direct gaps. Ge is absorbing; this Re(n)-only zero-D result is diagnostic and omits one-photon absorption, kappa, reflection, and propagation.",component_scaling,20,1098541141987.5573,4.860166292860102,1.2940838827102729e+20,1.029969787549472e+18,1.3043835805857676e+20,1.3797966069222903e+22
Ge_NIR,"Ge, 0.8 $\mu$m",Germanium (Ge),NIR,1,0.8,100.0,0.0485,162.1,152.4,full 1/e^2 intensity diameter,surface incident,,455627080169.33093,4.699,,0.66,1.0,electron-hole reduced effective mass,0.259,0.5787195082694603,../input_parameters/Ge_Keldysh_Parameter.docx,True,"At 800 nm, hnu is about 1.550 eV and exceeds both the indirect and direct gaps. Ge is absorbing; this Re(n)-only zero-D result is diagnostic and omits one-photon absorption, kappa, reflection, and propagation.",component_scaling,21,1389495494373.136,4.3214622236827385,1.6461647091318938e+20,1.3027637488855588e+18,1.6591923466207497e+20,1.752304054423781e+22
Ge_NIR,"Ge, 0.8 $\mu$m",Germanium (Ge),NIR,1,0.8,100.0,0.0485,162.1,152.4,full 1/e^2 intensity diameter,surface incident,,455627080169.33093,4.699,,0.66,1.0,electron-hole reduced effective mass,0.259,0.5787195082694603,../input_parameters/Ge_Keldysh_Parameter.docx,True,"At 800 nm, hnu is about 1.550 eV and exceeds both the indirect and direct gaps. Ge is absorbing; this Re(n)-only zero-D result is diagnostic and omits one-photon absorption, kappa, reflection, and propagation.",component_scaling,22,1757510624854.7966,3.8424684723548976,2.0970062650185977e+20,1.6478083816812012e+18,2.1134843488354094e+20,2.2276501343468362e+22
Ge_NIR,"Ge, 0.8 $\mu$m",Germanium (Ge),NIR,1,0.8,100.0,0.0485,162.1,152.4,full 1/e^2 intensity diameter,surface incident,,455627080169.33093,4.699,,0.66,1.0,electron-hole reduced effective mass,0.259,0.5787195082694603,../input_parameters/Ge_Keldysh_Parameter.docx,True,"At 800 nm, hnu is about 1.550 eV and exceeds both the indirect and direct gaps. Ge is absorbing; this Re(n)-only zero-D result is diagnostic and omits one-photon absorption, kappa, reflection, and propagation.",component_scaling,23,2222996482526.191,3.416566707474102,2.6759801478487592e+20,2.0842397018545743e+18,2.6968225448673047e+20,2.8355222261416484e+22
Ge_NIR,"Ge, 0.8 $\mu$m",Germanium (Ge),NIR,1,0.8,100.0,0.0485,162.1,152.4,full 1/e^2 intensity diameter,surface incident,,455627080169.33093,4.699,,0.66,1.0,electron-hole reduced effective mass,0.259,0.5787195082694603,../input_parameters/Ge_Keldysh_Parameter.docx,True,"At 800 nm, hnu is about 1.550 eV and exceeds both the indirect and direct gaps. Ge is absorbing; this Re(n)-only zero-D result is diagnostic and omits one-photon absorption, kappa, reflection, and propagation.",component_scaling,24,2811768697974.237,3.0378721778988327,3.422073674559541e+20,2.636261988784358e+18,3.4484362944473845e+20,3.6148835242794052e+22
Ge_NIR,"Ge, 0.8 $\mu$m",Germanium (Ge),NIR,1,0.8,100.0,0.0485,162.1,152.4,full 1/e^2 intensity diameter,surface incident,,455627080169.33093,4.699,,0.66,1.0,electron-hole reduced effective mass,0.259,0.5787195082694603,../input_parameters/Ge_Keldysh_Parameter.docx,True,"At 800 nm, hnu is about 1.550 eV and exceeds both the indirect and direct gaps. Ge is absorbing; this Re(n)-only zero-D result is diagnostic and omits one-photon absorption, kappa, reflection, and propagation.",component_scaling,25,3556480306223.121,2.7011524022238897,4.387447107351254e+20,3.33449014346318e+18,4.420792008785885e+20,4.61722068251172e+22
Ge_NIR,"Ge, 0.8 $\mu$m",Germanium (Ge),NIR,1,0.8,100.0,0.0485,162.1,152.4,full 1/e^2 intensity diameter,surface incident,,455627080169.33093,4.699,,0.66,1.0,electron-hole reduced effective mass,0.259,0.5787195082694603,../input_parameters/Ge_Keldysh_Parameter.docx,True,"At 800 nm, hnu is about 1.550 eV and exceeds both the indirect and direct gaps. Ge is absorbing; this Re(n)-only zero-D result is diagnostic and omits one-photon absorption, kappa, reflection, and propagation.",component_scaling,26,4498432668969.453,2.4017548707682463,5.6433871553242084e+20,4.2176475768208645e+18,5.685563631092417e+20,5.911391587576288e+22
Ge_NIR,"Ge, 0.8 $\mu$m",Germanium (Ge),NIR,1,0.8,100.0,0.0485,162.1,152.4,full 1/e^2 intensity diameter,surface incident,,455627080169.33093,4.699,,0.66,1.0,electron-hole reduced effective mass,0.259,0.5787195082694603,../input_parameters/Ge_Keldysh_Parameter.docx,True,"At 800 nm, hnu is about 1.550 eV and exceeds both the indirect and direct gaps. Ge is absorbing; this Re(n)-only zero-D result is diagnostic and omits one-photon absorption, kappa, reflection, and propagation.",component_scaling,27,5689866029018.305,2.1355427611229167,7.28497486012515e+20,5.334713792038626e+18,7.338321998045537e+20,7.589468285684247e+22
Ge_NIR,"Ge, 0.8 $\mu$m",Germanium (Ge),NIR,1,0.8,100.0,0.0485,162.1,152.4,full 1/e^2 intensity diameter,surface incident,,455627080169.33093,4.699,,0.66,1.0,electron-hole reduced effective mass,0.259,0.5787195082694603,../input_parameters/Ge_Keldysh_Parameter.docx,True,"At 800 nm, hnu is about 1.550 eV and exceeds both the indirect and direct gaps. Ge is absorbing; this Re(n)-only zero-D result is diagnostic and omits one-photon absorption, kappa, reflection, and propagation.",component_scaling,28,7196856730011.528,1.8988377790301796,9.444525939861935e+20,6.747640765336399e+18,9.512002347515298e+20,9.7761883856056e+22
Ge_NIR,"Ge, 0.8 $\mu$m",Germanium (Ge),NIR,1,0.8,100.0,0.0485,162.1,152.4,full 1/e^2 intensity diameter,surface incident,,455627080169.33093,4.699,,0.66,1.0,electron-hole reduced effective mass,0.259,0.5787195082694603,../input_parameters/Ge_Keldysh_Parameter.docx,True,"At 800 nm, hnu is about 1.550 eV and exceeds both the indirect and direct gaps. Ge is absorbing; this Re(n)-only zero-D result is diagnostic and omits one-photon absorption, kappa, reflection, and propagation.",component_scaling,29,9102981779915.227,1.6883693348178923,1.2304527953087095e+21,8.534788773913261e+18,1.2389875840826228e+21,1.2641905427613789e+23
Ge_NIR,"Ge, 0.8 $\mu$m",Germanium (Ge),NIR,1,0.8,100.0,0.0485,162.1,152.4,full 1/e^2 intensity diameter,surface incident,,455627080169.33093,4.699,,0.66,1.0,electron-hole reduced effective mass,0.259,0.5787195082694603,../input_parameters/Ge_Keldysh_Parameter.docx,True,"At 800 nm, hnu is about 1.550 eV and exceeds both the indirect and direct gaps. Ge is absorbing; this Re(n)-only zero-D result is diagnostic and omits one-photon absorption, kappa, reflection, and propagation.",component_scaling,30,11513953993264.48,1.501229353151661,1.611881765527094e+21,1.079527222070478e+19,1.6226770377477988e+21,1.6420744943179282e+23
Ge_NIR,"Ge, 0.8 $\mu$m",Germanium (Ge),NIR,1,0.8,100.0,0.0485,162.1,152.4,full 1/e^2 intensity diameter,surface incident,,455627080169.33093,4.699,,0.66,1.0,electron-hole reduced effective mass,0.259,0.5787195082694603,../input_parameters/Ge_Keldysh_Parameter.docx,True,"At 800 nm, hnu is about 1.550 eV and exceeds both the indirect and direct gaps. Ge is absorbing; this Re(n)-only zero-D result is diagnostic and omits one-photon absorption, kappa, reflection, and propagation.",component_scaling,31,14563484775012.443,1.3348320917041752,2.125330237975253e+21,1.3654456473441782e+19,2.1389846944486948e+21,2.1441189859050184e+23
Ge_NIR,"Ge, 0.8 $\mu$m",Germanium (Ge),NIR,1,0.8,100.0,0.0485,162.1,152.4,full 1/e^2 intensity diameter,surface incident,,455627080169.33093,4.699,,0.66,1.0,electron-hole reduced effective mass,0.259,0.5787195082694603,../input_parameters/Ge_Keldysh_Parameter.docx,True,"At 800 nm, hnu is about 1.550 eV and exceeds both the indirect and direct gaps. Ge is absorbing; this Re(n)-only zero-D result is diagnostic and omits one-photon absorption, kappa, reflection, and propagation.",component_scaling,32,18420699693267.164,1.186878413550005,2.8197866231054734e+21,1.727091056983612e+19,2.8370575336753096e+21,2.815277120104675e+23
Ge_NIR,"Ge, 0.8 $\mu$m",Germanium (Ge),NIR,1,0.8,100.0,0.0485,162.1,152.4,full 1/e^2 intensity diameter,surface incident,,455627080169.33093,4.699,,0.66,1.0,electron-hole reduced effective mass,0.259,0.5787195082694603,../input_parameters/Ge_Keldysh_Parameter.docx,True,"At 800 nm, hnu is about 1.550 eV and exceeds both the indirect and direct gaps. Ge is absorbing; this Re(n)-only zero-D result is diagnostic and omits one-photon absorption, kappa, reflection, and propagation.",component_scaling,33,23299518105153.72,1.055324019631952,3.7679688439416194e+21,2.1845201383387337e+19,3.7898140453250065e+21,3.719302382963249e+23
Ge_NIR,"Ge, 0.8 $\mu$m",Germanium (Ge),NIR,1,0.8,100.0,0.0485,162.1,152.4,full 1/e^2 intensity diameter,surface incident,,455627080169.33093,4.699,,0.66,1.0,electron-hole reduced effective mass,0.259,0.5787195082694603,../input_parameters/Ge_Keldysh_Parameter.docx,True,"At 800 nm, hnu is about 1.550 eV and exceeds both the indirect and direct gaps. Ge is absorbing; this Re(n)-only zero-D result is diagnostic and omits one-photon absorption, kappa, reflection, and propagation.",component_scaling,34,29470517025518.098,0.938351202361992,5.067554959551295e+21,2.7631016969356796e+19,5.095185976520652e+21,4.9453590137273536e+23
Ge_NIR,"Ge, 0.8 $\mu$m",Germanium (Ge),NIR,1,0.8,100.0,0.0485,162.1,152.4,full 1/e^2 intensity diameter,surface incident,,455627080169.33093,4.699,,0.66,1.0,electron-hole reduced effective mass,0.259,0.5787195082694603,../input_parameters/Ge_Keldysh_Parameter.docx,True,"At 800 nm, hnu is about 1.550 eV and exceeds both the indirect and direct gaps. Ge is absorbing; this Re(n)-only zero-D result is diagnostic and omits one-photon absorption, kappa, reflection, and propagation.",component_scaling,35,37275937203149.38,0.8343437300719021,6.863065140111683e+21,3.4949235987132772e+19,6.898014376098817e+21,6.61900777074449e+23
Ge_NIR,"Ge, 0.8 $\mu$m",Germanium (Ge),NIR,1,0.8,100.0,0.0485,162.1,152.4,full 1/e^2 intensity diameter,surface incident,,455627080169.33093,4.699,,0.66,1.0,electron-hole reduced effective mass,0.259,0.5787195082694603,../input_parameters/Ge_Keldysh_Parameter.docx,True,"At 800 nm, hnu is about 1.550 eV and exceeds both the indirect and direct gaps. Ge is absorbing; this Re(n)-only zero-D result is diagnostic and omits one-photon absorption, kappa, reflection, and propagation.",component_scaling,36,47148663634573.9,0.7418645152881105,9.349981389796531e+21,4.4205723482382205e+19,9.394187113278913e+21,8.915518341542065e+23
Ge_NIR,"Ge, 0.8 $\mu$m",Germanium (Ge),NIR,1,0.8,100.0,0.0485,162.1,152.4,full 1/e^2 intensity diameter,surface incident,,455627080169.33093,4.699,,0.66,1.0,electron-hole reduced effective mass,0.259,0.5787195082694603,../input_parameters/Ge_Keldysh_Parameter.docx,True,"At 800 nm, hnu is about 1.550 eV and exceeds both the indirect and direct gaps. Ge is absorbing; this Re(n)-only zero-D result is diagnostic and omits one-photon absorption, kappa, reflection, and propagation.",component_scaling,37,59636233165946.37,0.6596357582698369,1.280124948380616e+22,5.5913839974953796e+19,1.2857163323781113e+22,1.2080455971857821e+24
Ge_NIR,"Ge, 0.8 $\mu$m",Germanium (Ge),NIR,1,0.8,100.0,0.0485,162.1,152.4,full 1/e^2 intensity diameter,surface incident,,455627080169.33093,4.699,,0.66,1.0,electron-hole reduced effective mass,0.259,0.5787195082694603,../input_parameters/Ge_Keldysh_Parameter.docx,True,"At 800 nm, hnu is about 1.550 eV and exceeds both the indirect and direct gaps. Ge is absorbing; this Re(n)-only zero-D result is diagnostic and omits one-photon absorption, kappa, reflection, and propagation.",component_scaling,38,75431200633546.08,0.5865212914506899,1.7586905659356983e+22,7.072291219607325e+19,1.7657628571553059e+22,1.6452343531449417e+24
Ge_NIR,"Ge, 0.8 $\mu$m",Germanium (Ge),NIR,1,0.8,100.0,0.0485,162.1,152.4,full 1/e^2 intensity diameter,surface incident,,455627080169.33093,4.699,,0.66,1.0,electron-hole reduced effective mass,0.259,0.5787195082694603,../input_parameters/Ge_Keldysh_Parameter.docx,True,"At 800 nm, hnu is about 1.550 eV and exceeds both the indirect and direct gaps. Ge is absorbing; this Re(n)-only zero-D result is diagnostic and omits one-photon absorption, kappa, reflection, and propagation.",component_scaling,39,95409547634999.64,0.5215108808341188,2.419012690255093e+22,8.945424444882479e+19,2.4279581146999756e+22,2.2487476318896265e+24
Ge_NIR,"Ge, 0.8 $\mu$m",Germanium (Ge),NIR,1,0.8,100.0,0.0485,162.1,152.4,full 1/e^2 intensity diameter,surface incident,,455627080169.33093,4.699,,0.66,1.0,electron-hole reduced effective mass,0.259,0.5787195082694603,../input_parameters/Ge_Keldysh_Parameter.docx,True,"At 800 nm, hnu is about 1.550 eV and exceeds both the indirect and direct gaps. Ge is absorbing; this Re(n)-only zero-D result is diagnostic and omits one-photon absorption, kappa, reflection, and propagation.",component_scaling,40,120679264063932.64,0.4637062674326544,3.321792481077426e+22,1.1314666776530715e+20,3.3331071478539565e+22,3.078440087667232e+24
Ge_NIR,"Ge, 0.8 $\mu$m",Germanium (Ge),NIR,1,0.8,100.0,0.0485,162.1,152.4,full 1/e^2 intensity diameter,surface incident,,455627080169.33093,4.699,,0.66,1.0,electron-hole reduced effective mass,0.259,0.5787195082694603,../input_parameters/Ge_Keldysh_Parameter.docx,True,"At 800 nm, hnu is about 1.550 eV and exceeds both the indirect and direct gaps. Ge is absorbing; this Re(n)-only zero-D result is diagnostic and omits one-photon absorption, kappa, reflection, and propagation.",component_scaling,41,152641796717523.66,0.41230875588330795,4.522597978193151e+22,1.4311415299567047e+20,4.5369093934927174e+22,4.2044813259263536e+24
Ge_NIR,"Ge, 0.8 $\mu$m",Germanium (Ge),NIR,1,0.8,100.0,0.0485,162.1,152.4,full 1/e^2 intensity diameter,surface incident,,455627080169.33093,4.699,,0.66,1.0,electron-hole reduced effective mass,0.259,0.5787195082694603,../input_parameters/Ge_Keldysh_Parameter.docx,True,"At 800 nm, hnu is about 1.550 eV and exceeds both the indirect and direct gaps. Ge is absorbing; this Re(n)-only zero-D result is diagnostic and omits one-photon absorption, kappa, reflection, and propagation.",component_scaling,42,193069772888324.56,0.36660817874912893,6.022567177629636e+22,1.8101868302434012e+20,6.04066904593207e+22,5.686988504176631e+24
Ge_NIR,"Ge, 0.8 $\mu$m",Germanium (Ge),NIR,1,0.8,100.0,0.0485,162.1,152.4,full 1/e^2 intensity diameter,surface incident,,455627080169.33093,4.699,,0.66,1.0,electron-hole reduced effective mass,0.259,0.5787195082694603,../input_parameters/Ge_Keldysh_Parameter.docx,True,"At 800 nm, hnu is about 1.550 eV and exceeds both the indirect and direct gaps. Ge is absorbing; this Re(n)-only zero-D result is diagnostic and omits one-photon absorption, kappa, reflection, and propagation.",component_scaling,43,244205309454865.47,0.3259730840249028,7.423505959353594e+22,2.2896242557284598e+20,7.446402201910879e+22,7.450056269013248e+24
Ge_NIR,"Ge, 0.8 $\mu$m",Germanium (Ge),NIR,1,0.8,100.0,0.0485,162.1,152.4,full 1/e^2 intensity diameter,surface incident,,455627080169.33093,4.699,,0.66,1.0,electron-hole reduced effective mass,0.259,0.5787195082694603,../input_parameters/Ge_Keldysh_Parameter.docx,True,"At 800 nm, hnu is about 1.550 eV and exceeds both the indirect and direct gaps. Ge is absorbing; this Re(n)-only zero-D result is diagnostic and omits one-photon absorption, kappa, reflection, and propagation.",component_scaling,44,308884359647748.5,0.2898420102662782,7.4862400855798e+22,2.8960431845004814e+20,7.510062914983066e+22,8.238421762832053e+24
Ge_NIR,"Ge, 0.8 $\mu$m",Germanium (Ge),NIR,1,0.8,100.0,0.0485,162.1,152.4,full 1/e^2 intensity diameter,surface incident,,455627080169.33093,4.699,,0.66,1.0,electron-hole reduced effective mass,0.259,0.5787195082694603,../input_parameters/Ge_Keldysh_Parameter.docx,True,"At 800 nm, hnu is about 1.550 eV and exceeds both the indirect and direct gaps. Ge is absorbing; this Re(n)-only zero-D result is diagnostic and omits one-photon absorption, kappa, reflection, and propagation.",component_scaling,45,390693993705462.06,0.2577157287893729,9.8612845548003e+22,3.663075330162211e+20,9.897915308101923e+22,1.042432801131754e+25
Ge_NIR,"Ge, 0.8 $\mu$m",Germanium (Ge),NIR,1,0.8,100.0,0.0485,162.1,152.4,full 1/e^2 intensity diameter,surface incident,,455627080169.33093,4.699,,0.66,1.0,electron-hole reduced effective mass,0.259,0.5787195082694603,../input_parameters/Ge_Keldysh_Parameter.docx,True,"At 800 nm, hnu is about 1.550 eV and exceeds both the indirect and direct gaps. Ge is absorbing; this Re(n)-only zero-D result is diagnostic and omits one-photon absorption, kappa, reflection, and propagation.",component_scaling,46,494171336132383.8,0.22915034575015486,1.4523458840175077e+23,4.633259941097664e+20,1.4569791439586055e+23,1.4054140361692732e+25
Ge_NIR,"Ge, 0.8 $\mu$m",Germanium (Ge),NIR,1,0.8,100.0,0.0485,162.1,152.4,full 1/e^2 intensity diameter,surface incident,,455627080169.33093,4.699,,0.66,1.0,electron-hole reduced effective mass,0.259,0.5787195082694603,../input_parameters/Ge_Keldysh_Parameter.docx,True,"At 800 nm, hnu is about 1.550 eV and exceeds both the indirect and direct gaps. Ge is absorbing; this Re(n)-only zero-D result is diagnostic and omits one-photon absorption, kappa, reflection, and propagation.",component_scaling,47,625055192527397.6,0.20375116879393518,2.127865707618051e+23,5.8604030075500436e+20,2.1337261106256012e+23,1.955052446897306e+25
Ge_NIR,"Ge, 0.8 $\mu$m",Germanium (Ge),NIR,1,0.8,100.0,0.0485,162.1,152.4,full 1/e^2 intensity diameter,surface incident,,455627080169.33093,4.699,,0.66,1.0,electron-hole reduced effective mass,0.259,0.5787195082694603,../input_parameters/Ge_Keldysh_Parameter.docx,True,"At 800 nm, hnu is about 1.550 eV and exceeds both the indirect and direct gaps. Ge is absorbing; this Re(n)-only zero-D result is diagnostic and omits one-photon absorption, kappa, reflection, and propagation.",component_scaling,48,790604321090770.1,0.18116725352951646,3.092174140115929e+23,7.412561316978189e+20,3.099586701432907e+23,2.7626828843104327e+25
Ge_NIR,"Ge, 0.8 $\mu$m",Germanium (Ge),NIR,1,0.8,100.0,0.0485,162.1,152.4,full 1/e^2 intensity diameter,surface incident,,455627080169.33093,4.699,,0.66,1.0,electron-hole reduced effective mass,0.259,0.5787195082694603,../input_parameters/Ge_Keldysh_Parameter.docx,True,"At 800 nm, hnu is about 1.550 eV and exceeds both the indirect and direct gaps. Ge is absorbing; this Re(n)-only zero-D result is diagnostic and omits one-photon absorption, kappa, reflection, and propagation.",component_scaling,49,1000000000000000.0,0.16108655447578005,4.416257342359833e+23,9.375816852042201e+20,4.425633159211875e+23,3.915316527599038e+25
