short,name,material,region,mat_flag,wavelength_um,tau_fs,F0_jcm2,beam_diameter_a_um,beam_diameter_b_um,beam_diameter_definition,fluence_basis,reference_I0_wcm2,I0_wcm2,n0,n2_m2_per_w,Eg_eV,mred_over_me,reduced_mass_definition,kappa_recorded_not_used,transmission_factor,reference_file,diagnostic_only,parameter_status,dataset,point_index,I_wcm2,gamma_ge_reference,Wtotal_peak_cm3_fs,Wtotal_direct_at_reference_cm3_fs
Ge_NIR,"Ge, 0.8 $\mu$m",Germanium (Ge),NIR,1,0.8,100.0,0.0485,162.1,152.4,full 1/e^2 intensity diameter,surface incident,,455627080169.33093,4.699,,0.66,1.0,electron-hole reduced effective mass,0.259,0.5787195082694603,../input_parameters/Ge_Keldysh_Parameter.docx,True,"At 800 nm, hnu is about 1.550 eV and exceeds both the indirect and direct gaps. Ge is absorbing; this Re(n)-only zero-D result is diagnostic and omits one-photon absorption, kappa, reflection, and propagation.",total_comparison,0,49999999999.99999,22.781079005560052,5.814273022421675e+18,5.341788590126687e+19
Ge_NIR,"Ge, 0.8 $\mu$m",Germanium (Ge),NIR,1,0.8,100.0,0.0485,162.1,152.4,full 1/e^2 intensity diameter,surface incident,,455627080169.33093,4.699,,0.66,1.0,electron-hole reduced effective mass,0.259,0.5787195082694603,../input_parameters/Ge_Keldysh_Parameter.docx,True,"At 800 nm, hnu is about 1.550 eV and exceeds both the indirect and direct gaps. Ge is absorbing; this Re(n)-only zero-D result is diagnostic and omits one-photon absorption, kappa, reflection, and propagation.",total_comparison,1,61199253779.35998,20.591416780305547,7.118220350813027e+18,5.341788590126687e+19
Ge_NIR,"Ge, 0.8 $\mu$m",Germanium (Ge),NIR,1,0.8,100.0,0.0485,162.1,152.4,full 1/e^2 intensity diameter,surface incident,,455627080169.33093,4.699,,0.66,1.0,electron-hole reduced effective mass,0.259,0.5787195082694603,../input_parameters/Ge_Keldysh_Parameter.docx,True,"At 800 nm, hnu is about 1.550 eV and exceeds both the indirect and direct gaps. Ge is absorbing; this Re(n)-only zero-D result is diagnostic and omits one-photon absorption, kappa, reflection, and propagation.",total_comparison,2,74906973263.01015,18.612219593144108,8.715032588205137e+18,5.341788590126687e+19
Ge_NIR,"Ge, 0.8 $\mu$m",Germanium (Ge),NIR,1,0.8,100.0,0.0485,162.1,152.4,full 1/e^2 intensity diameter,surface incident,,455627080169.33093,4.699,,0.66,1.0,electron-hole reduced effective mass,0.259,0.5787195082694603,../input_parameters/Ge_Keldysh_Parameter.docx,True,"At 800 nm, hnu is about 1.550 eV and exceeds both the indirect and direct gaps. Ge is absorbing; this Re(n)-only zero-D result is diagnostic and omits one-photon absorption, kappa, reflection, and propagation.",total_comparison,3,91685017331.33382,16.823258053556682,1.0670707433486449e+19,5.341788590126687e+19
Ge_NIR,"Ge, 0.8 $\mu$m",Germanium (Ge),NIR,1,0.8,100.0,0.0485,162.1,152.4,full 1/e^2 intensity diameter,surface incident,,455627080169.33093,4.699,,0.66,1.0,electron-hole reduced effective mass,0.259,0.5787195082694603,../input_parameters/Ge_Keldysh_Parameter.docx,True,"At 800 nm, hnu is about 1.550 eV and exceeds both the indirect and direct gaps. Ge is absorbing; this Re(n)-only zero-D result is diagnostic and omits one-photon absorption, kappa, reflection, and propagation.",total_comparison,4,112221092868.50633,15.206247171122577,1.3066223316313571e+19,5.341788590126687e+19
Ge_NIR,"Ge, 0.8 $\mu$m",Germanium (Ge),NIR,1,0.8,100.0,0.0485,162.1,152.4,full 1/e^2 intensity diameter,surface incident,,455627080169.33093,4.699,,0.66,1.0,electron-hole reduced effective mass,0.259,0.5787195082694603,../input_parameters/Ge_Keldysh_Parameter.docx,True,"At 800 nm, hnu is about 1.550 eV and exceeds both the indirect and direct gaps. Ge is absorbing; this Re(n)-only zero-D result is diagnostic and omits one-photon absorption, kappa, reflection, and propagation.",total_comparison,5,137356942837.13632,13.744659464483961,1.6000993092681069e+19,5.341788590126687e+19
Ge_NIR,"Ge, 0.8 $\mu$m",Germanium (Ge),NIR,1,0.8,100.0,0.0485,162.1,152.4,full 1/e^2 intensity diameter,surface incident,,455627080169.33093,4.699,,0.66,1.0,electron-hole reduced effective mass,0.259,0.5787195082694603,../input_parameters/Ge_Keldysh_Parameter.docx,True,"At 800 nm, hnu is about 1.550 eV and exceeds both the indirect and direct gaps. Ge is absorbing; this Re(n)-only zero-D result is diagnostic and omits one-photon absorption, kappa, reflection, and propagation.",total_comparison,6,168122848060.939,12.423556033824596,1.9597139742899945e+19,5.341788590126687e+19
Ge_NIR,"Ge, 0.8 $\mu$m",Germanium (Ge),NIR,1,0.8,100.0,0.0485,162.1,152.4,full 1/e^2 intensity diameter,surface incident,,455627080169.33093,4.699,,0.66,1.0,electron-hole reduced effective mass,0.259,0.5787195082694603,../input_parameters/Ge_Keldysh_Parameter.docx,True,"At 800 nm, hnu is about 1.550 eV and exceeds both the indirect and direct gaps. Ge is absorbing; this Re(n)-only zero-D result is diagnostic and omits one-photon absorption, kappa, reflection, and propagation.",total_comparison,7,205779856891.80368,11.22943387025372,2.40049673783748e+19,5.341788590126687e+19
Ge_NIR,"Ge, 0.8 $\mu$m",Germanium (Ge),NIR,1,0.8,100.0,0.0485,162.1,152.4,full 1/e^2 intensity diameter,surface incident,,455627080169.33093,4.699,,0.66,1.0,electron-hole reduced effective mass,0.259,0.5787195082694603,../input_parameters/Ge_Keldysh_Parameter.docx,True,"At 800 nm, hnu is about 1.550 eV and exceeds both the indirect and direct gaps. Ge is absorbing; this Re(n)-only zero-D result is diagnostic and omits one-photon absorption, kappa, reflection, and propagation.",total_comparison,8,251871473692.03748,10.150087841442401,2.9409038085990232e+19,5.341788590126687e+19
Ge_NIR,"Ge, 0.8 $\mu$m",Germanium (Ge),NIR,1,0.8,100.0,0.0485,162.1,152.4,full 1/e^2 intensity diameter,surface incident,,455627080169.33093,4.699,,0.66,1.0,electron-hole reduced effective mass,0.259,0.5787195082694603,../input_parameters/Ge_Keldysh_Parameter.docx,True,"At 800 nm, hnu is about 1.550 eV and exceeds both the indirect and direct gaps. Ge is absorbing; this Re(n)-only zero-D result is diagnostic and omits one-photon absorption, kappa, reflection, and propagation.",total_comparison,9,308286924765.2079,9.174485942866962,3.603710558609616e+19,5.341788590126687e+19
Ge_NIR,"Ge, 0.8 $\mu$m",Germanium (Ge),NIR,1,0.8,100.0,0.0485,162.1,152.4,full 1/e^2 intensity diameter,surface incident,,455627080169.33093,4.699,,0.66,1.0,electron-hole reduced effective mass,0.259,0.5787195082694603,../input_parameters/Ge_Keldysh_Parameter.docx,True,"At 800 nm, hnu is about 1.550 eV and exceeds both the indirect and direct gaps. Ge is absorbing; this Re(n)-only zero-D result is diagnostic and omits one-photon absorption, kappa, reflection, and propagation.",total_comparison,10,377338594911.2883,8.292656539601152,4.417005325306167e+19,5.341788590126687e+19
Ge_NIR,"Ge, 0.8 $\mu$m",Germanium (Ge),NIR,1,0.8,100.0,0.0485,162.1,152.4,full 1/e^2 intensity diameter,surface incident,,455627080169.33093,4.699,,0.66,1.0,electron-hole reduced effective mass,0.259,0.5787195082694603,../input_parameters/Ge_Keldysh_Parameter.docx,True,"At 800 nm, hnu is about 1.550 eV and exceeds both the indirect and direct gaps. Ge is absorbing; this Re(n)-only zero-D result is diagnostic and omits one-photon absorption, kappa, reflection, and propagation.",total_comparison,11,461856808614.461,7.495586446154627,5.41550022200108e+19,5.341788590126687e+19
Ge_NIR,"Ge, 0.8 $\mu$m",Germanium (Ge),NIR,1,0.8,100.0,0.0485,162.1,152.4,full 1/e^2 intensity diameter,surface incident,,455627080169.33093,4.699,,0.66,1.0,electron-hole reduced effective mass,0.259,0.5787195082694603,../input_parameters/Ge_Keldysh_Parameter.docx,True,"At 800 nm, hnu is about 1.550 eV and exceeds both the indirect and direct gaps. Ge is absorbing; this Re(n)-only zero-D result is diagnostic and omits one-photon absorption, kappa, reflection, and propagation.",total_comparison,12,565305840802.4338,6.7751288026308645,6.642178153608254e+19,5.341788590126687e+19
Ge_NIR,"Ge, 0.8 $\mu$m",Germanium (Ge),NIR,1,0.8,100.0,0.0485,162.1,152.4,full 1/e^2 intensity diameter,surface incident,,455627080169.33093,4.699,,0.66,1.0,electron-hole reduced effective mass,0.259,0.5787195082694603,../input_parameters/Ge_Keldysh_Parameter.docx,True,"At 800 nm, hnu is about 1.550 eV and exceeds both the indirect and direct gaps. Ge is absorbing; this Re(n)-only zero-D result is diagnostic and omits one-photon absorption, kappa, reflection, and propagation.",total_comparison,13,691925912284.4525,6.123919805606016,8.150388307101784e+19,5.341788590126687e+19
Ge_NIR,"Ge, 0.8 $\mu$m",Germanium (Ge),NIR,1,0.8,100.0,0.0485,162.1,152.4,full 1/e^2 intensity diameter,surface incident,,455627080169.33093,4.699,,0.66,1.0,electron-hole reduced effective mass,0.259,0.5787195082694603,../input_parameters/Ge_Keldysh_Parameter.docx,True,"At 800 nm, hnu is about 1.550 eV and exceeds both the indirect and direct gaps. Ge is absorbing; this Re(n)-only zero-D result is diagnostic and omits one-photon absorption, kappa, reflection, and propagation.",total_comparison,14,846906990048.2278,5.535303442634327,1.0006528698703962e+20,5.341788590126687e+19
Ge_NIR,"Ge, 0.8 $\mu$m",Germanium (Ge),NIR,1,0.8,100.0,0.0485,162.1,152.4,full 1/e^2 intensity diameter,surface incident,,455627080169.33093,4.699,,0.66,1.0,electron-hole reduced effective mass,0.259,0.5787195082694603,../input_parameters/Ge_Keldysh_Parameter.docx,True,"At 800 nm, hnu is about 1.550 eV and exceeds both the indirect and direct gaps. Ge is absorbing; this Re(n)-only zero-D result is diagnostic and omits one-photon absorption, kappa, reflection, and propagation.",total_comparison,15,1036601516229.5078,5.003263461090896,1.2293503156397244e+20,5.341788590126687e+19
Ge_NIR,"Ge, 0.8 $\mu$m",Germanium (Ge),NIR,1,0.8,100.0,0.0485,162.1,152.4,full 1/e^2 intensity diameter,surface incident,,455627080169.33093,4.699,,0.66,1.0,electron-hole reduced effective mass,0.259,0.5787195082694603,../input_parameters/Ge_Keldysh_Parameter.docx,True,"At 800 nm, hnu is about 1.550 eV and exceeds both the indirect and direct gaps. Ge is absorbing; this Re(n)-only zero-D result is diagnostic and omits one-photon absorption, kappa, reflection, and propagation.",total_comparison,16,1268784785195.9749,4.522361876004745,1.511520767781868e+20,5.341788590126687e+19
Ge_NIR,"Ge, 0.8 $\mu$m",Germanium (Ge),NIR,1,0.8,100.0,0.0485,162.1,152.4,full 1/e^2 intensity diameter,surface incident,,455627080169.33093,4.699,,0.66,1.0,electron-hole reduced effective mass,0.259,0.5787195082694603,../input_parameters/Ge_Keldysh_Parameter.docx,True,"At 800 nm, hnu is about 1.550 eV and exceeds both the indirect and direct gaps. Ge is absorbing; this Re(n)-only zero-D result is diagnostic and omits one-photon absorption, kappa, reflection, and propagation.",total_comparison,17,1552973641211.9841,4.087683388370254,1.8602394722438447e+20,5.341788590126687e+19
Ge_NIR,"Ge, 0.8 $\mu$m",Germanium (Ge),NIR,1,0.8,100.0,0.0485,162.1,152.4,full 1/e^2 intensity diameter,surface incident,,455627080169.33093,4.699,,0.66,1.0,electron-hole reduced effective mass,0.259,0.5787195082694603,../input_parameters/Ge_Keldysh_Parameter.docx,True,"At 800 nm, hnu is about 1.550 eV and exceeds both the indirect and direct gaps. Ge is absorbing; this Re(n)-only zero-D result is diagnostic and omits one-photon absorption, kappa, reflection, and propagation.",total_comparison,18,1900816559623.7793,3.6947851458361685,2.29203934968021e+20,5.341788590126687e+19
Ge_NIR,"Ge, 0.8 $\mu$m",Germanium (Ge),NIR,1,0.8,100.0,0.0485,162.1,152.4,full 1/e^2 intensity diameter,surface incident,,455627080169.33093,4.699,,0.66,1.0,electron-hole reduced effective mass,0.259,0.5787195082694603,../input_parameters/Ge_Keldysh_Parameter.docx,True,"At 800 nm, hnu is about 1.550 eV and exceeds both the indirect and direct gaps. Ge is absorbing; this Re(n)-only zero-D result is diagnostic and omits one-photon absorption, kappa, reflection, and propagation.",total_comparison,19,2326571100408.512,3.3396513322756096,2.827934255524093e+20,5.341788590126687e+19
Ge_NIR,"Ge, 0.8 $\mu$m",Germanium (Ge),NIR,1,0.8,100.0,0.0485,162.1,152.4,full 1/e^2 intensity diameter,surface incident,,455627080169.33093,4.699,,0.66,1.0,electron-hole reduced effective mass,0.259,0.5787195082694603,../input_parameters/Ge_Keldysh_Parameter.docx,True,"At 800 nm, hnu is about 1.550 eV and exceeds both the indirect and direct gaps. Ge is absorbing; this Re(n)-only zero-D result is diagnostic and omits one-photon absorption, kappa, reflection, and propagation.",total_comparison,20,2847688304192.5073,3.0186521220968463,3.494783429233158e+20,5.341788590126687e+19
Ge_NIR,"Ge, 0.8 $\mu$m",Germanium (Ge),NIR,1,0.8,100.0,0.0485,162.1,152.4,full 1/e^2 intensity diameter,surface incident,,455627080169.33093,4.699,,0.66,1.0,electron-hole reduced effective mass,0.259,0.5787195082694603,../input_parameters/Ge_Keldysh_Parameter.docx,True,"At 800 nm, hnu is about 1.550 eV and exceeds both the indirect and direct gaps. Ge is absorbing; this Re(n)-only zero-D result is diagnostic and omits one-photon absorption, kappa, reflection, and propagation.",total_comparison,21,3485527984255.8506,2.72850657976645,4.327119832190496e+20,5.341788590126687e+19
Ge_NIR,"Ge, 0.8 $\mu$m",Germanium (Ge),NIR,1,0.8,100.0,0.0485,162.1,152.4,full 1/e^2 intensity diameter,surface incident,,455627080169.33093,4.699,,0.66,1.0,electron-hole reduced effective mass,0.259,0.5787195082694603,../input_parameters/Ge_Keldysh_Parameter.docx,True,"At 800 nm, hnu is about 1.550 eV and exceeds both the indirect and direct gaps. Ge is absorbing; this Re(n)-only zero-D result is diagnostic and omits one-photon absorption, kappa, reflection, and propagation.",total_comparison,22,4266234233270.6973,2.466249125340572,5.370374916215292e+20,5.341788590126687e+19
Ge_NIR,"Ge, 0.8 $\mu$m",Germanium (Ge),NIR,1,0.8,100.0,0.0485,162.1,152.4,full 1/e^2 intensity diameter,surface incident,,455627080169.33093,4.699,,0.66,1.0,electron-hole reduced effective mass,0.259,0.5787195082694603,../input_parameters/Ge_Keldysh_Parameter.docx,True,"At 800 nm, hnu is about 1.550 eV and exceeds both the indirect and direct gaps. Ge is absorbing; this Re(n)-only zero-D result is diagnostic and omits one-photon absorption, kappa, reflection, and propagation.",total_comparison,23,5221807030482.533,2.229199223248261,6.681997696921579e+20,5.341788590126687e+19
Ge_NIR,"Ge, 0.8 $\mu$m",Germanium (Ge),NIR,1,0.8,100.0,0.0485,162.1,152.4,full 1/e^2 intensity diameter,surface incident,,455627080169.33093,4.699,,0.66,1.0,electron-hole reduced effective mass,0.259,0.5787195082694603,../input_parameters/Ge_Keldysh_Parameter.docx,True,"At 800 nm, hnu is about 1.550 eV and exceeds both the indirect and direct gaps. Ge is absorbing; this Re(n)-only zero-D result is diagnostic and omits one-photon absorption, kappa, reflection, and propagation.",total_comparison,24,6391413872906.935,2.0149339845156233,8.338843138447206e+20,5.341788590126687e+19
Ge_NIR,"Ge, 0.8 $\mu$m",Germanium (Ge),NIR,1,0.8,100.0,0.0485,162.1,152.4,full 1/e^2 intensity diameter,surface incident,,455627080169.33093,4.699,,0.66,1.0,electron-hole reduced effective mass,0.259,0.5787195082694603,../input_parameters/Ge_Keldysh_Parameter.docx,True,"At 800 nm, hnu is about 1.550 eV and exceeds both the indirect and direct gaps. Ge is absorbing; this Re(n)-only zero-D result is diagnostic and omits one-photon absorption, kappa, reflection, and propagation.",total_comparison,25,7822995192339.04,1.8212634023979581,1.0441774775046649e+21,5.341788590126687e+19
Ge_NIR,"Ge, 0.8 $\mu$m",Germanium (Ge),NIR,1,0.8,100.0,0.0485,162.1,152.4,full 1/e^2 intensity diameter,surface incident,,455627080169.33093,4.699,,0.66,1.0,electron-hole reduced effective mass,0.259,0.5787195082694603,../input_parameters/Ge_Keldysh_Parameter.docx,True,"At 800 nm, hnu is about 1.550 eV and exceeds both the indirect and direct gaps. Ge is absorbing; this Re(n)-only zero-D result is diagnostic and omits one-photon absorption, kappa, reflection, and propagation.",total_comparison,26,9575229361813.4,1.6462079683030237,1.3124418428160555e+21,5.341788590126687e+19
Ge_NIR,"Ge, 0.8 $\mu$m",Germanium (Ge),NIR,1,0.8,100.0,0.0485,162.1,152.4,full 1/e^2 intensity diameter,surface incident,,455627080169.33093,4.699,,0.66,1.0,electron-hole reduced effective mass,0.259,0.5787195082694603,../input_parameters/Ge_Keldysh_Parameter.docx,True,"At 800 nm, hnu is about 1.550 eV and exceeds both the indirect and direct gaps. Ge is absorbing; this Re(n)-only zero-D result is diagnostic and omits one-photon absorption, kappa, reflection, and propagation.",total_comparison,27,11719937834183.947,1.4879784392176658,1.6564435810184782e+21,5.341788590126687e+19
Ge_NIR,"Ge, 0.8 $\mu$m",Germanium (Ge),NIR,1,0.8,100.0,0.0485,162.1,152.4,full 1/e^2 intensity diameter,surface incident,,455627080169.33093,4.699,,0.66,1.0,electron-hole reduced effective mass,0.259,0.5787195082694603,../input_parameters/Ge_Keldysh_Parameter.docx,True,"At 800 nm, hnu is about 1.550 eV and exceeds both the indirect and direct gaps. Ge is absorbing; this Re(n)-only zero-D result is diagnostic and omits one-photon absorption, kappa, reflection, and propagation.",total_comparison,28,14345028995850.922,1.3449575498404385,2.1009445762442674e+21,5.341788590126687e+19
Ge_NIR,"Ge, 0.8 $\mu$m",Germanium (Ge),NIR,1,0.8,100.0,0.0485,162.1,152.4,full 1/e^2 intensity diameter,surface incident,,455627080169.33093,4.699,,0.66,1.0,electron-hole reduced effective mass,0.259,0.5787195082694603,../input_parameters/Ge_Keldysh_Parameter.docx,True,"At 800 nm, hnu is about 1.550 eV and exceeds both the indirect and direct gaps. Ge is absorbing; this Re(n)-only zero-D result is diagnostic and omits one-photon absorption, kappa, reflection, and propagation.",total_comparison,29,17558101399787.162,1.215683482499831,2.676691890096371e+21,5.341788590126687e+19
Ge_NIR,"Ge, 0.8 $\mu$m",Germanium (Ge),NIR,1,0.8,100.0,0.0485,162.1,152.4,full 1/e^2 intensity diameter,surface incident,,455627080169.33093,4.699,,0.66,1.0,electron-hole reduced effective mass,0.259,0.5787195082694603,../input_parameters/Ge_Keldysh_Parameter.docx,True,"At 800 nm, hnu is about 1.550 eV and exceeds both the indirect and direct gaps. Ge is absorbing; this Re(n)-only zero-D result is diagnostic and omits one-photon absorption, kappa, reflection, and propagation.",total_comparison,30,21490854068986.207,1.0988349259039802,3.4268906288801697e+21,5.341788590126687e+19
Ge_NIR,"Ge, 0.8 $\mu$m",Germanium (Ge),NIR,1,0.8,100.0,0.0485,162.1,152.4,full 1/e^2 intensity diameter,surface incident,,455627080169.33093,4.699,,0.66,1.0,electron-hole reduced effective mass,0.259,0.5787195082694603,../input_parameters/Ge_Keldysh_Parameter.docx,True,"At 800 nm, hnu is about 1.550 eV and exceeds both the indirect and direct gaps. Ge is absorbing; this Re(n)-only zero-D result is diagnostic and omits one-photon absorption, kappa, reflection, and propagation.",total_comparison,31,26304484642061.562,0.9932175700072273,4.4119445321508895e+21,5.341788590126687e+19
Ge_NIR,"Ge, 0.8 $\mu$m",Germanium (Ge),NIR,1,0.8,100.0,0.0485,162.1,152.4,full 1/e^2 intensity diameter,surface incident,,455627080169.33093,4.699,,0.66,1.0,electron-hole reduced effective mass,0.259,0.5787195082694603,../input_parameters/Ge_Keldysh_Parameter.docx,True,"At 800 nm, hnu is about 1.550 eV and exceeds both the indirect and direct gaps. Ge is absorbing; this Re(n)-only zero-D result is diagnostic and omits one-photon absorption, kappa, reflection, and propagation.",total_comparison,32,32196296622896.055,0.8977518989574449,5.705195632925326e+21,5.341788590126687e+19
Ge_NIR,"Ge, 0.8 $\mu$m",Germanium (Ge),NIR,1,0.8,100.0,0.0485,162.1,152.4,full 1/e^2 intensity diameter,surface incident,,455627080169.33093,4.699,,0.66,1.0,electron-hole reduced effective mass,0.259,0.5787195082694603,../input_parameters/Ge_Keldysh_Parameter.docx,True,"At 800 nm, hnu is about 1.550 eV and exceeds both the indirect and direct gaps. Ge is absorbing; this Re(n)-only zero-D result is diagnostic and omits one-photon absorption, kappa, reflection, and propagation.",total_comparison,33,39407786555603.33,0.811462157355748,7.416606273995363e+21,5.341788590126687e+19
Ge_NIR,"Ge, 0.8 $\mu$m",Germanium (Ge),NIR,1,0.8,100.0,0.0485,162.1,152.4,full 1/e^2 intensity diameter,surface incident,,455627080169.33093,4.699,,0.66,1.0,electron-hole reduced effective mass,0.259,0.5787195082694603,../input_parameters/Ge_Keldysh_Parameter.docx,True,"At 800 nm, hnu is about 1.550 eV and exceeds both the indirect and direct gaps. Ge is absorbing; this Re(n)-only zero-D result is diagnostic and omits one-photon absorption, kappa, reflection, and propagation.",total_comparison,34,48234542605984.18,0.7334663770526414,9.68195371142527e+21,5.341788590126687e+19
Ge_NIR,"Ge, 0.8 $\mu$m",Germanium (Ge),NIR,1,0.8,100.0,0.0485,162.1,152.4,full 1/e^2 intensity diameter,surface incident,,455627080169.33093,4.699,,0.66,1.0,electron-hole reduced effective mass,0.259,0.5787195082694603,../input_parameters/Ge_Keldysh_Parameter.docx,True,"At 800 nm, hnu is about 1.550 eV and exceeds both the indirect and direct gaps. Ge is absorbing; this Re(n)-only zero-D result is diagnostic and omits one-photon absorption, kappa, reflection, and propagation.",total_comparison,35,59038360277499.79,0.6629673625443951,1.2684471542289984e+22,5.341788590126687e+19
Ge_NIR,"Ge, 0.8 $\mu$m",Germanium (Ge),NIR,1,0.8,100.0,0.0485,162.1,152.4,full 1/e^2 intensity diameter,surface incident,,455627080169.33093,4.699,,0.66,1.0,electron-hole reduced effective mass,0.259,0.5787195082694603,../input_parameters/Ge_Keldysh_Parameter.docx,True,"At 800 nm, hnu is about 1.550 eV and exceeds both the indirect and direct gaps. Ge is absorbing; this Re(n)-only zero-D result is diagnostic and omits one-photon absorption, kappa, reflection, and propagation.",total_comparison,36,72262071866799.61,0.5992445428313455,1.6661988964565458e+22,5.341788590126687e+19
Ge_NIR,"Ge, 0.8 $\mu$m",Germanium (Ge),NIR,1,0.8,100.0,0.0485,162.1,152.4,full 1/e^2 intensity diameter,surface incident,,455627080169.33093,4.699,,0.66,1.0,electron-hole reduced effective mass,0.259,0.5787195082694603,../input_parameters/Ge_Keldysh_Parameter.docx,True,"At 800 nm, hnu is about 1.550 eV and exceeds both the indirect and direct gaps. Ge is absorbing; this Re(n)-only zero-D result is diagnostic and omits one-photon absorption, kappa, reflection, and propagation.",total_comparison,37,88447697495972.39,0.541646606455836,2.191516614002255e+22,5.341788590126687e+19
Ge_NIR,"Ge, 0.8 $\mu$m",Germanium (Ge),NIR,1,0.8,100.0,0.0485,162.1,152.4,full 1/e^2 intensity diameter,surface incident,,455627080169.33093,4.699,,0.66,1.0,electron-hole reduced effective mass,0.259,0.5787195082694603,../input_parameters/Ge_Keldysh_Parameter.docx,True,"At 800 nm, hnu is about 1.550 eV and exceeds both the indirect and direct gaps. Ge is absorbing; this Re(n)-only zero-D result is diagnostic and omits one-photon absorption, kappa, reflection, and propagation.",total_comparison,38,108258661705121.53,0.48958484444253647,2.8805208155108697e+22,5.341788590126687e+19
Ge_NIR,"Ge, 0.8 $\mu$m",Germanium (Ge),NIR,1,0.8,100.0,0.0485,162.1,152.4,full 1/e^2 intensity diameter,surface incident,,455627080169.33093,4.699,,0.66,1.0,electron-hole reduced effective mass,0.259,0.5787195082694603,../input_parameters/Ge_Keldysh_Parameter.docx,True,"At 800 nm, hnu is about 1.550 eV and exceeds both the indirect and direct gaps. Ge is absorbing; this Re(n)-only zero-D result is diagnostic and omits one-photon absorption, kappa, reflection, and propagation.",total_comparison,39,132506986230112.27,0.44252713309922026,3.7744661437127145e+22,5.341788590126687e+19
Ge_NIR,"Ge, 0.8 $\mu$m",Germanium (Ge),NIR,1,0.8,100.0,0.0485,162.1,152.4,full 1/e^2 intensity diameter,surface incident,,455627080169.33093,4.699,,0.66,1.0,electron-hole reduced effective mass,0.259,0.5787195082694603,../input_parameters/Ge_Keldysh_Parameter.docx,True,"At 800 nm, hnu is about 1.550 eV and exceeds both the indirect and direct gaps. Ge is absorbing; this Re(n)-only zero-D result is diagnostic and omits one-photon absorption, kappa, reflection, and propagation.",total_comparison,40,162186573556696.0,0.3999924951761859,4.900716900091016e+22,5.341788590126687e+19
Ge_NIR,"Ge, 0.8 $\mu$m",Germanium (Ge),NIR,1,0.8,100.0,0.0485,162.1,152.4,full 1/e^2 intensity diameter,surface incident,,455627080169.33093,4.699,,0.66,1.0,electron-hole reduced effective mass,0.259,0.5787195082694603,../input_parameters/Ge_Keldysh_Parameter.docx,True,"At 800 nm, hnu is about 1.550 eV and exceeds both the indirect and direct gaps. Ge is absorbing; this Re(n)-only zero-D result is diagnostic and omits one-photon absorption, kappa, reflection, and propagation.",total_comparison,41,198513945494021.47,0.36154618379388365,6.228993435181131e+22,5.341788590126687e+19
Ge_NIR,"Ge, 0.8 $\mu$m",Germanium (Ge),NIR,1,0.8,100.0,0.0485,162.1,152.4,full 1/e^2 intensity diameter,surface incident,,455627080169.33093,4.699,,0.66,1.0,electron-hole reduced effective mass,0.259,0.5787195082694603,../input_parameters/Ge_Keldysh_Parameter.docx,True,"At 800 nm, hnu is about 1.550 eV and exceeds both the indirect and direct gaps. Ge is absorbing; this Re(n)-only zero-D result is diagnostic and omits one-photon absorption, kappa, reflection, and propagation.",total_comparison,42,242978106580613.12,0.32679523889152967,7.430067285322328e+22,5.341788590126687e+19
Ge_NIR,"Ge, 0.8 $\mu$m",Germanium (Ge),NIR,1,0.8,100.0,0.0485,162.1,152.4,full 1/e^2 intensity diameter,surface incident,,455627080169.33093,4.699,,0.66,1.0,electron-hole reduced effective mass,0.259,0.5787195082694603,../input_parameters/Ge_Keldysh_Parameter.docx,True,"At 800 nm, hnu is about 1.550 eV and exceeds both the indirect and direct gaps. Ge is absorbing; this Re(n)-only zero-D result is diagnostic and omits one-photon absorption, kappa, reflection, and propagation.",total_comparison,43,297401576149106.44,0.29538447077913427,7.510180875590195e+22,5.341788590126687e+19
Ge_NIR,"Ge, 0.8 $\mu$m",Germanium (Ge),NIR,1,0.8,100.0,0.0485,162.1,152.4,full 1/e^2 intensity diameter,surface incident,,455627080169.33093,4.699,,0.66,1.0,electron-hole reduced effective mass,0.259,0.5787195082694603,../input_parameters/Ge_Keldysh_Parameter.docx,True,"At 800 nm, hnu is about 1.550 eV and exceeds both the indirect and direct gaps. Ge is absorbing; this Re(n)-only zero-D result is diagnostic and omits one-photon absorption, kappa, reflection, and propagation.",total_comparison,44,364015090662616.4,0.2669928297407969,8.799595036199015e+22,5.341788590126687e+19
Ge_NIR,"Ge, 0.8 $\mu$m",Germanium (Ge),NIR,1,0.8,100.0,0.0485,162.1,152.4,full 1/e^2 intensity diameter,surface incident,,455627080169.33093,4.699,,0.66,1.0,electron-hole reduced effective mass,0.259,0.5787195082694603,../input_parameters/Ge_Keldysh_Parameter.docx,True,"At 800 nm, hnu is about 1.550 eV and exceeds both the indirect and direct gaps. Ge is absorbing; this Re(n)-only zero-D result is diagnostic and omits one-photon absorption, kappa, reflection, and propagation.",total_comparison,45,445549038259562.0,0.2413301245829537,1.229302518189335e+23,5.341788590126687e+19
Ge_NIR,"Ge, 0.8 $\mu$m",Germanium (Ge),NIR,1,0.8,100.0,0.0485,162.1,152.4,full 1/e^2 intensity diameter,surface incident,,455627080169.33093,4.699,,0.66,1.0,electron-hole reduced effective mass,0.259,0.5787195082694603,../input_parameters/Ge_Keldysh_Parameter.docx,True,"At 800 nm, hnu is about 1.550 eV and exceeds both the indirect and direct gaps. Ge is absorbing; this Re(n)-only zero-D result is diagnostic and omits one-photon absorption, kappa, reflection, and propagation.",total_comparison,46,545345373271936.4,0.21813405658782944,1.710885440282877e+23,5.341788590126687e+19
Ge_NIR,"Ge, 0.8 $\mu$m",Germanium (Ge),NIR,1,0.8,100.0,0.0485,162.1,152.4,full 1/e^2 intensity diameter,surface incident,,455627080169.33093,4.699,,0.66,1.0,electron-hole reduced effective mass,0.259,0.5787195082694603,../input_parameters/Ge_Keldysh_Parameter.docx,True,"At 800 nm, hnu is about 1.550 eV and exceeds both the indirect and direct gaps. Ge is absorbing; this Re(n)-only zero-D result is diagnostic and omits one-photon absorption, kappa, reflection, and propagation.",total_comparison,47,667494597925378.0,0.19716753855611918,2.370537820107362e+23,5.341788590126687e+19
Ge_NIR,"Ge, 0.8 $\mu$m",Germanium (Ge),NIR,1,0.8,100.0,0.0485,162.1,152.4,full 1/e^2 intensity diameter,surface incident,,455627080169.33093,4.699,,0.66,1.0,electron-hole reduced effective mass,0.259,0.5787195082694603,../input_parameters/Ge_Keldysh_Parameter.docx,True,"At 800 nm, hnu is about 1.550 eV and exceeds both the indirect and direct gaps. Ge is absorbing; this Re(n)-only zero-D result is diagnostic and omits one-photon absorption, kappa, reflection, and propagation.",total_comparison,48,817003425895741.2,0.1782162715367925,3.263139762624599e+23,5.341788590126687e+19
Ge_NIR,"Ge, 0.8 $\mu$m",Germanium (Ge),NIR,1,0.8,100.0,0.0485,162.1,152.4,full 1/e^2 intensity diameter,surface incident,,455627080169.33093,4.699,,0.66,1.0,electron-hole reduced effective mass,0.259,0.5787195082694603,../input_parameters/Ge_Keldysh_Parameter.docx,True,"At 800 nm, hnu is about 1.550 eV and exceeds both the indirect and direct gaps. Ge is absorbing; this Re(n)-only zero-D result is diagnostic and omits one-photon absorption, kappa, reflection, and propagation.",total_comparison,49,1000000000000000.0,0.16108655447578005,4.425633159211875e+23,5.341788590126687e+19
