short,name,material,region,mat_flag,wavelength_um,tau_fs,F0_jcm2,reference_I0_wcm2,I0_wcm2,n0,n2_m2_per_w,Eg_eV,mred_over_me,transmission_factor,threshold_fluence,pulse_energy_uj,beam_diameter_a_um,beam_diameter_b_um,dataset,point_index,I_wcm2,gamma_baf2_reference,Wpi_peak_cm3_fs,Wav_peak_cm3_fs,Wtotal_peak_cm3_fs,ne_max_cm3
BaF2_NIR,"BaF$_2$, 0.8 $\mu$m",BaF2,NIR,1,0.8,100.0,0.9441088245630304,,8869310249438.2,1.4703952174881585,,10.6,1.0,0.9637429121010729,"{'atomic_density_m3': 5.038950896902158e+28, 'binding_energy_ev_per_atom': 6.013333333333334, 'threshold_fluence_jm2': 6403.961102067429, 'threshold_fluence_jcm2': 0.6403961102067429, 'F0_jcm2': 0.9441088245630304, 'F0_over_Fth': 1.474257587633126}",361.0,226.6,429.7,component_scaling,0,10000000000.0,80.74945087042401,7.261460099594298e-08,1.7280039896575826e-36,7.261460099594298e-08,2.9230387050956172e-06
BaF2_NIR,"BaF$_2$, 0.8 $\mu$m",BaF2,NIR,1,0.8,100.0,0.9441088245630304,,8869310249438.2,1.4703952174881585,,10.6,1.0,0.9637429121010729,"{'atomic_density_m3': 5.038950896902158e+28, 'binding_energy_ev_per_atom': 6.013333333333334, 'threshold_fluence_jm2': 6403.961102067429, 'threshold_fluence_jcm2': 0.6403961102067429, 'F0_jcm2': 0.9441088245630304, 'F0_over_Fth': 1.474257587633126}",361.0,226.6,429.7,component_scaling,1,12648552168.552958,71.79912795006646,3.760486049071277e-07,5.861822154927538e-35,3.760486049071277e-07,1.5137663228063078e-05
BaF2_NIR,"BaF$_2$, 0.8 $\mu$m",BaF2,NIR,1,0.8,100.0,0.9441088245630304,,8869310249438.2,1.4703952174881585,,10.6,1.0,0.9637429121010729,"{'atomic_density_m3': 5.038950896902158e+28, 'binding_energy_ev_per_atom': 6.013333333333334, 'threshold_fluence_jm2': 6403.961102067429, 'threshold_fluence_jcm2': 0.6403961102067429, 'F0_jcm2': 0.9441088245630304, 'F0_over_Fth': 1.474257587633126}",361.0,226.6,429.7,component_scaling,2,15998587196.060574,63.84086478386407,1.947361412169514e-06,1.9883256269143633e-33,1.947361412169514e-06,7.839110651374273e-05
BaF2_NIR,"BaF$_2$, 0.8 $\mu$m",BaF2,NIR,1,0.8,100.0,0.9441088245630304,,8869310249438.2,1.4703952174881585,,10.6,1.0,0.9637429121010729,"{'atomic_density_m3': 5.038950896902158e+28, 'binding_energy_ev_per_atom': 6.013333333333334, 'threshold_fluence_jm2': 6403.961102067429, 'threshold_fluence_jcm2': 0.6403961102067429, 'F0_jcm2': 0.9441088245630304, 'F0_over_Fth': 1.474257587633126}",361.0,226.6,429.7,component_scaling,3,20235896477.251556,56.764700807871634,1.0083865355896156e-05,6.743735921254446e-32,1.0083865355896156e-05,0.0004059327436880012
BaF2_NIR,"BaF$_2$, 0.8 $\mu$m",BaF2,NIR,1,0.8,100.0,0.9441088245630304,,8869310249438.2,1.4703952174881585,,10.6,1.0,0.9637429121010729,"{'atomic_density_m3': 5.038950896902158e+28, 'binding_energy_ev_per_atom': 6.013333333333334, 'threshold_fluence_jm2': 6403.961102067429, 'threshold_fluence_jcm2': 0.6403961102067429, 'F0_jcm2': 0.9441088245630304, 'F0_over_Fth': 1.474257587633126}",361.0,226.6,429.7,component_scaling,4,25595479226.99533,50.47286356029451,5.221310423369017e-05,2.2869707402339197e-30,5.221310423369017e-05,0.0021019152015166217
BaF2_NIR,"BaF$_2$, 0.8 $\mu$m",BaF2,NIR,1,0.8,100.0,0.9441088245630304,,8869310249438.2,1.4703952174881585,,10.6,1.0,0.9637429121010729,"{'atomic_density_m3': 5.038950896902158e+28, 'binding_energy_ev_per_atom': 6.013333333333334, 'threshold_fluence_jm2': 6403.961102067429, 'threshold_fluence_jcm2': 0.6403961102067429, 'F0_jcm2': 0.9441088245630304, 'F0_over_Fth': 1.474257587633126}",361.0,226.6,429.7,component_scaling,5,32374575428.1764,44.87841774412804,0.0002703313998112392,7.754494506145594e-29,0.0002703313998112392,0.01088286174986623
BaF2_NIR,"BaF$_2$, 0.8 $\mu$m",BaF2,NIR,1,0.8,100.0,0.9441088245630304,,8869310249438.2,1.4703952174881585,,10.6,1.0,0.9637429121010729,"{'atomic_density_m3': 5.038950896902158e+28, 'binding_energy_ev_per_atom': 6.013333333333334, 'threshold_fluence_jm2': 6403.961102067429, 'threshold_fluence_jcm2': 0.6403961102067429, 'F0_jcm2': 0.9441088245630304, 'F0_over_Fth': 1.474257587633126}",361.0,226.6,429.7,component_scaling,6,40949150623.80419,39.904064028593716,0.0013994856455952188,2.628822074183304e-27,0.0013994856455952188,0.056341570341504874
BaF2_NIR,"BaF$_2$, 0.8 $\mu$m",BaF2,NIR,1,0.8,100.0,0.9441088245630304,,8869310249438.2,1.4703952174881585,,10.6,1.0,0.9637429121010729,"{'atomic_density_m3': 5.038950896902158e+28, 'binding_energy_ev_per_atom': 6.013333333333334, 'threshold_fluence_jm2': 6403.961102067429, 'threshold_fluence_jcm2': 0.6403961102067429, 'F0_jcm2': 0.9441088245630304, 'F0_over_Fth': 1.474257587633126}",361.0,226.6,429.7,component_scaling,7,51794746792.31202,35.48107099222433,0.007244080248763813,8.908475702721678e-26,0.007244080248763813,0.2916313870814643
BaF2_NIR,"BaF$_2$, 0.8 $\mu$m",BaF2,NIR,1,0.8,100.0,0.9441088245630304,,8869310249438.2,1.4703952174881585,,10.6,1.0,0.9637429121010729,"{'atomic_density_m3': 5.038950896902158e+28, 'binding_energy_ev_per_atom': 6.013333333333334, 'threshold_fluence_jm2': 6403.961102067429, 'threshold_fluence_jcm2': 0.6403961102067429, 'F0_jcm2': 0.9441088245630304, 'F0_over_Fth': 1.474257587633126}",361.0,226.6,429.7,component_scaling,8,65512855685.954956,31.548325450088964,0.03749086367774362,3.0242810933613537e-24,0.03749086367774362,1.511728647580752
BaF2_NIR,"BaF$_2$, 0.8 $\mu$m",BaF2,NIR,1,0.8,100.0,0.9441088245630304,,8869310249438.2,1.4703952174881585,,10.6,1.0,0.9637429121010729,"{'atomic_density_m3': 5.038950896902158e+28, 'binding_energy_ev_per_atom': 6.013333333333334, 'threshold_fluence_jm2': 6403.961102067429, 'threshold_fluence_jcm2': 0.6403961102067429, 'F0_jcm2': 0.9441088245630304, 'F0_over_Fth': 1.474257587633126}",361.0,226.6,429.7,component_scaling,9,82864277285.4686,28.051488043380875,0.19398818167713194,1.0223873177297562e-22,0.19398818167713194,7.810997986218124
BaF2_NIR,"BaF$_2$, 0.8 $\mu$m",BaF2,NIR,1,0.8,100.0,0.9441088245630304,,8869310249438.2,1.4703952174881585,,10.6,1.0,0.9637429121010729,"{'atomic_density_m3': 5.038950896902158e+28, 'binding_energy_ev_per_atom': 6.013333333333334, 'threshold_fluence_jm2': 6403.961102067429, 'threshold_fluence_jcm2': 0.6403961102067429, 'F0_jcm2': 0.9441088245630304, 'F0_over_Fth': 1.474257587633126}",361.0,226.6,429.7,component_scaling,10,104811313415.46873,24.942242424018197,1.0034770096067553,3.4691479011943844e-21,1.0034770096067553,40.47942126696509
BaF2_NIR,"BaF$_2$, 0.8 $\mu$m",BaF2,NIR,1,0.8,100.0,0.9441088245630304,,8869310249438.2,1.4703952174881585,,10.6,1.0,0.9637429121010729,"{'atomic_density_m3': 5.038950896902158e+28, 'binding_energy_ev_per_atom': 6.013333333333334, 'threshold_fluence_jm2': 6403.961102067429, 'threshold_fluence_jcm2': 0.6403961102067429, 'F0_jcm2': 0.9441088245630304, 'F0_over_Fth': 1.474257587633126}",361.0,226.6,429.7,component_scaling,11,132571136559.0111,22.177627660122994,5.1890682242331,1.17309752895428e-19,5.1890682242331,209.30629759870823
BaF2_NIR,"BaF$_2$, 0.8 $\mu$m",BaF2,NIR,1,0.8,100.0,0.9441088245630304,,8869310249438.2,1.4703952174881585,,10.6,1.0,0.9637429121010729,"{'atomic_density_m3': 5.038950896902158e+28, 'binding_energy_ev_per_atom': 6.013333333333334, 'threshold_fluence_jm2': 6403.961102067429, 'threshold_fluence_jcm2': 0.6403961102067429, 'F0_jcm2': 0.9441088245630304, 'F0_over_Fth': 1.474257587633126}",361.0,226.6,429.7,component_scaling,12,167683293681.101,19.71944463812231,26.82125794397923,3.9650900840853195e-18,26.82125794397923,1082.0108094822992
BaF2_NIR,"BaF$_2$, 0.8 $\mu$m",BaF2,NIR,1,0.8,100.0,0.9441088245630304,,8869310249438.2,1.4703952174881585,,10.6,1.0,0.9637429121010729,"{'atomic_density_m3': 5.038950896902158e+28, 'binding_energy_ev_per_atom': 6.013333333333334, 'threshold_fluence_jm2': 6403.961102067429, 'threshold_fluence_jcm2': 0.6403961102067429, 'F0_jcm2': 0.9441088245630304, 'F0_over_Fth': 1.474257587633126}",361.0,226.6,429.7,component_scaling,13,212095088792.01926,17.533728259635428,138.55500415874442,1.3387686602715075e-16,138.55500415874442,5590.503758338595
BaF2_NIR,"BaF$_2$, 0.8 $\mu$m",BaF2,NIR,1,0.8,100.0,0.9441088245630304,,8869310249438.2,1.4703952174881585,,10.6,1.0,0.9637429121010729,"{'atomic_density_m3': 5.038950896902158e+28, 'binding_energy_ev_per_atom': 6.013333333333334, 'threshold_fluence_jm2': 6403.961102067429, 'threshold_fluence_jcm2': 0.6403961102067429, 'F0_jcm2': 0.9441088245630304, 'F0_over_Fth': 1.474257587633126}",361.0,226.6,429.7,component_scaling,14,268269579527.97272,15.590278140409719,715.2327404530874,4.499008449639377e-15,715.2327404530874,28819.986935921643
BaF2_NIR,"BaF$_2$, 0.8 $\mu$m",BaF2,NIR,1,0.8,100.0,0.9441088245630304,,8869310249438.2,1.4703952174881585,,10.6,1.0,0.9637429121010729,"{'atomic_density_m3': 5.038950896902158e+28, 'binding_energy_ev_per_atom': 6.013333333333334, 'threshold_fluence_jm2': 6403.961102067429, 'threshold_fluence_jcm2': 0.6403961102067429, 'F0_jcm2': 0.9441088245630304, 'F0_over_Fth': 1.474257587633126}",361.0,226.6,429.7,component_scaling,15,339322177189.53296,13.862241326899117,3688.5934938224486,1.5142359452223162e-13,3688.5934938224486,148673.58729401027
BaF2_NIR,"BaF$_2$, 0.8 $\mu$m",BaF2,NIR,1,0.8,100.0,0.9441088245630304,,8869310249438.2,1.4703952174881585,,10.6,1.0,0.9637429121010729,"{'atomic_density_m3': 5.038950896902158e+28, 'binding_energy_ev_per_atom': 6.013333333333334, 'threshold_fluence_jm2': 6403.961102067429, 'threshold_fluence_jcm2': 0.6403961102067429, 'F0_jcm2': 0.9441088245630304, 'F0_over_Fth': 1.474257587633126}",361.0,226.6,429.7,component_scaling,16,429193426012.8778,12.3257412648149,18999.38080383514,5.084711467680375e-12,18999.38080383514,766087.3640232543
BaF2_NIR,"BaF$_2$, 0.8 $\mu$m",BaF2,NIR,1,0.8,100.0,0.9441088245630304,,8869310249438.2,1.4703952174881585,,10.6,1.0,0.9637429121010729,"{'atomic_density_m3': 5.038950896902158e+28, 'binding_energy_ev_per_atom': 6.013333333333334, 'threshold_fluence_jm2': 6403.961102067429, 'threshold_fluence_jcm2': 0.6403961102067429, 'F0_jcm2': 0.9441088245630304, 'F0_over_Fth': 1.474257587633126}",361.0,226.6,429.7,component_scaling,17,542867543932.3859,10.959547893049493,97703.81061232105,1.7022132027029935e-10,97703.81061232109,3941571.307483073
BaF2_NIR,"BaF$_2$, 0.8 $\mu$m",BaF2,NIR,1,0.8,100.0,0.9441088245630304,,8869310249438.2,1.4703952174881585,,10.6,1.0,0.9637429121010729,"{'atomic_density_m3': 5.038950896902158e+28, 'binding_energy_ev_per_atom': 6.013333333333334, 'threshold_fluence_jm2': 6403.961102067429, 'threshold_fluence_jcm2': 0.6403961102067429, 'F0_jcm2': 0.9441088245630304, 'F0_over_Fth': 1.474257587633126}",361.0,226.6,429.7,component_scaling,18,686648845004.2998,9.744784304609475,501356.04381630645,5.675545068963164e-09,501356.04381630843,20239307.680323225
BaF2_NIR,"BaF$_2$, 0.8 $\mu$m",BaF2,NIR,1,0.8,100.0,0.9441088245630304,,8869310249438.2,1.4703952174881585,,10.6,1.0,0.9637429121010729,"{'atomic_density_m3': 5.038950896902158e+28, 'binding_energy_ev_per_atom': 6.013333333333334, 'threshold_fluence_jm2': 6403.961102067429, 'threshold_fluence_jcm2': 0.6403961102067429, 'F0_jcm2': 0.9441088245630304, 'F0_over_Fth': 1.474257587633126}",361.0,226.6,429.7,component_scaling,19,868511373751.352,8.664665921446176,2565178.6668291083,1.8821098181212765e-07,2565178.6668291744,103648022.06149572
BaF2_NIR,"BaF$_2$, 0.8 $\mu$m",BaF2,NIR,1,0.8,100.0,0.9441088245630304,,8869310249438.2,1.4703952174881585,,10.6,1.0,0.9637429121010729,"{'atomic_density_m3': 5.038950896902158e+28, 'binding_energy_ev_per_atom': 6.013333333333334, 'threshold_fluence_jm2': 6403.961102067429, 'threshold_fluence_jcm2': 0.6403961102067429, 'F0_jcm2': 0.9441088245630304, 'F0_over_Fth': 1.474257587633126}",361.0,226.6,429.7,component_scaling,20,1098541141987.5573,7.7042685793217665,13072359.041091174,6.195278762562635e-06,13072359.041093364,528859743.4588
BaF2_NIR,"BaF$_2$, 0.8 $\mu$m",BaF2,NIR,1,0.8,100.0,0.9441088245630304,,8869310249438.2,1.4703952174881585,,10.6,1.0,0.9637429121010729,"{'atomic_density_m3': 5.038950896902158e+28, 'binding_energy_ev_per_atom': 6.013333333333334, 'threshold_fluence_jm2': 6403.961102067429, 'threshold_fluence_jcm2': 0.6403961102067429, 'F0_jcm2': 0.9441088245630304, 'F0_over_Fth': 1.474257587633126}",361.0,226.6,429.7,component_scaling,21,1389495494373.136,6.850322318303285,66244135.789578974,0.00020182162840541706,66244135.789650336,2684742584.097833
BaF2_NIR,"BaF$_2$, 0.8 $\mu$m",BaF2,NIR,1,0.8,100.0,0.9441088245630304,,8869310249438.2,1.4703952174881585,,10.6,1.0,0.9637429121010729,"{'atomic_density_m3': 5.038950896902158e+28, 'binding_energy_ev_per_atom': 6.013333333333334, 'threshold_fluence_jm2': 6403.961102067429, 'threshold_fluence_jcm2': 0.6403961102067429, 'F0_jcm2': 0.9441088245630304, 'F0_over_Fth': 1.474257587633126}",361.0,226.6,429.7,component_scaling,22,1757510624854.7966,6.091028029655625,332952715.6258978,0.006476784685814259,332952715.6281898,13528996508.638662
BaF2_NIR,"BaF$_2$, 0.8 $\mu$m",BaF2,NIR,1,0.8,100.0,0.9441088245630304,,8869310249438.2,1.4703952174881585,,10.6,1.0,0.9637429121010729,"{'atomic_density_m3': 5.038950896902158e+28, 'binding_energy_ev_per_atom': 6.013333333333334, 'threshold_fluence_jm2': 6403.961102067429, 'threshold_fluence_jcm2': 0.6403961102067429, 'F0_jcm2': 0.9441088245630304, 'F0_over_Fth': 1.474257587633126}",361.0,226.6,429.7,component_scaling,23,2222996482526.191,5.41589442571512,1652653234.6349037,0.20319399704414468,1652653234.7068896,67422705635.037224
BaF2_NIR,"BaF$_2$, 0.8 $\mu$m",BaF2,NIR,1,0.8,100.0,0.9441088245630304,,8869310249438.2,1.4703952174881585,,10.6,1.0,0.9637429121010729,"{'atomic_density_m3': 5.038950896902158e+28, 'binding_energy_ev_per_atom': 6.013333333333334, 'threshold_fluence_jm2': 6403.961102067429, 'threshold_fluence_jcm2': 0.6403961102067429, 'F0_jcm2': 0.9441088245630304, 'F0_over_Fth': 1.474257587633126}",361.0,226.6,429.7,component_scaling,24,2811768697974.237,4.8155930801307365,8036653646.759386,6.147081309993984,8036653648.9408,330065685014.83545
BaF2_NIR,"BaF$_2$, 0.8 $\mu$m",BaF2,NIR,1,0.8,100.0,0.9441088245630304,,8869310249438.2,1.4703952174881585,,10.6,1.0,0.9637429121010729,"{'atomic_density_m3': 5.038950896902158e+28, 'binding_energy_ev_per_atom': 6.013333333333334, 'threshold_fluence_jm2': 6403.961102067429, 'threshold_fluence_jcm2': 0.6403961102067429, 'F0_jcm2': 0.9441088245630304, 'F0_over_Fth': 1.474257587633126}",361.0,226.6,429.7,component_scaling,25,3556480306223.121,4.281829535541789,37641391080.78873,174.28476067485954,37641391142.8224,1565503992079.8423
BaF2_NIR,"BaF$_2$, 0.8 $\mu$m",BaF2,NIR,1,0.8,100.0,0.9441088245630304,,8869310249438.2,1.4703952174881585,,10.6,1.0,0.9637429121010729,"{'atomic_density_m3': 5.038950896902158e+28, 'binding_energy_ev_per_atom': 6.013333333333334, 'threshold_fluence_jm2': 6403.961102067429, 'threshold_fluence_jcm2': 0.6403961102067429, 'F0_jcm2': 0.9441088245630304, 'F0_over_Fth': 1.474257587633126}",361.0,226.6,429.7,component_scaling,26,4498432668969.453,3.8072286977661727,162042739503.6386,4303.0998538934,162042741045.37454,6944274547410.882
BaF2_NIR,"BaF$_2$, 0.8 $\mu$m",BaF2,NIR,1,0.8,100.0,0.9441088245630304,,8869310249438.2,1.4703952174881585,,10.6,1.0,0.9637429121010729,"{'atomic_density_m3': 5.038950896902158e+28, 'binding_energy_ev_per_atom': 6.013333333333334, 'threshold_fluence_jm2': 6403.961102067429, 'threshold_fluence_jcm2': 0.6403961102067429, 'F0_jcm2': 0.9441088245630304, 'F0_over_Fth': 1.474257587633126}",361.0,226.6,429.7,component_scaling,27,5689866029018.305,3.3852329329734165,499782598536.56647,66996.5324584401,499782623084.579,24713618549201.95
BaF2_NIR,"BaF$_2$, 0.8 $\mu$m",BaF2,NIR,1,0.8,100.0,0.9441088245630304,,8869310249438.2,1.4703952174881585,,10.6,1.0,0.9637429121010729,"{'atomic_density_m3': 5.038950896902158e+28, 'binding_energy_ev_per_atom': 6.013333333333334, 'threshold_fluence_jm2': 6403.961102067429, 'threshold_fluence_jcm2': 0.6403961102067429, 'F0_jcm2': 0.9441088245630304, 'F0_over_Fth': 1.474257587633126}",361.0,226.6,429.7,component_scaling,28,7196856730011.528,3.0100114598347214,517768898519.43243,47891.311074352016,517768933991.58405,20744638142704.336
BaF2_NIR,"BaF$_2$, 0.8 $\mu$m",BaF2,NIR,1,0.8,100.0,0.9441088245630304,,8869310249438.2,1.4703952174881585,,10.6,1.0,0.9637429121010729,"{'atomic_density_m3': 5.038950896902158e+28, 'binding_energy_ev_per_atom': 6.013333333333334, 'threshold_fluence_jm2': 6403.961102067429, 'threshold_fluence_jcm2': 0.6403961102067429, 'F0_jcm2': 0.9441088245630304, 'F0_over_Fth': 1.474257587633126}",361.0,226.6,429.7,component_scaling,29,9102981779915.227,2.6763797847075645,959799273432.5375,337619.0919385776,959799419272.2113,47627218193632.164
BaF2_NIR,"BaF$_2$, 0.8 $\mu$m",BaF2,NIR,1,0.8,100.0,0.9441088245630304,,8869310249438.2,1.4703952174881585,,10.6,1.0,0.9637429121010729,"{'atomic_density_m3': 5.038950896902158e+28, 'binding_energy_ev_per_atom': 6.013333333333334, 'threshold_fluence_jm2': 6403.961102067429, 'threshold_fluence_jcm2': 0.6403961102067429, 'F0_jcm2': 0.9441088245630304, 'F0_over_Fth': 1.474257587633126}",361.0,226.6,429.7,component_scaling,30,11513953993264.48,2.379728066678068,5919651694664.108,12690721.449455628,5919656260327.287,235802172342163.16
BaF2_NIR,"BaF$_2$, 0.8 $\mu$m",BaF2,NIR,1,0.8,100.0,0.9441088245630304,,8869310249438.2,1.4703952174881585,,10.6,1.0,0.9637429121010729,"{'atomic_density_m3': 5.038950896902158e+28, 'binding_energy_ev_per_atom': 6.013333333333334, 'threshold_fluence_jm2': 6403.961102067429, 'threshold_fluence_jcm2': 0.6403961102067429, 'F0_jcm2': 0.9441088245630304, 'F0_over_Fth': 1.474257587633126}",361.0,226.6,429.7,component_scaling,31,14563484775012.443,2.1159574226697857,36074217688507.414,578329003.6990886,36074419761635.8,1393807674130780.0
BaF2_NIR,"BaF$_2$, 0.8 $\mu$m",BaF2,NIR,1,0.8,100.0,0.9441088245630304,,8869310249438.2,1.4703952174881585,,10.6,1.0,0.9637429121010729,"{'atomic_density_m3': 5.038950896902158e+28, 'binding_energy_ev_per_atom': 6.013333333333334, 'threshold_fluence_jm2': 6403.961102067429, 'threshold_fluence_jcm2': 0.6403961102067429, 'F0_jcm2': 0.9441088245630304, 'F0_over_Fth': 1.474257587633126}",361.0,226.6,429.7,component_scaling,32,18420699693267.164,1.881423292536665,216946422104487.1,26485813378.293667,216955644487935.88,8373358734378975.0
BaF2_NIR,"BaF$_2$, 0.8 $\mu$m",BaF2,NIR,1,0.8,100.0,0.9441088245630304,,8869310249438.2,1.4703952174881585,,10.6,1.0,0.9637429121010729,"{'atomic_density_m3': 5.038950896902158e+28, 'binding_energy_ev_per_atom': 6.013333333333334, 'threshold_fluence_jm2': 6403.961102067429, 'threshold_fluence_jcm2': 0.6403961102067429, 'F0_jcm2': 0.9441088245630304, 'F0_over_Fth': 1.474257587633126}",361.0,226.6,429.7,component_scaling,33,23299518105153.72,1.6728850816068217,1285007729399564.8,1184100891265.0198,1285419956692890.8,4.983738683542977e+16
BaF2_NIR,"BaF$_2$, 0.8 $\mu$m",BaF2,NIR,1,0.8,100.0,0.9441088245630304,,8869310249438.2,1.4703952174881585,,10.6,1.0,0.9637429121010729,"{'atomic_density_m3': 5.038950896902158e+28, 'binding_energy_ev_per_atom': 6.013333333333334, 'threshold_fluence_jm2': 6403.961102067429, 'threshold_fluence_jcm2': 0.6403961102067429, 'F0_jcm2': 0.9441088245630304, 'F0_over_Fth': 1.474257587633126}",361.0,226.6,429.7,component_scaling,34,29470517025518.098,1.4874613848803113,7447309560211112.0,51223267653555.086,7465073108049944.0,2.93371653993388e+17
BaF2_NIR,"BaF$_2$, 0.8 $\mu$m",BaF2,NIR,1,0.8,100.0,0.9441088245630304,,8869310249438.2,1.4703952174881585,,10.6,1.0,0.9637429121010729,"{'atomic_density_m3': 5.038950896902158e+28, 'binding_energy_ev_per_atom': 6.013333333333334, 'threshold_fluence_jm2': 6403.961102067429, 'threshold_fluence_jcm2': 0.6403961102067429, 'F0_jcm2': 0.9441088245630304, 'F0_over_Fth': 1.474257587633126}",361.0,226.6,429.7,component_scaling,35,37275937203149.38,1.322590174206639,4.0878188699018696e+16,2121132379515012.0,4.158749215791455e+16,1.7524392405017551e+18
BaF2_NIR,"BaF$_2$, 0.8 $\mu$m",BaF2,NIR,1,0.8,100.0,0.9441088245630304,,8869310249438.2,1.4703952174881585,,10.6,1.0,0.9637429121010729,"{'atomic_density_m3': 5.038950896902158e+28, 'binding_energy_ev_per_atom': 6.013333333333334, 'threshold_fluence_jm2': 6403.961102067429, 'threshold_fluence_jcm2': 0.6403961102067429, 'F0_jcm2': 0.9441088245630304, 'F0_over_Fth': 1.474257587633126}",361.0,226.6,429.7,component_scaling,36,47148663634573.9,1.1759933983420354,1.5559086508829626e+17,7.542763141510736e+16,1.8276539566798397e+17,1.2385200221482201e+19
BaF2_NIR,"BaF$_2$, 0.8 $\mu$m",BaF2,NIR,1,0.8,100.0,0.9441088245630304,,8869310249438.2,1.4703952174881585,,10.6,1.0,0.9637429121010729,"{'atomic_density_m3': 5.038950896902158e+28, 'binding_energy_ev_per_atom': 6.013333333333334, 'threshold_fluence_jm2': 6403.961102067429, 'threshold_fluence_jcm2': 0.6403961102067429, 'F0_jcm2': 0.9441088245630304, 'F0_over_Fth': 1.474257587633126}",361.0,226.6,429.7,component_scaling,37,59636233165946.37,1.0456455067599633,1.5847566596513747e+17,2.3481569128219424e+17,3.1901286234535635e+17,2.6306316806909354e+19
BaF2_NIR,"BaF$_2$, 0.8 $\mu$m",BaF2,NIR,1,0.8,100.0,0.9441088245630304,,8869310249438.2,1.4703952174881585,,10.6,1.0,0.9637429121010729,"{'atomic_density_m3': 5.038950896902158e+28, 'binding_energy_ev_per_atom': 6.013333333333334, 'threshold_fluence_jm2': 6403.961102067429, 'threshold_fluence_jcm2': 0.6403961102067429, 'F0_jcm2': 0.9441088245630304, 'F0_over_Fth': 1.474257587633126}",361.0,226.6,429.7,component_scaling,38,75431200633546.08,0.9297454623034326,9.477375964626644e+17,7.948907260321835e+20,7.95316018190278e+20,3.5226738470480127e+22
BaF2_NIR,"BaF$_2$, 0.8 $\mu$m",BaF2,NIR,1,0.8,100.0,0.9441088245630304,,8869310249438.2,1.4703952174881585,,10.6,1.0,0.9637429121010729,"{'atomic_density_m3': 5.038950896902158e+28, 'binding_energy_ev_per_atom': 6.013333333333334, 'threshold_fluence_jm2': 6403.961102067429, 'threshold_fluence_jcm2': 0.6403961102067429, 'F0_jcm2': 0.9441088245630304, 'F0_over_Fth': 1.474257587633126}",361.0,226.6,429.7,component_scaling,39,95409547634999.64,0.8266918559735734,4.5286466851298145e+18,1.141867080569478e+21,1.1463865109142515e+21,7.19858343482458e+22
BaF2_NIR,"BaF$_2$, 0.8 $\mu$m",BaF2,NIR,1,0.8,100.0,0.9441088245630304,,8869310249438.2,1.4703952174881585,,10.6,1.0,0.9637429121010729,"{'atomic_density_m3': 5.038950896902158e+28, 'binding_energy_ev_per_atom': 6.013333333333334, 'threshold_fluence_jm2': 6403.961102067429, 'threshold_fluence_jcm2': 0.6403961102067429, 'F0_jcm2': 0.9441088245630304, 'F0_over_Fth': 1.474257587633126}",361.0,226.6,429.7,component_scaling,40,120679264063932.64,0.7350607800116296,6.152882204167502e+18,1.4485042163120865e+21,1.4546570985162542e+21,1.0974620497589497e+23
BaF2_NIR,"BaF$_2$, 0.8 $\mu$m",BaF2,NIR,1,0.8,100.0,0.9441088245630304,,8869310249438.2,1.4703952174881585,,10.6,1.0,0.9637429121010729,"{'atomic_density_m3': 5.038950896902158e+28, 'binding_energy_ev_per_atom': 6.013333333333334, 'threshold_fluence_jm2': 6403.961102067429, 'threshold_fluence_jcm2': 0.6403961102067429, 'F0_jcm2': 0.9441088245630304, 'F0_over_Fth': 1.474257587633126}",361.0,226.6,429.7,component_scaling,41,152641796717523.66,0.6535861535432558,3.146064159704544e+19,1.8326350624475395e+21,1.8640957040445848e+21,1.5440962571346253e+23
BaF2_NIR,"BaF$_2$, 0.8 $\mu$m",BaF2,NIR,1,0.8,100.0,0.9441088245630304,,8869310249438.2,1.4703952174881585,,10.6,1.0,0.9637429121010729,"{'atomic_density_m3': 5.038950896902158e+28, 'binding_energy_ev_per_atom': 6.013333333333334, 'threshold_fluence_jm2': 6403.961102067429, 'threshold_fluence_jcm2': 0.6403961102067429, 'F0_jcm2': 0.9441088245630304, 'F0_over_Fth': 1.474257587633126}",361.0,226.6,429.7,component_scaling,42,193069772888324.56,0.5811422289415463,5.379102650863271e+19,2.3181925767710077e+21,2.3719836032796407e+21,2.0911586791020154e+23
BaF2_NIR,"BaF$_2$, 0.8 $\mu$m",BaF2,NIR,1,0.8,100.0,0.9441088245630304,,8869310249438.2,1.4703952174881585,,10.6,1.0,0.9637429121010729,"{'atomic_density_m3': 5.038950896902158e+28, 'binding_energy_ev_per_atom': 6.013333333333334, 'threshold_fluence_jm2': 6403.961102067429, 'threshold_fluence_jcm2': 0.6403961102067429, 'F0_jcm2': 0.9441088245630304, 'F0_over_Fth': 1.474257587633126}",361.0,226.6,429.7,component_scaling,43,244205309454865.47,0.5167280371963936,1.2233433921938871e+20,2.932267630175526e+21,3.028543572637238e+21,2.795321745832115e+23
BaF2_NIR,"BaF$_2$, 0.8 $\mu$m",BaF2,NIR,1,0.8,100.0,0.9441088245630304,,8869310249438.2,1.4703952174881585,,10.6,1.0,0.9637429121010729,"{'atomic_density_m3': 5.038950896902158e+28, 'binding_energy_ev_per_atom': 6.013333333333334, 'threshold_fluence_jm2': 6403.961102067429, 'threshold_fluence_jcm2': 0.6403961102067429, 'F0_jcm2': 0.9441088245630304, 'F0_over_Fth': 1.474257587633126}",361.0,226.6,429.7,component_scaling,44,308884359647748.5,0.4594535573695072,3.281470475500433e+20,3.7089474902938773e+21,3.907765317050021e+21,3.729436753397911e+23
BaF2_NIR,"BaF$_2$, 0.8 $\mu$m",BaF2,NIR,1,0.8,100.0,0.9441088245630304,,8869310249438.2,1.4703952174881585,,10.6,1.0,0.9637429121010729,"{'atomic_density_m3': 5.038950896902158e+28, 'binding_energy_ev_per_atom': 6.013333333333334, 'threshold_fluence_jm2': 6403.961102067429, 'threshold_fluence_jcm2': 0.6403961102067429, 'F0_jcm2': 0.9441088245630304, 'F0_over_Fth': 1.474257587633126}",361.0,226.6,429.7,component_scaling,45,390693993705462.06,0.40852741903622103,7.167094840189513e+20,4.691315666116529e+21,5.234045574889616e+21,4.984176026798981e+23
BaF2_NIR,"BaF$_2$, 0.8 $\mu$m",BaF2,NIR,1,0.8,100.0,0.9441088245630304,,8869310249438.2,1.4703952174881585,,10.6,1.0,0.9637429121010729,"{'atomic_density_m3': 5.038950896902158e+28, 'binding_energy_ev_per_atom': 6.013333333333334, 'threshold_fluence_jm2': 6403.961102067429, 'threshold_fluence_jcm2': 0.6403961102067429, 'F0_jcm2': 0.9441088245630304, 'F0_over_Fth': 1.474257587633126}",361.0,226.6,429.7,component_scaling,46,494171336132383.8,0.36324596779685847,1.3624828729828238e+21,5.933857730080981e+21,7.030549502889399e+21,6.702074061030492e+23
BaF2_NIR,"BaF$_2$, 0.8 $\mu$m",BaF2,NIR,1,0.8,100.0,0.9441088245630304,,8869310249438.2,1.4703952174881585,,10.6,1.0,0.9637429121010729,"{'atomic_density_m3': 5.038950896902158e+28, 'binding_energy_ev_per_atom': 6.013333333333334, 'threshold_fluence_jm2': 6403.961102067429, 'threshold_fluence_jcm2': 0.6403961102067429, 'F0_jcm2': 0.9441088245630304, 'F0_over_Fth': 1.474257587633126}",361.0,226.6,429.7,component_scaling,47,625055192527397.6,0.3229835427740961,2.8377859991774943e+21,7.505486749204417e+21,1.0343272748381911e+22,9.242747781858605e+23
BaF2_NIR,"BaF$_2$, 0.8 $\mu$m",BaF2,NIR,1,0.8,100.0,0.9441088245630304,,8869310249438.2,1.4703952174881585,,10.6,1.0,0.9637429121010729,"{'atomic_density_m3': 5.038950896902158e+28, 'binding_energy_ev_per_atom': 6.013333333333334, 'threshold_fluence_jm2': 6403.961102067429, 'threshold_fluence_jcm2': 0.6403961102067429, 'F0_jcm2': 0.9441088245630304, 'F0_over_Fth': 1.474257587633126}",361.0,226.6,429.7,component_scaling,48,790604321090770.1,0.2871838317589951,5.650457715530807e+21,9.493364379279245e+21,1.4871861724002973e+22,1.2894970278274013e+24
BaF2_NIR,"BaF$_2$, 0.8 $\mu$m",BaF2,NIR,1,0.8,100.0,0.9441088245630304,,8869310249438.2,1.4703952174881585,,10.6,1.0,0.9637429121010729,"{'atomic_density_m3': 5.038950896902158e+28, 'binding_energy_ev_per_atom': 6.013333333333334, 'threshold_fluence_jm2': 6403.961102067429, 'threshold_fluence_jcm2': 0.6403961102067429, 'F0_jcm2': 0.9441088245630304, 'F0_over_Fth': 1.474257587633126}",361.0,226.6,429.7,component_scaling,49,1000000000000000.0,0.2553521845584059,1.1164048990577764e+22,1.2007738562744599e+22,2.3171787553322362e+22,1.8790225308108772e+24
BaF2_LWIR,"BaF$_2$, 9.2 $\mu$m",BaF2,LWIR,1,9.2,2000.0,4.57,,2146614181828.7034,1.411930517389365,,10.6,1.0,0.9708312143110066,"{'atomic_density_m3': 5.038950896902158e+28, 'binding_energy_ev_per_atom': 6.013333333333334, 'threshold_fluence_jm2': 73645.55267377541, 'threshold_fluence_jcm2': 7.364555267377542, 'F0_jcm2': 4.57, 'F0_over_Fth': 0.620539847157307}",,,,component_scaling,0,10000000000.0,6.88067997684745,6.464263747129918e-143,8.554249359059815e-303,6.464263747129918e-143,1.552162473906573e-140
BaF2_LWIR,"BaF$_2$, 9.2 $\mu$m",BaF2,LWIR,1,9.2,2000.0,4.57,,2146614181828.7034,1.411930517389365,,10.6,1.0,0.9708312143110066,"{'atomic_density_m3': 5.038950896902158e+28, 'binding_energy_ev_per_atom': 6.013333333333334, 'threshold_fluence_jm2': 73645.55267377541, 'threshold_fluence_jcm2': 7.364555267377542, 'F0_jcm2': 4.57, 'F0_over_Fth': 0.620539847157307}",,,,component_scaling,1,12648552168.552958,6.118020825106031,8.239620544884709e-135,1.7600491621631049e-286,8.239620544884709e-135,1.9796855530358618e-132
BaF2_LWIR,"BaF$_2$, 9.2 $\mu$m",BaF2,LWIR,1,9.2,2000.0,4.57,,2146614181828.7034,1.411930517389365,,10.6,1.0,0.9708312143110066,"{'atomic_density_m3': 5.038950896902158e+28, 'binding_energy_ev_per_atom': 6.013333333333334, 'threshold_fluence_jm2': 73645.55267377541, 'threshold_fluence_jcm2': 7.364555267377542, 'F0_jcm2': 4.57, 'F0_over_Fth': 0.620539847157307}",,,,component_scaling,2,15998587196.060574,5.439895321738335,1.0241237684050605e-126,3.4439318567893296e-270,1.0241237684050605e-126,2.462354415707317e-124
BaF2_LWIR,"BaF$_2$, 9.2 $\mu$m",BaF2,LWIR,1,9.2,2000.0,4.57,,2146614181828.7034,1.411930517389365,,10.6,1.0,0.9708312143110066,"{'atomic_density_m3': 5.038950896902158e+28, 'binding_energy_ev_per_atom': 6.013333333333334, 'threshold_fluence_jm2': 73645.55267377541, 'threshold_fluence_jcm2': 7.364555267377542, 'F0_jcm2': 4.57, 'F0_over_Fth': 0.620539847157307}",,,,component_scaling,3,20235896477.251556,4.836933700852146,1.2330102046208998e-118,6.327118389243608e-254,1.2330102046208998e-118,2.9676990008799705e-116
BaF2_LWIR,"BaF$_2$, 9.2 $\mu$m",BaF2,LWIR,1,9.2,2000.0,4.57,,2146614181828.7034,1.411930517389365,,10.6,1.0,0.9708312143110066,"{'atomic_density_m3': 5.038950896902158e+28, 'binding_energy_ev_per_atom': 6.013333333333334, 'threshold_fluence_jm2': 73645.55267377541, 'threshold_fluence_jcm2': 7.364555267377542, 'F0_jcm2': 4.57, 'F0_over_Fth': 0.620539847157307}",,,,component_scaling,4,25595479226.99533,4.300804747647793,1.3777188720826502e-110,1.0061573686275333e-237,1.3777188720826502e-110,3.327924743677205e-108
BaF2_LWIR,"BaF$_2$, 9.2 $\mu$m",BaF2,LWIR,1,9.2,2000.0,4.57,,2146614181828.7034,1.411930517389365,,10.6,1.0,0.9708312143110066,"{'atomic_density_m3': 5.038950896902158e+28, 'binding_energy_ev_per_atom': 6.013333333333334, 'threshold_fluence_jm2': 73645.55267377541, 'threshold_fluence_jcm2': 7.364555267377542, 'F0_jcm2': 4.57, 'F0_over_Fth': 0.620539847157307}",,,,component_scaling,5,32374575428.1764,3.8241006847232777,5.695409967613511e-103,2.9220031661166e-222,5.695409967613511e-103,1.5992500673981108e-100
BaF2_LWIR,"BaF$_2$, 9.2 $\mu$m",BaF2,LWIR,1,9.2,2000.0,4.57,,2146614181828.7034,1.411930517389365,,10.6,1.0,0.9708312143110066,"{'atomic_density_m3': 5.038950896902158e+28, 'binding_energy_ev_per_atom': 6.013333333333334, 'threshold_fluence_jm2': 73645.55267377541, 'threshold_fluence_jcm2': 7.364555267377542, 'F0_jcm2': 4.57, 'F0_over_Fth': 0.620539847157307}",,,,component_scaling,6,40949150623.80419,3.400234817658044,2.4357191969311397e-96,4.993272418590309e-209,2.4357191969311397e-96,5.860634038440575e-94
BaF2_LWIR,"BaF$_2$, 9.2 $\mu$m",BaF2,LWIR,1,9.2,2000.0,4.57,,2146614181828.7034,1.411930517389365,,10.6,1.0,0.9708312143110066,"{'atomic_density_m3': 5.038950896902158e+28, 'binding_energy_ev_per_atom': 6.013333333333334, 'threshold_fluence_jm2': 73645.55267377541, 'threshold_fluence_jcm2': 7.364555267377542, 'F0_jcm2': 4.57, 'F0_over_Fth': 0.620539847157307}",,,,component_scaling,7,51794746792.31202,3.0233505256283966,2.631565985705083e-88,7.513434939062919e-193,2.631565985705083e-88,6.393670483335529e-86
BaF2_LWIR,"BaF$_2$, 9.2 $\mu$m",BaF2,LWIR,1,9.2,2000.0,4.57,,2146614181828.7034,1.411930517389365,,10.6,1.0,0.9708312143110066,"{'atomic_density_m3': 5.038950896902158e+28, 'binding_energy_ev_per_atom': 6.013333333333334, 'threshold_fluence_jm2': 73645.55267377541, 'threshold_fluence_jcm2': 7.364555267377542, 'F0_jcm2': 4.57, 'F0_over_Fth': 0.620539847157307}",,,,component_scaling,8,65512855685.954956,2.688240339563737,7.037121600754842e-82,6.678476596669692e-180,7.037121600754842e-82,1.694693028117047e-79
BaF2_LWIR,"BaF$_2$, 9.2 $\mu$m",BaF2,LWIR,1,9.2,2000.0,4.57,,2146614181828.7034,1.411930517389365,,10.6,1.0,0.9708312143110066,"{'atomic_density_m3': 5.038950896902158e+28, 'binding_energy_ev_per_atom': 6.013333333333334, 'threshold_fluence_jm2': 73645.55267377541, 'threshold_fluence_jcm2': 7.364555267377542, 'F0_jcm2': 4.57, 'F0_over_Fth': 0.620539847157307}",,,,component_scaling,9,82864277285.4686,2.3902739897338567,2.4521390873074493e-74,1.9817657479645182e-164,2.4521390873074493e-74,8.242062124906369e-72
BaF2_LWIR,"BaF$_2$, 9.2 $\mu$m",BaF2,LWIR,1,9.2,2000.0,4.57,,2146614181828.7034,1.411930517389365,,10.6,1.0,0.9708312143110066,"{'atomic_density_m3': 5.038950896902158e+28, 'binding_energy_ev_per_atom': 6.013333333333334, 'threshold_fluence_jm2': 73645.55267377541, 'threshold_fluence_jcm2': 7.364555267377542, 'F0_jcm2': 4.57, 'F0_over_Fth': 0.620539847157307}",,,,component_scaling,10,104811313415.46873,2.125334428589605,2.3789944478308352e-67,1.2965069931724542e-150,2.3789944478308352e-67,5.906001202161987e-65
BaF2_LWIR,"BaF$_2$, 9.2 $\mu$m",BaF2,LWIR,1,9.2,2000.0,4.57,,2146614181828.7034,1.411930517389365,,10.6,1.0,0.9708312143110066,"{'atomic_density_m3': 5.038950896902158e+28, 'binding_energy_ev_per_atom': 6.013333333333334, 'threshold_fluence_jm2': 73645.55267377541, 'threshold_fluence_jcm2': 7.364555267377542, 'F0_jcm2': 4.57, 'F0_over_Fth': 0.620539847157307}",,,,component_scaling,11,132571136559.0111,1.8897609448744621,9.13405209634371e-61,2.600175609794667e-137,9.13405209634371e-61,2.3527969374106025e-58
BaF2_LWIR,"BaF$_2$, 9.2 $\mu$m",BaF2,LWIR,1,9.2,2000.0,4.57,,2146614181828.7034,1.411930517389365,,10.6,1.0,0.9708312143110066,"{'atomic_density_m3': 5.038950896902158e+28, 'binding_energy_ev_per_atom': 6.013333333333334, 'threshold_fluence_jm2': 73645.55267377541, 'threshold_fluence_jcm2': 7.364555267377542, 'F0_jcm2': 4.57, 'F0_over_Fth': 0.620539847157307}",,,,component_scaling,12,167683293681.101,1.6802985830059247,3.5438477383112534e-55,5.848524645505313e-126,3.5438477383112534e-55,1.0066391638739066e-52
BaF2_LWIR,"BaF$_2$, 9.2 $\mu$m",BaF2,LWIR,1,9.2,2000.0,4.57,,2146614181828.7034,1.411930517389365,,10.6,1.0,0.9708312143110066,"{'atomic_density_m3': 5.038950896902158e+28, 'binding_energy_ev_per_atom': 6.013333333333334, 'threshold_fluence_jm2': 73645.55267377541, 'threshold_fluence_jcm2': 7.364555267377542, 'F0_jcm2': 4.57, 'F0_over_Fth': 0.620539847157307}",,,,component_scaling,13,212095088792.01926,1.4940531688463266,2.12543946042996e-48,2.1391281170777695e-112,2.12543946042996e-48,5.333226805512921e-46
BaF2_LWIR,"BaF$_2$, 9.2 $\mu$m",BaF2,LWIR,1,9.2,2000.0,4.57,,2146614181828.7034,1.411930517389365,,10.6,1.0,0.9708312143110066,"{'atomic_density_m3': 5.038950896902158e+28, 'binding_energy_ev_per_atom': 6.013333333333334, 'threshold_fluence_jm2': 73645.55267377541, 'threshold_fluence_jcm2': 7.364555267377542, 'F0_jcm2': 4.57, 'F0_over_Fth': 0.620539847157307}",,,,component_scaling,14,268269579527.97272,1.3284513204471824,1.2893992407096885e-42,9.989505953036304e-101,1.2893992407096885e-42,3.242102595172914e-40
BaF2_LWIR,"BaF$_2$, 9.2 $\mu$m",BaF2,LWIR,1,9.2,2000.0,4.57,,2146614181828.7034,1.411930517389365,,10.6,1.0,0.9708312143110066,"{'atomic_density_m3': 5.038950896902158e+28, 'binding_energy_ev_per_atom': 6.013333333333334, 'threshold_fluence_jm2': 73645.55267377541, 'threshold_fluence_jcm2': 7.364555267377542, 'F0_jcm2': 4.57, 'F0_over_Fth': 0.620539847157307}",,,,component_scaling,15,339322177189.53296,1.1812048912292639,1.2407704496232272e-37,1.877892924738448e-90,1.2407704496232272e-37,3.9967224880256574e-35
BaF2_LWIR,"BaF$_2$, 9.2 $\mu$m",BaF2,LWIR,1,9.2,2000.0,4.57,,2146614181828.7034,1.411930517389365,,10.6,1.0,0.9708312143110066,"{'atomic_density_m3': 5.038950896902158e+28, 'binding_energy_ev_per_atom': 6.013333333333334, 'threshold_fluence_jm2': 73645.55267377541, 'threshold_fluence_jcm2': 7.364555267377542, 'F0_jcm2': 4.57, 'F0_over_Fth': 0.620539847157307}",,,,component_scaling,16,429193426012.8778,1.0502793543042817,2.0316917729935067e-32,7.440779881281494e-80,2.0316917729935067e-32,7.070756464980528e-30
BaF2_LWIR,"BaF$_2$, 9.2 $\mu$m",BaF2,LWIR,1,9.2,2000.0,4.57,,2146614181828.7034,1.411930517389365,,10.6,1.0,0.9708312143110066,"{'atomic_density_m3': 5.038950896902158e+28, 'binding_energy_ev_per_atom': 6.013333333333334, 'threshold_fluence_jm2': 73645.55267377541, 'threshold_fluence_jcm2': 7.364555267377542, 'F0_jcm2': 4.57, 'F0_over_Fth': 0.620539847157307}",,,,component_scaling,17,542867543932.3859,0.9338656910994092,4.05594998714848e-27,2.072564296147783e-69,4.05594998714848e-27,1.0495450284342228e-24
BaF2_LWIR,"BaF$_2$, 9.2 $\mu$m",BaF2,LWIR,1,9.2,2000.0,4.57,,2146614181828.7034,1.411930517389365,,10.6,1.0,0.9708312143110066,"{'atomic_density_m3': 5.038950896902158e+28, 'binding_energy_ev_per_atom': 6.013333333333334, 'threshold_fluence_jm2': 73645.55267377541, 'threshold_fluence_jcm2': 7.364555267377542, 'F0_jcm2': 4.57, 'F0_over_Fth': 0.620539847157307}",,,,component_scaling,18,686648845004.2998,0.8303553958653891,8.793000678621603e-23,1.3508447021243006e-60,8.793000678621603e-23,2.3951711973793186e-20
BaF2_LWIR,"BaF$_2$, 9.2 $\mu$m",BaF2,LWIR,1,9.2,2000.0,4.57,,2146614181828.7034,1.411930517389365,,10.6,1.0,0.9708312143110066,"{'atomic_density_m3': 5.038950896902158e+28, 'binding_energy_ev_per_atom': 6.013333333333334, 'threshold_fluence_jm2': 73645.55267377541, 'threshold_fluence_jcm2': 7.364555267377542, 'F0_jcm2': 4.57, 'F0_over_Fth': 0.620539847157307}",,,,component_scaling,19,868511373751.352,0.7383182507016113,1.1226664783176894e-18,4.163949112338305e-52,1.1226664783176894e-18,3.7457708260733754e-16
BaF2_LWIR,"BaF$_2$, 9.2 $\mu$m",BaF2,LWIR,1,9.2,2000.0,4.57,,2146614181828.7034,1.411930517389365,,10.6,1.0,0.9708312143110066,"{'atomic_density_m3': 5.038950896902158e+28, 'binding_energy_ev_per_atom': 6.013333333333334, 'threshold_fluence_jm2': 73645.55267377541, 'threshold_fluence_jcm2': 7.364555267377542, 'F0_jcm2': 4.57, 'F0_over_Fth': 0.620539847157307}",,,,component_scaling,20,1098541141987.5573,0.6564825640122136,8.234722311170375e-15,3.4148040295179523e-44,8.234722311170375e-15,3.0223830957950557e-12
BaF2_LWIR,"BaF$_2$, 9.2 $\mu$m",BaF2,LWIR,1,9.2,2000.0,4.57,,2146614181828.7034,1.411930517389365,,10.6,1.0,0.9708312143110066,"{'atomic_density_m3': 5.038950896902158e+28, 'binding_energy_ev_per_atom': 6.013333333333334, 'threshold_fluence_jm2': 73645.55267377541, 'threshold_fluence_jcm2': 7.364555267377542, 'F0_jcm2': 4.57, 'F0_over_Fth': 0.620539847157307}",,,,component_scaling,21,1389495494373.136,0.5837175993448724,3.745734611644435e-11,7.207165455054744e-37,3.745734611644435e-11,1.2373013708360912e-08
BaF2_LWIR,"BaF$_2$, 9.2 $\mu$m",BaF2,LWIR,1,9.2,2000.0,4.57,,2146614181828.7034,1.411930517389365,,10.6,1.0,0.9708312143110066,"{'atomic_density_m3': 5.038950896902158e+28, 'binding_energy_ev_per_atom': 6.013333333333334, 'threshold_fluence_jm2': 73645.55267377541, 'threshold_fluence_jcm2': 7.364555267377542, 'F0_jcm2': 4.57, 'F0_over_Fth': 0.620539847157307}",,,,component_scaling,22,1757510624854.7966,0.5190179518288032,8.038815220736547e-08,4.422220987405236e-30,8.038815220736547e-08,2.7282348937962072e-05
BaF2_LWIR,"BaF$_2$, 9.2 $\mu$m",BaF2,LWIR,1,9.2,2000.0,4.57,,2146614181828.7034,1.411930517389365,,10.6,1.0,0.9708312143110066,"{'atomic_density_m3': 5.038950896902158e+28, 'binding_energy_ev_per_atom': 6.013333333333334, 'threshold_fluence_jm2': 73645.55267377541, 'threshold_fluence_jcm2': 7.364555267377542, 'F0_jcm2': 4.57, 'F0_over_Fth': 0.620539847157307}",,,,component_scaling,23,2222996482526.191,0.4614896563387871,7.465260252122873e-05,4.5630262611080355e-24,7.465260252122873e-05,0.024738568076394518
BaF2_LWIR,"BaF$_2$, 9.2 $\mu$m",BaF2,LWIR,1,9.2,2000.0,4.57,,2146614181828.7034,1.411930517389365,,10.6,1.0,0.9708312143110066,"{'atomic_density_m3': 5.038950896902158e+28, 'binding_energy_ev_per_atom': 6.013333333333334, 'threshold_fluence_jm2': 73645.55267377541, 'threshold_fluence_jcm2': 7.364555267377542, 'F0_jcm2': 4.57, 'F0_over_Fth': 0.620539847157307}",,,,component_scaling,24,2811768697974.237,0.410337835439533,0.029022417024478556,1.096716532803085e-18,0.029022417024478556,10.85623134718795
BaF2_LWIR,"BaF$_2$, 9.2 $\mu$m",BaF2,LWIR,1,9.2,2000.0,4.57,,2146614181828.7034,1.411930517389365,,10.6,1.0,0.9708312143110066,"{'atomic_density_m3': 5.038950896902158e+28, 'binding_energy_ev_per_atom': 6.013333333333334, 'threshold_fluence_jm2': 73645.55267377541, 'threshold_fluence_jcm2': 7.364555267377542, 'F0_jcm2': 4.57, 'F0_over_Fth': 0.620539847157307}",,,,component_scaling,25,3556480306223.121,0.36485571644013953,7.485831106975318,1.1633295778234445e-13,7.485831106975384,3159.638495179317
BaF2_LWIR,"BaF$_2$, 9.2 $\mu$m",BaF2,LWIR,1,9.2,2000.0,4.57,,2146614181828.7034,1.411930517389365,,10.6,1.0,0.9708312143110066,"{'atomic_density_m3': 5.038950896902158e+28, 'binding_energy_ev_per_atom': 6.013333333333334, 'threshold_fluence_jm2': 73645.55267377541, 'threshold_fluence_jcm2': 7.364555267377542, 'F0_jcm2': 4.57, 'F0_over_Fth': 0.620539847157307}",,,,component_scaling,26,4498432668969.453,0.32441486580552814,1288.5508679277054,4.34013128414564e-09,1288.5508679290745,544703.5721642118
BaF2_LWIR,"BaF$_2$, 9.2 $\mu$m",BaF2,LWIR,1,9.2,2000.0,4.57,,2146614181828.7034,1.411930517389365,,10.6,1.0,0.9708312143110066,"{'atomic_density_m3': 5.038950896902158e+28, 'binding_energy_ev_per_atom': 6.013333333333334, 'threshold_fluence_jm2': 73645.55267377541, 'threshold_fluence_jcm2': 7.364555267377542, 'F0_jcm2': 4.57, 'F0_over_Fth': 0.620539847157307}",,,,component_scaling,27,5689866029018.305,0.2884565059922425,131493.3859365623,5.6509568876102045e-05,131493.38595938505,55570823.23165928
BaF2_LWIR,"BaF$_2$, 9.2 $\mu$m",BaF2,LWIR,1,9.2,2000.0,4.57,,2146614181828.7034,1.411930517389365,,10.6,1.0,0.9708312143110066,"{'atomic_density_m3': 5.038950896902158e+28, 'binding_energy_ev_per_atom': 6.013333333333334, 'threshold_fluence_jm2': 73645.55267377541, 'threshold_fluence_jcm2': 7.364555267377542, 'F0_jcm2': 4.57, 'F0_over_Fth': 0.620539847157307}",,,,component_scaling,28,7196856730011.528,0.2564837947319329,8177219.775649278,0.32667314548264653,8177219.896964531,3773187498.2116337
BaF2_LWIR,"BaF$_2$, 9.2 $\mu$m",BaF2,LWIR,1,9.2,2000.0,4.57,,2146614181828.7034,1.411930517389365,,10.6,1.0,0.9708312143110066,"{'atomic_density_m3': 5.038950896902158e+28, 'binding_energy_ev_per_atom': 6.013333333333334, 'threshold_fluence_jm2': 73645.55267377541, 'threshold_fluence_jcm2': 7.364555267377542, 'F0_jcm2': 4.57, 'F0_over_Fth': 0.620539847157307}",,,,component_scaling,29,9102981779915.227,0.22805496008421255,324137230.4334125,733.8608807044207,324137466.3842983,160068718785.7018
BaF2_LWIR,"BaF$_2$, 9.2 $\mu$m",BaF2,LWIR,1,9.2,2000.0,4.57,,2146614181828.7034,1.411930517389365,,10.6,1.0,0.9708312143110066,"{'atomic_density_m3': 5.038950896902158e+28, 'binding_energy_ev_per_atom': 6.013333333333334, 'threshold_fluence_jm2': 73645.55267377541, 'threshold_fluence_jcm2': 7.364555267377542, 'F0_jcm2': 4.57, 'F0_over_Fth': 0.620539847157307}",,,,component_scaling,30,11513953993264.48,0.20277719640482425,8910100108.894178,819383.6956248467,8910513898.204231,4786512377298.502
BaF2_LWIR,"BaF$_2$, 9.2 $\mu$m",BaF2,LWIR,1,9.2,2000.0,4.57,,2146614181828.7034,1.411930517389365,,10.6,1.0,0.9708312143110066,"{'atomic_density_m3': 5.038950896902158e+28, 'binding_energy_ev_per_atom': 6.013333333333334, 'threshold_fluence_jm2': 73645.55267377541, 'threshold_fluence_jcm2': 7.364555267377542, 'F0_jcm2': 4.57, 'F0_over_Fth': 0.620539847157307}",,,,component_scaling,31,14563484775012.443,0.18030123688876157,195304728262.40472,512142322.8926492,195471621189.6577,107371839246073.48
BaF2_LWIR,"BaF$_2$, 9.2 $\mu$m",BaF2,LWIR,1,9.2,2000.0,4.57,,2146614181828.7034,1.411930517389365,,10.6,1.0,0.9708312143110066,"{'atomic_density_m3': 5.038950896902158e+28, 'binding_energy_ev_per_atom': 6.013333333333334, 'threshold_fluence_jm2': 73645.55267377541, 'threshold_fluence_jcm2': 7.364555267377542, 'F0_jcm2': 4.57, 'F0_over_Fth': 0.620539847157307}",,,,component_scaling,32,18420699693267.164,0.16031652769632582,2841510433547.93,170656925221.67206,2906403957784.0815,1887040191751458.8
BaF2_LWIR,"BaF$_2$, 9.2 $\mu$m",BaF2,LWIR,1,9.2,2000.0,4.57,,2146614181828.7034,1.411930517389365,,10.6,1.0,0.9708312143110066,"{'atomic_density_m3': 5.038950896902158e+28, 'binding_energy_ev_per_atom': 6.013333333333334, 'threshold_fluence_jm2': 73645.55267377541, 'threshold_fluence_jcm2': 7.364555267377542, 'F0_jcm2': 4.57, 'F0_over_Fth': 0.620539847157307}",,,,component_scaling,33,23299518105153.72,0.14254693698226548,34704031920453.47,2.0105403041614607e+20,2.0105403099413178e+20,1.2348918057879507e+23
BaF2_LWIR,"BaF$_2$, 9.2 $\mu$m",BaF2,LWIR,1,9.2,2000.0,4.57,,2146614181828.7034,1.411930517389365,,10.6,1.0,0.9708312143110066,"{'atomic_density_m3': 5.038950896902158e+28, 'binding_energy_ev_per_atom': 6.013333333333334, 'threshold_fluence_jm2': 73645.55267377541, 'threshold_fluence_jcm2': 7.364555267377542, 'F0_jcm2': 4.57, 'F0_over_Fth': 0.620539847157307}",,,,component_scaling,34,29470517025518.098,0.12674693953898333,310513621972329.5,3.685269526480183e+20,3.685272582018826e+20,4.342065313230837e+23
BaF2_LWIR,"BaF$_2$, 9.2 $\mu$m",BaF2,LWIR,1,9.2,2000.0,4.57,,2146614181828.7034,1.411930517389365,,10.6,1.0,0.9708312143110066,"{'atomic_density_m3': 5.038950896902158e+28, 'binding_energy_ev_per_atom': 6.013333333333334, 'threshold_fluence_jm2': 73645.55267377541, 'threshold_fluence_jcm2': 7.364555267377542, 'F0_jcm2': 4.57, 'F0_over_Fth': 0.620539847157307}",,,,component_scaling,35,37275937203149.38,0.11269822433643277,2392287870973870.0,4.661339506459902e+20,4.661363429338611e+20,6.933753092407411e+23
BaF2_LWIR,"BaF$_2$, 9.2 $\mu$m",BaF2,LWIR,1,9.2,2000.0,4.57,,2146614181828.7034,1.411930517389365,,10.6,1.0,0.9708312143110066,"{'atomic_density_m3': 5.038950896902158e+28, 'binding_energy_ev_per_atom': 6.013333333333334, 'threshold_fluence_jm2': 73645.55267377541, 'threshold_fluence_jcm2': 7.364555267377542, 'F0_jcm2': 4.57, 'F0_over_Fth': 0.620539847157307}",,,,component_scaling,36,47148663634573.9,0.10020667808455082,1.464750441514467e+16,5.895919928107465e+20,5.896051592725797e+20,9.863765884406833e+23
BaF2_LWIR,"BaF$_2$, 9.2 $\mu$m",BaF2,LWIR,1,9.2,2000.0,4.57,,2146614181828.7034,1.411930517389365,,10.6,1.0,0.9708312143110066,"{'atomic_density_m3': 5.038950896902158e+28, 'binding_energy_ev_per_atom': 6.013333333333334, 'threshold_fluence_jm2': 73645.55267377541, 'threshold_fluence_jcm2': 7.364555267377542, 'F0_jcm2': 4.57, 'F0_over_Fth': 0.620539847157307}",,,,component_scaling,37,59636233165946.37,0.08909970313964075,7.527371616368822e+16,7.457485185383929e+20,7.458237922545566e+20,1.339815082767727e+24
BaF2_LWIR,"BaF$_2$, 9.2 $\mu$m",BaF2,LWIR,1,9.2,2000.0,4.57,,2146614181828.7034,1.411930517389365,,10.6,1.0,0.9708312143110066,"{'atomic_density_m3': 5.038950896902158e+28, 'binding_energy_ev_per_atom': 6.013333333333334, 'threshold_fluence_jm2': 73645.55267377541, 'threshold_fluence_jcm2': 7.364555267377542, 'F0_jcm2': 4.57, 'F0_over_Fth': 0.620539847157307}",,,,component_scaling,38,75431200633546.08,0.07922383269579766,3.510630989705221e+17,9.432639092732055e+20,9.43614972372176e+20,1.776375000555105e+24
BaF2_LWIR,"BaF$_2$, 9.2 $\mu$m",BaF2,LWIR,1,9.2,2000.0,4.57,,2146614181828.7034,1.411930517389365,,10.6,1.0,0.9708312143110066,"{'atomic_density_m3': 5.038950896902158e+28, 'binding_energy_ev_per_atom': 6.013333333333334, 'threshold_fluence_jm2': 73645.55267377541, 'threshold_fluence_jcm2': 7.364555267377542, 'F0_jcm2': 4.57, 'F0_over_Fth': 0.620539847157307}",,,,component_scaling,39,95409547634999.64,0.0704426103101047,1.3864534831165356e+18,1.193092279517628e+21,1.1944787330007446e+21,2.3217524532832547e+24
BaF2_LWIR,"BaF$_2$, 9.2 $\mu$m",BaF2,LWIR,1,9.2,2000.0,4.57,,2146614181828.7034,1.411930517389365,,10.6,1.0,0.9708312143110066,"{'atomic_density_m3': 5.038950896902158e+28, 'binding_energy_ev_per_atom': 6.013333333333334, 'threshold_fluence_jm2': 73645.55267377541, 'threshold_fluence_jcm2': 7.364555267377542, 'F0_jcm2': 4.57, 'F0_over_Fth': 0.620539847157307}",,,,component_scaling,40,120679264063932.64,0.06263470446266986,4.819664188304905e+18,1.509088995881779e+21,1.5139086600700837e+21,3.008012252070349e+24
BaF2_LWIR,"BaF$_2$, 9.2 $\mu$m",BaF2,LWIR,1,9.2,2000.0,4.57,,2146614181828.7034,1.411930517389365,,10.6,1.0,0.9708312143110066,"{'atomic_density_m3': 5.038950896902158e+28, 'binding_energy_ev_per_atom': 6.013333333333334, 'threshold_fluence_jm2': 73645.55267377541, 'threshold_fluence_jcm2': 7.364555267377542, 'F0_jcm2': 4.57, 'F0_over_Fth': 0.620539847157307}",,,,component_scaling,41,152641796717523.66,0.05569223210008201,1.5194622414600677e+19,1.908779090481153e+21,1.9239737128957536e+21,3.8776642518415037e+24
BaF2_LWIR,"BaF$_2$, 9.2 $\mu$m",BaF2,LWIR,1,9.2,2000.0,4.57,,2146614181828.7034,1.411930517389365,,10.6,1.0,0.9708312143110066,"{'atomic_density_m3': 5.038950896902158e+28, 'binding_energy_ev_per_atom': 6.013333333333334, 'threshold_fluence_jm2': 73645.55267377541, 'threshold_fluence_jcm2': 7.364555267377542, 'F0_jcm2': 4.57, 'F0_over_Fth': 0.620539847157307}",,,,component_scaling,42,193069772888324.56,0.04951926799843014,4.353125834226068e+19,2.414329191383414e+21,2.4565175611995597e+21,4.989471938296866e+24
BaF2_LWIR,"BaF$_2$, 9.2 $\mu$m",BaF2,LWIR,1,9.2,2000.0,4.57,,2146614181828.7034,1.411930517389365,,10.6,1.0,0.9708312143110066,"{'atomic_density_m3': 5.038950896902158e+28, 'binding_energy_ev_per_atom': 6.013333333333334, 'threshold_fluence_jm2': 73645.55267377541, 'threshold_fluence_jcm2': 7.364555267377542, 'F0_jcm2': 4.57, 'F0_over_Fth': 0.620539847157307}",,,,component_scaling,43,244205309454865.47,0.04403051934951494,1.1466373489007539e+20,3.053776873640782e+21,3.1684406085308577e+21,6.431715375572684e+24
BaF2_LWIR,"BaF$_2$, 9.2 $\mu$m",BaF2,LWIR,1,9.2,2000.0,4.57,,2146614181828.7034,1.411930517389365,,10.6,1.0,0.9708312143110066,"{'atomic_density_m3': 5.038950896902158e+28, 'binding_energy_ev_per_atom': 6.013333333333334, 'threshold_fluence_jm2': 73645.55267377541, 'threshold_fluence_jcm2': 7.364555267377542, 'F0_jcm2': 4.57, 'F0_over_Fth': 0.620539847157307}",,,,component_scaling,44,308884359647748.5,0.03915014725681068,2.7939086927457888e+20,3.8625856102743917e+21,4.1406654595925153e+21,8.340197304972976e+24
BaF2_LWIR,"BaF$_2$, 9.2 $\mu$m",BaF2,LWIR,1,9.2,2000.0,4.57,,2146614181828.7034,1.411930517389365,,10.6,1.0,0.9708312143110066,"{'atomic_density_m3': 5.038950896902158e+28, 'binding_energy_ev_per_atom': 6.013333333333334, 'threshold_fluence_jm2': 73645.55267377541, 'threshold_fluence_jcm2': 7.364555267377542, 'F0_jcm2': 4.57, 'F0_over_Fth': 0.620539847157307}",,,,component_scaling,45,390693993705462.06,0.03481071885759727,6.398201154221288e+20,4.88561156011421e+21,5.525431675536338e+21,1.0931472679337797e+25
BaF2_LWIR,"BaF$_2$, 9.2 $\mu$m",BaF2,LWIR,1,9.2,2000.0,4.57,,2146614181828.7034,1.411930517389365,,10.6,1.0,0.9708312143110066,"{'atomic_density_m3': 5.038950896902158e+28, 'binding_energy_ev_per_atom': 6.013333333333334, 'threshold_fluence_jm2': 73645.55267377541, 'threshold_fluence_jcm2': 7.364555267377542, 'F0_jcm2': 4.57, 'F0_over_Fth': 0.620539847157307}",,,,component_scaling,46,494171336132383.8,0.030952275592574487,1.3855638678048326e+21,6.179591269648386e+21,7.565155137453218e+21,1.45636100890803e+25
BaF2_LWIR,"BaF$_2$, 9.2 $\mu$m",BaF2,LWIR,1,9.2,2000.0,4.57,,2146614181828.7034,1.411930517389365,,10.6,1.0,0.9708312143110066,"{'atomic_density_m3': 5.038950896902158e+28, 'binding_energy_ev_per_atom': 6.013333333333334, 'threshold_fluence_jm2': 73645.55267377541, 'threshold_fluence_jcm2': 7.364555267377542, 'F0_jcm2': 4.57, 'F0_over_Fth': 0.620539847157307}",,,,component_scaling,47,625055192527397.6,0.027521504749092363,2.8066424320622424e+21,7.816288255677441e+21,1.0618583142984925e+22,1.9816122412099327e+25
BaF2_LWIR,"BaF$_2$, 9.2 $\mu$m",BaF2,LWIR,1,9.2,2000.0,4.57,,2146614181828.7034,1.411930517389365,,10.6,1.0,0.9708312143110066,"{'atomic_density_m3': 5.038950896902158e+28, 'binding_energy_ev_per_atom': 6.013333333333334, 'threshold_fluence_jm2': 73645.55267377541, 'threshold_fluence_jcm2': 7.364555267377542, 'F0_jcm2': 4.57, 'F0_over_Fth': 0.620539847157307}",,,,component_scaling,48,790604321090770.1,0.02447100283108177,5.489825392505189e+21,9.88647297680216e+21,1.5359900816770903e+22,2.7610742916772745e+25
BaF2_LWIR,"BaF$_2$, 9.2 $\mu$m",BaF2,LWIR,1,9.2,2000.0,4.57,,2146614181828.7034,1.411930517389365,,10.6,1.0,0.9708312143110066,"{'atomic_density_m3': 5.038950896902158e+28, 'binding_energy_ev_per_atom': 6.013333333333334, 'threshold_fluence_jm2': 73645.55267377541, 'threshold_fluence_jcm2': 7.364555267377542, 'F0_jcm2': 4.57, 'F0_over_Fth': 0.620539847157307}",,,,component_scaling,49,1000000000000000.0,0.02175862057755257,1.026418749309825e+22,1.2504956921118212e+22,2.2762188956818618e+22,3.94641373223809e+25
