short,name,material,region,mat_flag,wavelength_um,tau_fs,F0_jcm2,reference_I0_wcm2,I0_wcm2,n0,n2_m2_per_w,Eg_eV,mred_over_me,transmission_factor,dataset,point_index,I_wcm2,gamma_nacl_reference,Wpi_peak_cm3_fs,Wav_peak_cm3_fs,Wtotal_peak_cm3_fs,ne_max_cm3
NaCl_NIR,"NaCl, 0.8 $\mu$m",NaCl,NIR,1,0.8,100.0,0.3922889852754974,,3685308967910.6084,1.5355957101938091,,8.5,1.0,0.9553815824783185,component_scaling,0,10000000000.0,104.50390283626732,3.897778327679583e-05,9.376528522960759e-31,3.897778327679583e-05,0.0016945620537639494
NaCl_NIR,"NaCl, 0.8 $\mu$m",NaCl,NIR,1,0.8,100.0,0.3922889852754974,,3685308967910.6084,1.5355957101938091,,8.5,1.0,0.9553815824783185,component_scaling,1,12648552168.552958,92.92062063756633,0.0001596073838647765,1.9886377425384849e-29,0.0001596073838647765,0.006938953718008215
NaCl_NIR,"NaCl, 0.8 $\mu$m",NaCl,NIR,1,0.8,100.0,0.3922889852754974,,3685308967910.6084,1.5355957101938091,,8.5,1.0,0.9553815824783185,component_scaling,2,15998587196.060574,82.62123715320291,0.000653561443257112,4.217593991172768e-28,0.000653561443257112,0.028413732260048348
NaCl_NIR,"NaCl, 0.8 $\mu$m",NaCl,NIR,1,0.8,100.0,0.3922889852754974,,3685308967910.6084,1.5355957101938091,,8.5,1.0,0.9553815824783185,component_scaling,3,20235896477.251556,73.46344419449613,0.002676189320620108,8.944749073303404e-27,0.002676189320620108,0.11634822653761438
NaCl_NIR,"NaCl, 0.8 $\mu$m",NaCl,NIR,1,0.8,100.0,0.3922889852754974,,3685308967910.6084,1.5355957101938091,,8.5,1.0,0.9553815824783185,component_scaling,4,25595479226.99533,65.32070710718752,0.010958305554576584,1.8969869517454482e-25,0.010958305554576584,0.4764174922467432
NaCl_NIR,"NaCl, 0.8 $\mu$m",NaCl,NIR,1,0.8,100.0,0.3922889852754974,,3685308967910.6084,1.5355957101938091,,8.5,1.0,0.9553815824783185,component_scaling,5,32374575428.1764,58.0805164223793,0.04487093550654467,4.0230145690929445e-24,0.04487093550654467,1.9507931822164446
NaCl_NIR,"NaCl, 0.8 $\mu$m",NaCl,NIR,1,0.8,100.0,0.3922889852754974,,3685308967910.6084,1.5355957101938091,,8.5,1.0,0.9553815824783185,component_scaling,6,40949150623.80419,51.64283329564703,0.1837302652833862,8.546877011939643e-23,0.1837302652833862,7.999626638040985
NaCl_NIR,"NaCl, 0.8 $\mu$m",NaCl,NIR,1,0.8,100.0,0.3922889852754974,,3685308967910.6084,1.5355957101938091,,8.5,1.0,0.9553815824783185,component_scaling,7,51794746792.31202,45.91870725471651,0.7522955843888282,1.80927322652858e-21,0.7522955843888282,32.72400513402844
NaCl_NIR,"NaCl, 0.8 $\mu$m",NaCl,NIR,1,0.8,100.0,0.3922889852754974,,3685308967910.6084,1.5355957101938091,,8.5,1.0,0.9553815824783185,component_scaling,8,65512855685.954956,40.82904715690884,3.0802537697648535,3.843805042205667e-20,3.0802537697648535,134.12297195160332
NaCl_NIR,"NaCl, 0.8 $\mu$m",NaCl,NIR,1,0.8,100.0,0.3922889852754974,,3685308967910.6084,1.5355957101938091,,8.5,1.0,0.9553815824783185,component_scaling,9,82864277285.4686,36.3035283744809,12.611654166105158,8.150428923690777e-19,12.611654166105158,549.1537632945682
NaCl_NIR,"NaCl, 0.8 $\mu$m",NaCl,NIR,1,0.8,100.0,0.3922889852754974,,3685308967910.6084,1.5355957101938091,,8.5,1.0,0.9553815824783185,component_scaling,10,104811313415.46873,32.27962110827089,51.634726857068024,1.7225424778973484e-17,51.634726857068024,2244.9866723878554
NaCl_NIR,"NaCl, 0.8 $\mu$m",NaCl,NIR,1,0.8,100.0,0.3922889852754974,,3685308967910.6084,1.5355957101938091,,8.5,1.0,0.9553815824783185,component_scaling,11,132571136559.0111,28.701726403705976,211.39359338988555,3.651818123773135e-16,211.39359338988555,9191.050568684426
NaCl_NIR,"NaCl, 0.8 $\mu$m",NaCl,NIR,1,0.8,100.0,0.3922889852754974,,3685308967910.6084,1.5355957101938091,,8.5,1.0,0.9553815824783185,component_scaling,12,167683293681.101,25.5204079313718,865.3993977721258,7.741245592779051e-15,865.3993977721258,37626.81898429534
NaCl_NIR,"NaCl, 0.8 $\mu$m",NaCl,NIR,1,0.8,100.0,0.3922889852754974,,3685308967910.6084,1.5355957101938091,,8.5,1.0,0.9553815824783185,component_scaling,13,212095088792.01926,22.691708917535,3542.4971398081852,1.6407968202628625e-13,3542.4971398081852,154028.5444736464
NaCl_NIR,"NaCl, 0.8 $\mu$m",NaCl,NIR,1,0.8,100.0,0.3922889852754974,,3685308967910.6084,1.5355957101938091,,8.5,1.0,0.9553815824783185,component_scaling,14,268269579527.97272,20.17654478654171,14499.803810718102,3.4771537565013655e-12,14499.803810718104,630475.1565420455
NaCl_NIR,"NaCl, 0.8 $\mu$m",NaCl,NIR,1,0.8,100.0,0.3922889852754974,,3685308967910.6084,1.5355957101938091,,8.5,1.0,0.9553815824783185,component_scaling,15,339322177189.53296,17.940163123137133,59342.21283122905,7.367113470166826e-11,59342.21283122907,2580403.6147608412
NaCl_NIR,"NaCl, 0.8 $\mu$m",NaCl,NIR,1,0.8,100.0,0.3922889852754974,,3685308967910.6084,1.5355957101938091,,8.5,1.0,0.9553815824783185,component_scaling,16,429193426012.8778,15.951663492921329,242829.12791537071,1.5604489738220754e-09,242829.12791537127,10559601.807619514
NaCl_NIR,"NaCl, 0.8 $\mu$m",NaCl,NIR,1,0.8,100.0,0.3922889852754974,,3685308967910.6084,1.5355957101938091,,8.5,1.0,0.9553815824783185,component_scaling,17,542867543932.3859,14.183570486225504,993473.0050119767,3.30406229756172e-08,993473.0050119886,43204778.34166686
NaCl_NIR,"NaCl, 0.8 $\mu$m",NaCl,NIR,1,0.8,100.0,0.3922889852754974,,3685308967910.6084,1.5355957101938091,,8.5,1.0,0.9553815824783185,component_scaling,18,686648845004.2998,12.611454086089488,4063570.6602698877,6.992820855751443e-07,4063570.660270141,176734037.76559713
NaCl_NIR,"NaCl, 0.8 $\mu$m",NaCl,NIR,1,0.8,100.0,0.3922889852754974,,3685308967910.6084,1.5355957101938091,,8.5,1.0,0.9553815824783185,component_scaling,19,868511373751.352,11.2135921149054,16616184.11940611,1.4791574863292219e-05,16616184.119411469,722751833.4430884
NaCl_NIR,"NaCl, 0.8 $\mu$m",NaCl,NIR,1,0.8,100.0,0.3922889852754974,,3685308967910.6084,1.5355957101938091,,8.5,1.0,0.9553815824783185,component_scaling,20,1098541141987.5573,9.9706700957002,67918365.29833747,0.0003126538812501652,67918365.29845074,2954638256.3274837
NaCl_NIR,"NaCl, 0.8 $\mu$m",NaCl,NIR,1,0.8,100.0,0.3922889852754974,,3685308967910.6084,1.5355957101938091,,8.5,1.0,0.9553815824783185,component_scaling,21,1389495494373.136,8.865514380993597,277480889.1563491,0.0066026452631580785,277480889.15874124,12073263909.497328
NaCl_NIR,"NaCl, 0.8 $\mu$m",NaCl,NIR,1,0.8,100.0,0.3922889852754974,,3685308967910.6084,1.5355957101938091,,8.5,1.0,0.9553815824783185,component_scaling,22,1757510624854.7966,7.882854861831084,1132954170.5653877,0.13927450620442333,1132954170.6158493,49305854451.40595
NaCl_NIR,"NaCl, 0.8 $\mu$m",NaCl,NIR,1,0.8,100.0,0.3922889852754974,,3685308967910.6084,1.5355957101938091,,8.5,1.0,0.9553815824783185,component_scaling,23,2222996482526.191,7.009113978305902,4622243249.116607,2.9335234867577604,4622243250.179569,201214435499.11017
NaCl_NIR,"NaCl, 0.8 $\mu$m",NaCl,NIR,1,0.8,100.0,0.3922889852754974,,3685308967910.6084,1.5355957101938091,,8.5,1.0,0.9553815824783185,component_scaling,24,2811768697974.237,6.232219116295041,18839165519.30402,61.673451923430015,18839165541.653942,820391555021.2085
NaCl_NIR,"NaCl, 0.8 $\mu$m",NaCl,NIR,1,0.8,100.0,0.3922889852754974,,3685308967910.6084,1.5355957101938091,,8.5,1.0,0.9553815824783185,component_scaling,25,3556480306223.121,5.541435798266365,76686477815.1666,1293.520937961932,76686478283.99532,3340983455571.8804
NaCl_NIR,"NaCl, 0.8 $\mu$m",NaCl,NIR,1,0.8,100.0,0.3922889852754974,,3685308967910.6084,1.5355957101938091,,8.5,1.0,0.9553815824783185,component_scaling,26,4498432668969.453,4.92721936332736,311649649650.7295,27047.19281977214,311649659455.6465,13585464221740.107
NaCl_NIR,"NaCl, 0.8 $\mu$m",NaCl,NIR,1,0.8,100.0,0.3922889852754974,,3685308967910.6084,1.5355957101938091,,8.5,1.0,0.9553815824783185,component_scaling,27,5689866029018.305,4.38108308715646,1263847279240.1323,563319.6551093291,1263847483499.2156,55135379188069.664
NaCl_NIR,"NaCl, 0.8 $\mu$m",NaCl,NIR,1,0.8,100.0,0.3922889852754974,,3685308967910.6084,1.5355957101938091,,8.5,1.0,0.9553815824783185,component_scaling,28,7196856730011.528,3.8954809196087252,5111078981852.224,11671851.925342524,5111083215386.333,223193483861617.78
NaCl_NIR,"NaCl, 0.8 $\mu$m",NaCl,NIR,1,0.8,100.0,0.3922889852754974,,3685308967910.6084,1.5355957101938091,,8.5,1.0,0.9553815824783185,component_scaling,29,9102981779915.227,3.463703219763589,20592213033918.566,240171857.26342642,20592300183601.707,900452288994232.9
NaCl_NIR,"NaCl, 0.8 $\mu$m",NaCl,NIR,1,0.8,100.0,0.3922889852754974,,3685308967910.6084,1.5355957101938091,,8.5,1.0,0.9553815824783185,component_scaling,30,11513953993264.48,3.079784047769305,82532508379940.47,4895228440.4463415,82534285647542.89,3615998127738183.0
NaCl_NIR,"NaCl, 0.8 $\mu$m",NaCl,NIR,1,0.8,100.0,0.3922889852754974,,3685308967910.6084,1.5355957101938091,,8.5,1.0,0.9553815824783185,component_scaling,31,14563484775012.443,2.7384187325211067,328250629677980.5,98422007270.54022,328286385907476.7,1.4426657937889934e+16
NaCl_NIR,"NaCl, 0.8 $\mu$m",NaCl,NIR,1,0.8,100.0,0.3922889852754974,,3685308967910.6084,1.5355957101938091,,8.5,1.0,0.9553815824783185,component_scaling,32,18420699693267.164,2.4348905761928354,1289704477799522.0,1938727029554.3323,1290409022356108.0,5.703238980877203e+16
NaCl_NIR,"NaCl, 0.8 $\mu$m",NaCl,NIR,1,0.8,100.0,0.3922889852754974,,3685308967910.6084,1.5355957101938091,,8.5,1.0,0.9553815824783185,component_scaling,33,23299518105153.72,2.165005682887097,4954844976799765.0,36956931173742.7,4968236086477742.0,2.2276055179683338e+17
NaCl_NIR,"NaCl, 0.8 $\mu$m",NaCl,NIR,1,0.8,100.0,0.3922889852754974,,3685308967910.6084,1.5355957101938091,,8.5,1.0,0.9553815824783185,component_scaling,34,29470517025518.098,1.9250350109212506,1.8116046711754744e+16,666605115411878.0,1.8352884210002724e+16,8.631754349338418e+17
NaCl_NIR,"NaCl, 0.8 $\mu$m",NaCl,NIR,1,0.8,100.0,0.3922889852754974,,3685308967910.6084,1.5355957101938091,,8.5,1.0,0.9553815824783185,component_scaling,35,37275937203149.38,1.7116628480766125,5.6324658678545864e+16,1.0678366679492044e+16,5.9976687155047384e+16,3.42984636305044e+18
NaCl_NIR,"NaCl, 0.8 $\mu$m",NaCl,NIR,1,0.8,100.0,0.3922889852754974,,3685308967910.6084,1.5355957101938091,,8.5,1.0,0.9553815824783185,component_scaling,36,47148663634573.9,1.5219409978853586,7.311109863840813e+16,2.1171886600228748e+16,8.707997547751346e+16,4.850978111190316e+18
NaCl_NIR,"NaCl, 0.8 $\mu$m",NaCl,NIR,1,0.8,100.0,0.3922889852754974,,3685308967910.6084,1.5355957101938091,,8.5,1.0,0.9553815824783185,component_scaling,37,59636233165946.37,1.3532480439399042,9.855910443419254e+16,1.614445490174862e+17,2.0338365326455747e+17,1.764595841107861e+19
NaCl_NIR,"NaCl, 0.8 $\mu$m",NaCl,NIR,1,0.8,100.0,0.3922889852754974,,3685308967910.6084,1.5355957101938091,,8.5,1.0,0.9553815824783185,component_scaling,38,75431200633546.08,1.2032531293733633,4.3618067256274106e+17,6.618024832855895e+20,6.619962233408018e+20,2.7896940028827133e+22
NaCl_NIR,"NaCl, 0.8 $\mu$m",NaCl,NIR,1,0.8,100.0,0.3922889852754974,,3685308967910.6084,1.5355957101938091,,8.5,1.0,0.9553815824783185,component_scaling,39,95409547634999.64,1.0698837510465184,1.890558144186797e+18,9.784381822255173e+20,9.803222702084821e+20,5.8967229429490446e+22
NaCl_NIR,"NaCl, 0.8 $\mu$m",NaCl,NIR,1,0.8,100.0,0.3922889852754974,,3685308967910.6084,1.5355957101938091,,8.5,1.0,0.9553815824783185,component_scaling,40,120679264063932.64,0.9512971234485725,7.559318155454855e+18,1.2421198262119091e+21,1.249679144367364e+21,9.186786101127647e+22
NaCl_NIR,"NaCl, 0.8 $\mu$m",NaCl,NIR,1,0.8,100.0,0.3922889852754974,,3685308967910.6084,1.5355957101938091,,8.5,1.0,0.9553815824783185,component_scaling,41,152641796717523.66,0.8458547166421794,1.2922742101074287e+19,1.5714637839088615e+21,1.5772182555752763e+21,1.3047376976838157e+23
NaCl_NIR,"NaCl, 0.8 $\mu$m",NaCl,NIR,1,0.8,100.0,0.3922889852754974,,3685308967910.6084,1.5355957101938091,,8.5,1.0,0.9553815824783185,component_scaling,42,193069772888324.56,0.7520996164396613,2.5398508654984483e+19,1.9877903797166596e+21,2.013188888371644e+21,1.7791397423412206e+23
NaCl_NIR,"NaCl, 0.8 $\mu$m",NaCl,NIR,1,0.8,100.0,0.3922889852754974,,3685308967910.6084,1.5355957101938091,,8.5,1.0,0.9553815824783185,component_scaling,43,244205309454865.47,0.668736393992316,1.006314915246437e+20,2.514323608899901e+21,2.6149551004245447e+21,2.3923496237673986e+23
NaCl_NIR,"NaCl, 0.8 $\mu$m",NaCl,NIR,1,0.8,100.0,0.3922889852754974,,3685308967910.6084,1.5355957101938091,,8.5,1.0,0.9553815824783185,component_scaling,44,308884359647748.5,0.5946132066479058,1.1955081000741854e+20,3.180286476183218e+21,3.299837286190636e+21,3.1435753679436e+23
NaCl_NIR,"NaCl, 0.8 $\mu$m",NaCl,NIR,1,0.8,100.0,0.3922889852754974,,3685308967910.6084,1.5355957101938091,,8.5,1.0,0.9553815824783185,component_scaling,45,390693993705462.06,0.5287058827609848,4.477279515844314e+20,4.022623216174831e+21,4.4703511677592624e+21,4.204639672044718e+23
NaCl_NIR,"NaCl, 0.8 $\mu$m",NaCl,NIR,1,0.8,100.0,0.3922889852754974,,3685308967910.6084,1.5355957101938091,,8.5,1.0,0.9553815824783185,component_scaling,46,494171336132383.8,0.4701037705534734,7.10697114084902e+20,5.088049084265055e+21,5.798746198349958e+21,5.5090790891623425e+23
NaCl_NIR,"NaCl, 0.8 $\mu$m",NaCl,NIR,1,0.8,100.0,0.3922889852754974,,3685308967910.6084,1.5355957101938091,,8.5,1.0,0.9553815824783185,component_scaling,47,625055192527397.6,0.4179971554969447,1.1980455478521032e+21,6.435654895564059e+21,7.573793936836004e+21,7.311356126199727e+23
NaCl_NIR,"NaCl, 0.8 $\mu$m",NaCl,NIR,1,0.8,100.0,0.3922889852754974,,3685308967910.6084,1.5355957101938091,,8.5,1.0,0.9553815824783185,component_scaling,48,790604321090770.1,0.37166607236064003,2.5460282883466965e+21,8.140178486959237e+21,1.018235433916147e+22,9.871783225156036e+23
NaCl_NIR,"NaCl, 0.8 $\mu$m",NaCl,NIR,1,0.8,100.0,0.3922889852754974,,3685308967910.6084,1.5355957101938091,,8.5,1.0,0.9553815824783185,component_scaling,49,1000000000000000.0,0.33047035733953506,4.6778937115685463e+21,1.0296151985442213e+22,1.4268294425563583e+22,1.3532275351121002e+24
NaCl_LWIR,"NaCl, 9.2 $\mu$m",NaCl,LWIR,1,9.2,2000.0,2.63,,1235360021490.0415,1.4997611259883368,,8.5,1.0,0.9600305729511427,component_scaling,0,10000000000.0,8.98063965468467,2.7165478196069125e-125,3.0419568176291314e-267,2.7165478196069125e-125,7.273683812346546e-123
NaCl_LWIR,"NaCl, 9.2 $\mu$m",NaCl,LWIR,1,9.2,2000.0,2.63,,1235360021490.0415,1.4997611259883368,,8.5,1.0,0.9600305729511427,component_scaling,1,12648552168.552958,7.9852195735032065,8.702815776000305e-119,3.951964935103526e-254,8.702815776000305e-119,2.3311525497240806e-116
NaCl_LWIR,"NaCl, 9.2 $\mu$m",NaCl,LWIR,1,9.2,2000.0,2.63,,1235360021490.0415,1.4997611259883368,,8.5,1.0,0.9600305729511427,component_scaling,2,15998587196.060574,7.100132517152822,2.7502971424059236e-112,4.997007251531534e-241,2.7502971424059236e-112,7.370671073243492e-110
NaCl_LWIR,"NaCl, 9.2 $\mu$m",NaCl,LWIR,1,9.2,2000.0,2.63,,1235360021490.0415,1.4997611259883368,,8.5,1.0,0.9600305729511427,component_scaling,3,20235896477.251556,6.313149099670231,8.540923001207768e-106,6.10314794364241e-228,8.540923001207768e-106,2.2904431107056044e-103
NaCl_LWIR,"NaCl, 9.2 $\mu$m",NaCl,LWIR,1,9.2,2000.0,2.63,,1235360021490.0415,1.4997611259883368,,8.5,1.0,0.9600305729511427,component_scaling,4,25595479226.99533,5.6133954483781086,2.5859883702321755e-99,7.091099826043737e-215,2.5859883702321755e-99,6.94218002045265e-97
NaCl_LWIR,"NaCl, 9.2 $\mu$m",NaCl,LWIR,1,9.2,2000.0,2.63,,1235360021490.0415,1.4997611259883368,,8.5,1.0,0.9600305729511427,component_scaling,5,32374575428.1764,4.99120295788959,7.4535598140228925e-93,7.485988149318603e-202,7.4535598140228925e-93,2.00576773177104e-90
NaCl_LWIR,"NaCl, 9.2 $\mu$m",NaCl,LWIR,1,9.2,2000.0,2.63,,1235360021490.0415,1.4997611259883368,,8.5,1.0,0.9600305729511427,component_scaling,6,40949150623.80419,4.437974697478994,1.8093815419532283e-86,5.704512825074628e-189,1.8093815419532283e-86,4.9250400240330175e-84
NaCl_LWIR,"NaCl, 9.2 $\mu$m",NaCl,LWIR,1,9.2,2000.0,2.63,,1235360021490.0415,1.4997611259883368,,8.5,1.0,0.9600305729511427,component_scaling,7,51794746792.31202,3.946066625948544,7.191604753399675e-82,1.1528244930817002e-179,7.191604753399675e-82,2.0085664622278463e-79
NaCl_LWIR,"NaCl, 9.2 $\mu$m",NaCl,LWIR,1,9.2,2000.0,2.63,,1235360021490.0415,1.4997611259883368,,8.5,1.0,0.9600305729511427,component_scaling,8,65512855685.954956,3.508681972718396,2.2679323034760345e-75,1.3923234322726917e-166,2.2679323034760345e-75,6.080008399397304e-73
NaCl_LWIR,"NaCl, 9.2 $\mu$m",NaCl,LWIR,1,9.2,2000.0,2.63,,1235360021490.0415,1.4997611259883368,,8.5,1.0,0.9600305729511427,component_scaling,9,82864277285.4686,3.1197773257869876,6.708413062651389e-69,1.554367167912877e-153,6.708413062651389e-69,1.8065531183135107e-66
NaCl_LWIR,"NaCl, 9.2 $\mu$m",NaCl,LWIR,1,9.2,2000.0,2.63,,1235360021490.0415,1.4997611259883368,,8.5,1.0,0.9600305729511427,component_scaling,10,104811313415.46873,2.773979128964446,4.4846909325332644e-64,1.7120271380388789e-143,4.4846909325332644e-64,1.7248485955270427e-61
NaCl_LWIR,"NaCl, 9.2 $\mu$m",NaCl,LWIR,1,9.2,2000.0,2.63,,1235360021490.0415,1.4997611259883368,,8.5,1.0,0.9600305729511427,component_scaling,11,132571136559.0111,2.4665094346082,1.3411919752796257e-57,9.915360726267931e-131,1.3411919752796257e-57,3.607164283191543e-55
NaCl_LWIR,"NaCl, 9.2 $\mu$m",NaCl,LWIR,1,9.2,2000.0,2.63,,1235360021490.0415,1.4997611259883368,,8.5,1.0,0.9600305729511427,component_scaling,12,167683293681.101,2.1931198859749013,1.320652753184458e-52,1.2376692798667445e-120,1.320652753184458e-52,3.6184557457786115e-50
NaCl_LWIR,"NaCl, 9.2 $\mu$m",NaCl,LWIR,1,9.2,2000.0,2.63,,1235360021490.0415,1.4997611259883368,,8.5,1.0,0.9600305729511427,component_scaling,13,212095088792.01926,1.9500330170123956,6.488012875525044e-47,3.7544982181970926e-109,6.488012875525044e-47,1.7765051107616956e-44
NaCl_LWIR,"NaCl, 9.2 $\mu$m",NaCl,LWIR,1,9.2,2000.0,2.63,,1235360021490.0415,1.4997611259883368,,8.5,1.0,0.9600305729511427,component_scaling,14,268269579527.97272,1.7338900585218546,1.106981014860746e-41,1.464894528596136e-98,1.106981014860746e-41,3.112670762134144e-39
NaCl_LWIR,"NaCl, 9.2 $\mu$m",NaCl,LWIR,1,9.2,2000.0,2.63,,1235360021490.0415,1.4997611259883368,,8.5,1.0,0.9600305729511427,component_scaling,15,339322177189.53296,1.5417045295196714,4.908978430981934e-37,4.293451582422275e-89,4.908978430981934e-37,1.5109251464125561e-34
NaCl_LWIR,"NaCl, 9.2 $\mu$m",NaCl,LWIR,1,9.2,2000.0,2.63,,1235360021490.0415,1.4997611259883368,,8.5,1.0,0.9600305729511427,component_scaling,16,429193426012.8778,1.3708209725637066,9.544375627199724e-32,1.699225614389843e-78,9.544375627199724e-32,2.6268852910265157e-29
NaCl_LWIR,"NaCl, 9.2 $\mu$m",NaCl,LWIR,1,9.2,2000.0,2.63,,1235360021490.0415,1.4997611259883368,,8.5,1.0,0.9600305729511427,component_scaling,17,542867543932.3859,1.218878262883465,2.1508771321611355e-27,1.0723387582860654e-69,2.1508771321611355e-27,5.906070885538537e-25
NaCl_LWIR,"NaCl, 9.2 $\mu$m",NaCl,LWIR,1,9.2,2000.0,2.63,,1235360021490.0415,1.4997611259883368,,8.5,1.0,0.9600305729511427,component_scaling,18,686648845004.2998,1.0837769843507186,5.462589054363534e-23,1.0021078804935392e-60,5.462589054363534e-23,1.5997857370546096e-20
NaCl_LWIR,"NaCl, 9.2 $\mu$m",NaCl,LWIR,1,9.2,2000.0,2.63,,1235360021490.0415,1.4997611259883368,,8.5,1.0,0.9600305729511427,component_scaling,19,868511373751.352,0.963650421519279,3.5370953130313e-19,5.062398470010892e-53,3.5370953130313e-19,1.0217960583771072e-16
NaCl_LWIR,"NaCl, 9.2 $\mu$m",NaCl,LWIR,1,9.2,2000.0,2.63,,1235360021490.0415,1.4997611259883368,,8.5,1.0,0.9600305729511427,component_scaling,20,1098541141987.5573,0.856838766926402,2.532455510617786e-15,3.747915565228394e-45,2.532455510617786e-15,7.816708408414375e-13
NaCl_LWIR,"NaCl, 9.2 $\mu$m",NaCl,LWIR,1,9.2,2000.0,2.63,,1235360021490.0415,1.4997611259883368,,8.5,1.0,0.9600305729511427,component_scaling,21,1389495494373.136,0.761866187274084,6.875586668495079e-12,3.3673249826667547e-38,6.875586668495079e-12,2.0854816351165453e-09
NaCl_LWIR,"NaCl, 9.2 $\mu$m",NaCl,LWIR,1,9.2,2000.0,2.63,,1235360021490.0415,1.4997611259883368,,8.5,1.0,0.9600305729511427,component_scaling,22,1757510624854.7966,0.6774204316100992,6.959283695579887e-09,5.806373292621888e-32,6.959283695579887e-09,2.454397135226907e-06
NaCl_LWIR,"NaCl, 9.2 $\mu$m",NaCl,LWIR,1,9.2,2000.0,2.63,,1235360021490.0415,1.4997611259883368,,8.5,1.0,0.9600305729511427,component_scaling,23,2222996482526.191,0.6023346997518408,7.4133414742774805e-06,7.532086490991724e-26,7.4133414742774805e-06,0.002491142710984194
NaCl_LWIR,"NaCl, 9.2 $\mu$m",NaCl,LWIR,1,9.2,2000.0,2.63,,1235360021490.0415,1.4997611259883368,,8.5,1.0,0.9600305729511427,component_scaling,24,2811768697974.237,0.5355715204261191,0.0029709132810199265,2.0704590849520666e-20,0.0029709132810199265,1.166840289751316
NaCl_LWIR,"NaCl, 9.2 $\mu$m",NaCl,LWIR,1,9.2,2000.0,2.63,,1235360021490.0415,1.4997611259883368,,8.5,1.0,0.9600305729511427,component_scaling,25,3556480306223.121,0.476208416366717,0.979154376220331,2.3703047489846857e-15,0.9791543762203322,352.61283264178417
NaCl_LWIR,"NaCl, 9.2 $\mu$m",NaCl,LWIR,1,9.2,2000.0,2.63,,1235360021490.0415,1.4997611259883368,,8.5,1.0,0.9600305729511427,component_scaling,26,4498432668969.453,0.4234251583020434,184.29559701939453,1.2429956005182633e-10,184.29559701943384,71916.19283974287
NaCl_LWIR,"NaCl, 9.2 $\mu$m",NaCl,LWIR,1,9.2,2000.0,2.63,,1235360021490.0415,1.4997611259883368,,8.5,1.0,0.9600305729511427,component_scaling,27,5689866029018.305,0.3764924317193183,17560.635750497564,1.532835976160411e-06,17560.635751173286,7148707.108973859
NaCl_LWIR,"NaCl, 9.2 $\mu$m",NaCl,LWIR,1,9.2,2000.0,2.63,,1235360021490.0415,1.4997611259883368,,8.5,1.0,0.9600305729511427,component_scaling,28,7196856730011.528,0.33476175981213896,1267766.377801141,0.011319849652025255,1267766.3814199339,548419742.7515681
NaCl_LWIR,"NaCl, 9.2 $\mu$m",NaCl,LWIR,1,9.2,2000.0,2.63,,1235360021490.0415,1.4997611259883368,,8.5,1.0,0.9600305729511427,component_scaling,29,9102981779915.227,0.29765654337526476,50644929.2408962,27.95694247659291,50644942.88897645,24411830889.499847
NaCl_LWIR,"NaCl, 9.2 $\mu$m",NaCl,LWIR,1,9.2,2000.0,2.63,,1235360021490.0415,1.4997611259883368,,8.5,1.0,0.9600305729511427,component_scaling,30,11513953993264.48,0.2646640938434276,1699230329.9450176,42839.09439018279,1699244209.4254847,854130556587.37
NaCl_LWIR,"NaCl, 9.2 $\mu$m",NaCl,LWIR,1,9.2,2000.0,2.63,,1235360021490.0415,1.4997611259883368,,8.5,1.0,0.9600305729511427,component_scaling,31,14563484775012.443,0.2353285493934266,37304489877.137115,28828045.704873268,37318681725.4048,19854315601516.48
NaCl_LWIR,"NaCl, 9.2 $\mu$m",NaCl,LWIR,1,9.2,2000.0,2.63,,1235360021490.0415,1.4997611259883368,,8.5,1.0,0.9600305729511427,component_scaling,32,18420699693267.164,0.2092445762301869,622299205013.7302,11726292647.3625,627980632601.5327,367192785161973.3
NaCl_LWIR,"NaCl, 9.2 $\mu$m",NaCl,LWIR,1,9.2,2000.0,2.63,,1235360021490.0415,1.4997611259883368,,8.5,1.0,0.9600305729511427,component_scaling,33,23299518105153.72,0.1860517680264658,8197120160056.359,5913234852705.824,9400442999675.639,1.3579957755499528e+16
NaCl_LWIR,"NaCl, 9.2 $\mu$m",NaCl,LWIR,1,9.2,2000.0,2.63,,1235360021490.0415,1.4997611259883368,,8.5,1.0,0.9600305729511427,component_scaling,34,29470517025518.098,0.16542966613239285,83565211814139.95,3.093292618824902e+20,3.093293364515002e+20,3.1026700915839796e+23
NaCl_LWIR,"NaCl, 9.2 $\mu$m",NaCl,LWIR,1,9.2,2000.0,2.63,,1235360021490.0415,1.4997611259883368,,8.5,1.0,0.9600305729511427,component_scaling,35,37275937203149.38,0.14709333174830147,648612766857917.4,3.9296918148290734e+20,3.929697376690107e+20,5.4786695897087415e+23
NaCl_LWIR,"NaCl, 9.2 $\mu$m",NaCl,LWIR,1,9.2,2000.0,2.63,,1235360021490.0415,1.4997611259883368,,8.5,1.0,0.9600305729511427,component_scaling,36,47148663634573.9,0.1307894088808732,4293469812893541.0,4.97049156296416e+20,4.970530107735341e+20,8.022094744282363e+23
NaCl_LWIR,"NaCl, 9.2 $\mu$m",NaCl,LWIR,1,9.2,2000.0,2.63,,1235360021490.0415,1.4997611259883368,,8.5,1.0,0.9600305729511427,component_scaling,37,59636233165946.37,0.11629262368384531,2.402697920039614e+16,6.286952268301031e+20,6.287192538093037e+20,1.1042157299564413e+24
NaCl_LWIR,"NaCl, 9.2 $\mu$m",NaCl,LWIR,1,9.2,2000.0,2.63,,1235360021490.0415,1.4997611259883368,,8.5,1.0,0.9600305729511427,component_scaling,38,75431200633546.08,0.10340267181412591,1.163807095154549e+17,7.952084411240546e+20,7.9532482183357e+20,1.4747862381809275e+24
NaCl_LWIR,"NaCl, 9.2 $\mu$m",NaCl,LWIR,1,9.2,2000.0,2.63,,1235360021490.0415,1.4997611259883368,,8.5,1.0,0.9600305729511427,component_scaling,39,95409547634999.64,0.09194145079543074,4.7394745968922694e+17,1.0058235472645521e+21,1.0062900724912651e+21,1.9360248304862423e+24
NaCl_LWIR,"NaCl, 9.2 $\mu$m",NaCl,LWIR,1,9.2,2000.0,2.63,,1235360021490.0415,1.4997611259883368,,8.5,1.0,0.9600305729511427,component_scaling,40,120679264063932.64,0.08175059914857874,1.73432422307534e+18,1.2722211622613853e+21,1.2738624765775719e+21,2.5145177985238644e+24
NaCl_LWIR,"NaCl, 9.2 $\mu$m",NaCl,LWIR,1,9.2,2000.0,2.63,,1235360021490.0415,1.4997611259883368,,8.5,1.0,0.9600305729511427,component_scaling,41,152641796717523.66,0.07268930828622198,5.73591468813694e+18,1.6091755749367732e+21,1.6148955355323504e+21,3.244158870690665e+24
NaCl_LWIR,"NaCl, 9.2 $\mu$m",NaCl,LWIR,1,9.2,2000.0,2.63,,1235360021490.0415,1.4997611259883368,,8.5,1.0,0.9600305729511427,component_scaling,42,193069772888324.56,0.06463237693862578,1.680792820798751e+19,2.0353741214019656e+21,2.0512859967677735e+21,4.1697904545312246e+24
NaCl_LWIR,"NaCl, 9.2 $\mu$m",NaCl,LWIR,1,9.2,2000.0,2.63,,1235360021490.0415,1.4997611259883368,,8.5,1.0,0.9600305729511427,component_scaling,43,244205309454865.47,0.05746848122818622,4.597109765887311e+19,2.574453576151839e+21,2.6189927215072244e+21,5.353517425378716e+24
NaCl_LWIR,"NaCl, 9.2 $\mu$m",NaCl,LWIR,1,9.2,2000.0,2.63,,1235360021490.0415,1.4997611259883368,,8.5,1.0,0.9600305729511427,component_scaling,44,308884359647748.5,0.05109863649004488,1.1593150040332054e+20,3.256311036679918e+21,3.3722425370832384e+21,6.885113634446647e+24
NaCl_LWIR,"NaCl, 9.2 $\mu$m",NaCl,LWIR,1,9.2,2000.0,2.63,,1235360021490.0415,1.4997611259883368,,8.5,1.0,0.9600305729511427,component_scaling,45,390693993705462.06,0.04543482958552784,2.6903069384503905e+20,4.118762002700403e+21,4.3792735645958495e+21,8.898610905392019e+24
NaCl_LWIR,"NaCl, 9.2 $\mu$m",NaCl,LWIR,1,9.2,2000.0,2.63,,1235360021490.0415,1.4997611259883368,,8.5,1.0,0.9600305729511427,component_scaling,46,494171336132383.8,0.04039880281087599,5.967961973289444e+20,5.209637606293583e+21,5.803536119724022e+21,1.16022386401066e+25
NaCl_LWIR,"NaCl, 9.2 $\mu$m",NaCl,LWIR,1,9.2,2000.0,2.63,,1235360021490.0415,1.4997611259883368,,8.5,1.0,0.9600305729511427,component_scaling,47,625055192527397.6,0.03592097259834108,1.231182748156762e+21,6.589437304392652e+21,7.820620052549415e+21,1.5322798954147748e+25
NaCl_LWIR,"NaCl, 9.2 $\mu$m",NaCl,LWIR,1,9.2,2000.0,2.63,,1235360021490.0415,1.4997611259883368,,8.5,1.0,0.9600305729511427,component_scaling,48,790604321090770.1,0.03193946806917251,2.4466879586933303e+21,8.334684150711787e+21,1.0781372109405116e+22,2.0568123013397485e+25
NaCl_LWIR,"NaCl, 9.2 $\mu$m",NaCl,LWIR,1,9.2,2000.0,2.63,,1235360021490.0415,1.4997611259883368,,8.5,1.0,0.9600305729511427,component_scaling,49,1000000000000000.0,0.028399276154031605,4.700399614998337e+21,1.054216872894894e+22,1.5242568343947278e+22,2.814686585006717e+25
