"File name","Profile","Profile","Profile","Profile","Profile","Profile"
"","Laser+Optical","3D","2 Points1","2 Points1","2 Points2","2 Points2"
"","","","Profile graph","Measured values","Profile graph","Measured values"
"2 inch wafer 85nm In 6nm Au","","","","","",""
"5x 2 inch wafer 85nm In 6nm Au","","","","","",""
"20x 2 inch wafer 85nm In 6nm Au(different area)","","","","","",""
"20x sapphire 10x10mm thickness","","","","","",""
"Timepix 7-21-25","","","","","",""
"7-21-25","","","","","",""
"1 inch wafer 44nm in 6nm au 210C 50kg 20kgshear","","","","","",""
"LIDT upper corner 20x 1","","","","","",""
